chunk_id,document,document_type,page,chunk_number_on_page,academic_year,text
MHSSCE_00001,Anti-ragging committee and squid.pdf,anti_ragging,2,1,2025-26,"In view of the directions of the Hon'ble Supreme Court to prohibit, prevent and 
eliminate the scourge ot ragging including any conduct by any sttudent or studerts, 
AICTE New Delhi has, through its Notification Dated 1.7.2009 and through previous 
APHs has made it mandatory to have an Anti Ragging squad at every Institution to be 
Known as Anti Ragging squad 
Sr NO Name 
1..A=e MH.Saboo Siddik College of Engineering it is constituted as under: 
2 
3 
4 
5 
5 
9 
10 
11 
12 
13 
M.H.SABOO SIDDIK COLLEGE OF ENGINEERING 
OFFICE ORDER 
CC 
Dr Mohd. Shafi Pathan 
Dr. lqbal Shaikh 
7 
Mr. Amol Sankpal 
ANTI RAGGING SQUAD (2025-26] 
Dr. Anup Chauhan 
Er. Doulat Chainani 
Mr. Anand Bali 
Mrs. Tarnnum Shaikh 
Mr. Srinidhi Gindi 
Er. Pradeep Yadav 
Dr Adil Khatri 
Mr. Anees Nalband 
1.Hon. Director 
Anjuman Islam's 
Mrs. Farida Shaikh 
2.Registrar 
3.All concerned staff members 
4.website 
Chairman 
Deputy Chairman 
Representative from Automobile dept 
Representative from Civil Engg dept 
Representative from Comp Engg. dept 
Representative from Electronics Engg. Dept 
Representative from EXTC dept 
Representative from IT dept 
Representative from Mechanical Engg. Dept 
Representative from H&S dept 
Representative from Non Teaching Staff dept 
Representative from Non Teaching Staff dept 
PRINCIPAL"
MHSSCE_00002,BE SYLLABUS.pdf,syllabus,1,1,2019–2020,"AC – 
Item No. – 
 
 
 
University of Mumbai 
 
 
 
Bachelor of Engineering 
in 
 Computer Science and Engineering (Data Science)
 Computer Science and Engineering (Artificial Intelligence and 
Machine Learning)
 Artificial Intelligence and Data Science
 Artificial Intelligence and Machine Learning
 Data Engineering
 
Fourth Year with Effect from AY 2023-24 
(REV- 2019 ‘C’ Scheme) from Academic Year 2019 – 20 
Under 
FACULTY OF SCIENCE & TECHNOLOGY 
 
(As per AICTE guidelines with effect from the academic year 2019–2020)"
MHSSCE_00003,BE SYLLABUS.pdf,syllabus,2,1,2023-2024,"Sr. No. 
Heading 
Particulars 
1 
Title of the Course 
Fourth Year Engineering 
2 
Eligibility for Admission 
After Passing Second Year Engineering as per 
the Ordinance 0.6243 
3 
Passing Marks 
40% 
4 
Ordinances / 
Regulations ( if any) 
Ordinance 0.6243 
5 
No. of Years / Semesters 
8 semesters 
6 
Level 
P.G. / U.G./ Diploma / Certificate 
(Strike out which is not applicable) 
7 
Pattern 
Yearly / Semester 
(Strike out which is not applicable ) 
8 
Status 
New/ Revised 
(Strike out which is not applicable ) 
9 
To be implemented from 
Academic Year 
With effect from Academic Year:2023-2024 
 
 
Dr. S.K.Ukarande 
Dr. Anuradha Muzumdar 
Associate Dean 
Dean 
Faculty of Science and Technology 
Faculty of Science and Technology 
University of Mumbai 
University of Mumbai."
MHSSCE_00004,BE SYLLABUS.pdf,syllabus,3,1,,"Preamble 
 
To meet the challenge of ensuring excellence in engineering education, the issue of quality needs to be 
addressed, debated and taken forward in a systematic manner. Accreditation is the principal means of 
quality assurance in higher education. The major emphasis of accreditation process is to measure the 
outcomes of the program that is being accredited. In line with this Faculty of Science and Technology 
(in particular Engineering) of University of Mumbai has taken a lead in incorporating philosophy of 
outcome based education in the process of curriculum development. Faculty resolved that course objectives and course outcomes are to be clearly defined for each course, 
so that all faculty members in affiliated institutes understand the depth and approach of course to be 
taught, which will enhance learner’s learning process. Choice based Credit and grading system enables 
a much-required shift in focus from teacher-centric to learner-centric education since the workload 
estimated is based on the investment of time in learning and not in teaching. It also focuses on 
continuous evaluation which will enhance the quality of education. Credit assignment for courses is 
based on 15 weeks teaching learning process, however content of courses is to be taught in 13 weeks 
and remaining 2 weeks to be utilized for revision, guest lectures, coverage of content beyond syllabus 
etc."
MHSSCE_00005,BE SYLLABUS.pdf,syllabus,3,2,2021-22,"Credit assignment for courses is 
based on 15 weeks teaching learning process, however content of courses is to be taught in 13 weeks 
and remaining 2 weeks to be utilized for revision, guest lectures, coverage of content beyond syllabus 
etc.

There was a concern that the earlier revised curriculum more focused on providing information and 
knowledge across various domains of the said program, which led to heavily loading of students in 
terms of direct contact hours. In this regard, faculty of science and technology resolved that to minimize 
the burden of contact hours, total credits of entire program will be of 170, wherein focus is not only on 
providing knowledge but also on building skills, attitude and self learning. Therefore in the present 
curriculum skill based laboratories and mini projects are made mandatory across all disciplines of 
engineering in second and third year of programs, which will definitely facilitate self learning of 
students. The overall credits and approach of curriculum proposed in the present revision is in line with 
AICTE model curriculum. The present curriculum will be implemented for Second Year of Engineering from the academic year 
2021-22. Subsequently this will be carried forward for Third Year and Final Year Engineering in the 
academic years 2022-23, 2023-24, respectively. Dr. S.K. Ukarande 
Dr Anuradha Muzumdar 
Associate Dean 
Dean 
Faculty of Science and Technology 
Faculty of Science and Technology 
University of Mumbai 
University of Mumbai"
MHSSCE_00006,BE SYLLABUS.pdf,syllabus,4,1,,"Incorporation and Implementation of Online Contents 
fromNPTEL/ Swayam Platform 
 
 
 
 
The curriculum revision is mainly focused on knowledge component, skill based activities 
and project based activities. Self learning opportunities are provided to learners. In the revision 
process this time in particular Revised syllabus of ‘C’ scheme wherever possible additional 
resource links of platforms such as NPTEL, Swayam are appropriately provided. In an earlier 
revision of curriculum in the year 2012 and 2016 in Revised scheme ‘A' and ‘B' respectively, 
efforts were made to use online contents more appropriately as additional learning materials to 
enhance learning of students. In the current revision based on the recommendation of AICTE model curriculum overall credits 
are reduced to 171, to provide opportunity of self learning to learner. Learners are now getting 
sufficient time for self learning either through online courses or additional projects for enhancing 
their knowledge and skill sets. The Principals/ HoD’s/ Faculties of all the institute are required to motivate and encourage learners 
to use additional online resources available on platforms such as NPTEL/ Swayam. Learners can 
be advised to take up online courses, on successful completion they are required to submit 
certification for the same. This will definitely help learners to facilitate their enhanced learning 
based on their interest. Dr."
MHSSCE_00007,BE SYLLABUS.pdf,syllabus,4,2,,"Swayam. Learners can 
be advised to take up online courses, on successful completion they are required to submit 
certification for the same. This will definitely help learners to facilitate their enhanced learning 
based on their interest. Dr.

S.K.Ukarande 
Dr Anuradha Muzumdar 
Associate Dean 
Dean 
Faculty of Science and Technology 
Faculty of Science and Technology 
University of Mumbai 
University of Mumbai"
MHSSCE_00008,BE SYLLABUS.pdf,syllabus,5,1,2021-22,"Preface by Board of Studies in 
Computer Engineering 
Dear Students and Teachers, we, the members of Board of Studies Computer Engineering, are very happy to 
present Fourth Year Computer Engineering Specialization in Data Science, Data Engineering, Artificial 
Intelligence and Machine leaning syllabus effective from the Academic Year 2021-22 (REV-2019’C’ 
Scheme). We are sure you will find this syllabus interesting, challenging, fulfill certain needs and expectations. Emerging Programs in the field of Computer Engineering is one of the most sought-after courses amongst 
engineering students. The syllabus needs revision in terms of preparing the student for the professional 
scenario relevant and suitable to cater the needs of industry in present day context. The syllabus focuses on 
providing a sound theoretical background as well as good practical exposure to students in the relevant areas. It is intended to provide a modern, industry-oriented education in Computer Engineering. It aims at producing 
trained professionals who can successfully acquaint with the demands of the industry worldwide. They obtain 
skills and experience in up-to-date the knowledge to analysis, design, implementation, validation, and 
documentation of computer software and systems. The revised syllabus is finalized through a brain storming session attended by Heads of Departments or senior 
faculty from the Department of Computer Engineering of the affiliated Institutes of the Mumbai University."
MHSSCE_00009,BE SYLLABUS.pdf,syllabus,5,2,,"computer software and systems. The revised syllabus is finalized through a brain storming session attended by Heads of Departments or senior 
faculty from the Department of Computer Engineering of the affiliated Institutes of the Mumbai University.

The syllabus falls in line with the objectives of affiliating University, AICTE, UGC, and various accreditation 
agencies by keeping an eye on the technological developments, innovations, and industry requirements. The salient features of the revised syllabus are: 
1. Reduction in credits to 170 is implemented to ensure that students have more time for 
extracurricular activities, innovations, and research. 2. The department Optional Courses will provide the relevant specialization within the branch to a 
student. 3. Introduction of Skill Based Lab and Mini Project to showcase their talent by doing innovative 
projects that strengthen their profile and increases the chance of employability. 4. Students are encouraged to take up part of course through MOOCs platform SWAYAM 
We would like to place on record our gratefulness to the faculty, students, industry experts and stakeholders 
for having helped us in the formulation of this syllabus. Board of Studies in Computer Engineering 
Prof. Sunil Bhirud: Chairman 
Prof. SunitaPatil: Member 
Prof. Leena Ragha: Member 
Prof. Subhash Shinde: Member 
Prof.Meera Narvekar: Member 
Prof. Suprtim Biswas: Member 
Prof. Sudhir Sawarkar: Member 
Prof. Dayanand Ingle: Member 
Prof. Satish Ket: Member"
MHSSCE_00010,BE SYLLABUS.pdf,syllabus,6,1,2023-2024,"Program Structure for Fourth Year CSE (AIML), CSE (DS) AI&DS, DE, AI&ML 
UNIVERSITY OF MUMBAI (With Effect from 2023-2024) 
Semester VII 
Course 
Code 
Course Name 
Teaching Scheme 
(Contact Hours) 
Credits Assigned 
Theory 
Pract. Tut. Theory 
Pract. Total 
CSC701 
Deep Learning 
3 
-- 
3 
-- 
3 
CSC702 
Big Data Analytics 
3 
-- 
3 
3 
CSDO 
701X 
Department Level 
Optional Course-3 
3 
-- 
3 
-- 
3 
CSDO 
702X 
Department Level 
Optional Course-4 
3 
-- 
3 
-- 
3 
ILO 
701X 
Institute Level Optional 
Course-1 
3 
-- 
3 
-- 
3 
CSL701 
Deep Learning Lab 
-- 
2 
-- 
1 
1 
CSL702 
Big Data Analytics Lab 
-- 
2 
-- 
1 
1 
CSDOL 
701X 
Department Level 
Optional Course-3 Lab 
-- 
2 
-- 
1 
1 
CSDOL 
702X 
Department Level 
OptionalCourse-4 Lab 
-- 
2 
-- 
1 
1 
CSP701 
Major Project1 
-- 
6# 
-- 
3 
3 
Total 
15 
14 
15 
7 
22 
Course 
Code 
Course Name 
Examination Scheme 
Theory 
Term 
Work 
Pract. & oral 
Total 
Internal 
Assessment 
End 
Sem 
Exam 
Exam."
MHSSCE_00011,BE SYLLABUS.pdf,syllabus,6,2,,"Level 
OptionalCourse-4 Lab 
-- 
2 
-- 
1 
1 
CSP701 
Major Project1 
-- 
6# 
-- 
3 
3 
Total 
15 
14 
15 
7 
22 
Course 
Code 
Course Name 
Examination Scheme 
Theory 
Term 
Work 
Pract. & oral 
Total 
Internal 
Assessment 
End 
Sem 
Exam 
Exam.

Duration 
(in Hrs) 
Test 
1 
Test 
2 
Avg 
CSC701 
Deep Leaning 
20 
20 
20 
80 
3 
-- 
-- 
100 
CSC702 
Big Data Analytics 
20 
20 
20 
80 
3 
-- 
-- 
100 
CSDO 
701X 
Department Level 
Optional Course-3 
20 
20 
20 
80 
3 
-- 
-- 
100 
CSDO 
702X 
Department Level 
Optional Course-4 
20 
20 
20 
80 
3 
-- 
-- 
100 
ILO 
701X 
Institute Level Optional 
Course-1 
20 
20 
20 
80 
3 
-- 
-- 
100 
CSL701 
Deep Leaning Lab 
-- 
-- 
-- 
-- 
-- 
25 
25 
50 
CSL702 
Big Data Analytics Lab 
-- 
-- 
-- 
-- 
-- 
25 
25 
50 
CSDOL 
701X 
Department Level 
Optional Course-3 Lab 
25 
- 
25 
CSDOL 
702X 
Department Level 
OptionalCourse-4 Lab 
-- 
-- 
-- 
-- 
-- 
25 
- 
25 
CSP701 
Major Project1 
-- 
-- 
-- 
-- 
-- 
50 
25 
75 
Total 
-- 
-- 
100 
400 
-- 
150 
75 
725"
MHSSCE_00012,BE SYLLABUS.pdf,syllabus,7,1,2023-2024,"Program Structure for Fourth Year CSE (AIML), CSE (DS) AI&DS, DE, AI&ML 
UNIVERSITY OF MUMBAI (With Effect from 2023-2024) 
Semester VIII 
 
Course 
Code 
Course Name 
Teaching Scheme 
(Contact Hours) 
Credits Assigned 
Theory 
Pract. Tut. Theory 
Pract."
MHSSCE_00013,BE SYLLABUS.pdf,syllabus,7,2,2023-2024,"Structure for Fourth Year CSE (AIML), CSE (DS) AI&DS, DE, AI&ML 
UNIVERSITY OF MUMBAI (With Effect from 2023-2024) 
Semester VIII 
 
Course 
Code 
Course Name 
Teaching Scheme 
(Contact Hours) 
Credits Assigned 
Theory 
Pract. Tut. Theory 
Pract.

Total 
CSC801 
Advanced Artificial 
Intelligence 
3 
-- 
3 
-- 
3 
CSDO 
801X 
Department Level 
Optional Course-5 
3 
-- 
3 
-- 
3 
CSDO 
802X 
Department Level 
OptionalCourse-6 
3 
-- 
3 
-- 
3 
ILO 
801X 
Institute Level 
OptionalCourse-2 
3 
-- 
3 
-- 
3 
CSL801 
Advanced Artificial 
Intelligence Lab 
-- 
2 
-- 
1 
1 
CSDOL 
801X 
Department Level Optional 
Course-5 Lab 
-- 
2 
-- 
1 
1 
CSDOL 
802X 
Department Level Optional 
Course-6 Lab 
-- 
2 
-- 
1 
1 
CSP801 
Major Project-2 
-- 
12# 
-- 
6 
6 
Total 
12 
18 
12 
9 
21 
Course 
Code 
Course Name 
Examination Scheme 
Theory 
Term 
Work 
Pract 
& oral 
Total 
Internal Assessment 
End 
Sem 
Exam 
Exam 
Duration 
(in Hrs) 
Test 
1 
Test 
2 
Avg 
CSC801 Advanced Artificial 
Intelligence 
20 
20 
20 
80 
3 
-- 
-- 
100 
CSDO8 
01X 
Department Level Optional 
Course -5 
20 
20 
20 
80 
3 
-- 
-- 
100 
CSDO 
802X 
Department Level Optional 
Course -6 
20 
20 
20 
80 
3 
-- 
-- 
100 
ILO80X Institute Level Optional 
Course-2 
20 
20 
20 
80 
3 
-- 
-- 
100 
CSL801 Advanced Artificial 
Intelligence Lab 
-- 
-- 
-- 
-- 
-- 
25 
25 
50 
CSDOL 
801X 
Department Level Optional 
Course -5 Lab 
-- 
-- 
-- 
-- 
-- 
25 
25 
50 
CSDOL 
802X 
Department Level Optional 
Course -6 Lab 
25 
25 
50 
CSP801 
Major Project 2 
-- 
-- 
-- 
-- 
-- 
100 
50 
150 
Total 
-- 
-- 
80 
320 
-- 
175 
125 
700 
Major Project 1 and 2: 
 
Students can form groups with minimum 2 (Two) and not more than 4 (Four)
 
Faculty Load: In Semester VII – ½"
MHSSCE_00014,BE SYLLABUS.pdf,syllabus,7,3,,"25 
50 
CSP801 
Major Project 2 
-- 
-- 
-- 
-- 
-- 
100 
50 
150 
Total 
-- 
-- 
80 
320 
-- 
175 
125 
700 
Major Project 1 and 2: 
 
Students can form groups with minimum 2 (Two) and not more than 4 (Four)
 
Faculty Load: In Semester VII – ½

5 
25 
50 
CSP801 
Major Project 2 
-- 
-- 
-- 
-- 
-- 
100 
50 
150 
Total 
-- 
-- 
80 
320 
-- 
175 
125 
700 
Major Project 1 and 2: 
 
Students can form groups with minimum 2 (Two) and not more than 4 (Four)
 
Faculty Load: In Semester VII – ½ hour per week per project group 
In Semester VIII – 1 hour per week per project group"
MHSSCE_00015,BE SYLLABUS.pdf,syllabus,8,1,2023-2024,"Program Structure for Fourth Year CSE (AIML), CSE (DS) AI&DS, DE, AI&ML 
UNIVERSITY OF MUMBAI (With Effect from 2023-2024) 
Department and Institute Optional Courses and Labs 
 
Semester 
Department/ 
Institute Optional 
Courses and Labs 
Subject and Labs 
VII 
Department Optional 
Course -3 
CSDO7011: Natural Language Processing 
CSDO7012.: AI for Healthcare 
CSDO7013: Neural Network & Fuzzy System 
Department Optional 
Lab -3 
CSDOL7011: Natural Language Processing Lab 
CSDOL7012.: AI for Healthcare Lab 
CSDOL7013: Neural Network & Fuzzy System 
Department Optional 
Course -4 
CSDO7021: User Experience Design with VR 
CSDO7022: Blockchain Technologies 
CSDO7023: Game Theory for Data Science 
Department Optional 
Lab -4 
CSDOL7021: User Experience Design with VR Lab 
CSDOL7022: Blockchain Technologies Lab 
CSDOL7023: Game Theory for Data Science Lab 
Institute level 
Optional 
Courses-I 
ILO7011:Product Lifecycle Management 
ILO7012: Reliability Engineering 
ILO7013.: Management Information System 
ILO7014: Design of Experiments 
ILO7015: Operation Research 
ILO7016: Cyber Security and Laws 
ILO7017: Disaster Management & Mitigation Measures 
ILO7018: Energy Audit and Management 
ILO7019: Development Engineering"
MHSSCE_00016,BE SYLLABUS.pdf,syllabus,9,1,2023-2024,"Program Structure for Fourth Year CSE (AIML), CSE (DS) AI&DS, DE, AI&ML 
UNIVERSITY OF MUMBAI (With Effect from 2023-2024) 
Department and Institute Optional Courses and Labs 
 
Semester 
Department/ 
Institute Optional 
Courses and Labs 
Subject and Labs 
VIII 
Department Optional 
Course -5 
CSDO8011: AI for financial & Banking application 
CSDO8012: Quantum Computing 
CSDO8013: Reinforcement Learning 
Department Optional 
Lab -5 
CSDOL8011: AI for financial & Banking application Lab 
CSDOL8012: Quantum Computing Lab 
CSDOL8013: Reinforcement Learning Lab 
Department Optional 
Course -6 
CSDO8021: Graph Data Science 
CSDO8022: Recommendation Systems 
CSDO8023: Social Media Analytic 
Department Optional 
Lab -6 
CSDOL8021: Graph Data Science Lab 
CSDOL8022: Recommendation Systems Lab 
CSDOL8023: Social Media Analytic Lab 
Institute level 
Optional 
Courses-II 
ILO8021: Project Management 
ILO8022: Finance Management 
ILO8023: Entrepreneurship Development and Management 
ILO8024: Human Resource Management 
ILO8025: Professional Ethics and CSR 
ILO8026: Research Methodology 
ILO8027: IPR and Patenting 
ILO8028: Digital Business Management 
ILO8029: Environmental Management"
MHSSCE_00017,BE SYLLABUS.pdf,syllabus,10,1,,"Course Code: 
Course Title 
Credit 
CSC701 
Deep Learning 
3 
 
 
Prerequisite: Basic mathematics and Statistical concepts, Linear algebra, Machine 
Learning 
Course Objectives: 
1 
To learn the fundamentals of Neural Network. 2 
To gain an in-depth understanding of training Deep Neural Networks. 3 
To acquire knowledge of advanced concepts of Convolution Neural Networks, 
Autoencoders and Recurrent Neural Networks. 4 
Students should be familiar with the recent trends in Deep Learning. Course Outcomes: 
1 
Gain basic knowledge of Neural Networks. 2 
Acquire in depth understanding of training Deep Neural Networks. 3 
Design appropriate DNN model for supervised, unsupervised and sequence learning 
applications. 4 
Gain familiarity with recent trends and applications of Deep Learning."
MHSSCE_00018,BE SYLLABUS.pdf,syllabus,10,2,,"Networks. 2 
Acquire in depth understanding of training Deep Neural Networks. 3 
Design appropriate DNN model for supervised, unsupervised and sequence learning 
applications. 4 
Gain familiarity with recent trends and applications of Deep Learning.

Modul 
e 
Content 
39Hrs 
1 
Fundamentals of Neural Network 
4 
1.1 History of Deep Learning, Deep Learning Success Stories, Multilayer 
Perceptrons (MLPs), Representation Power of MLPs, Sigmoid Neurons,
Gradient Descent, Feedforward Neural Networks, Representation Power
of Feedforward Neural Networks 
1.2 Deep Networks: Three Classes of Deep Learning Basic Terminologies 
of Deep Learning 
2 
Training, Optimization and Regularization of 
Deep Neural 
Network 
10 
2.1 Training Feedforward DNN 
Multi Layered Feed Forward Neural Network, Learning Factors, 
Activation functions: Tanh, Logistic, Linear, Softmax, ReLU, Leaky 
ReLU, Loss functions: Squared Error loss, Cross Entropy, Choosing 
output function and loss function 
2.2 Optimization 
Learning with backpropagation, Learning Parameters: Gradient 
Descent (GD), Stochastic and Mini Batch GD, Momentum Based GD, 
Nesterov Accelerated GD, AdaGrad, Adam, RMSProp 
2.3 Regularization 
Overview of Overfitting, Types of biases, Bias Variance Tradeoff 
Regularization Methods: L1, L2 regularization, Parameter sharing, 
Dropout, Weight Decay, Batch normalization, Early stopping, Data 
Augmentation, Adding noise to input and output 
3 
Autoencoders: Unsupervised Learning 
6 
3.1 Introduction, Linear Autoencoder, Undercomplete Autoencoder, 
Overcomplete Autoencoders, Regularization in Autoencoders"
MHSSCE_00019,BE SYLLABUS.pdf,syllabus,11,1,,"3.2 Denoising 
Autoencoders, 
Sparse 
Autoencoders, 
Contractive 
Autoencoders 
3.3 Application of Autoencoders: Image Compression 
4 
Convolutional Neural Networks (CNN): Supervised Learning 
7 
4.1 Convolution operation, Padding, Stride, Relation between input, output
and filter size, CNN architecture: Convolution layer, Pooling Layer
Weight Sharing in CNN, Fully Connected NN vs CNN, Variants of 
basic Convolution function, Multichannel convolution operation,2D
convolution. 4.2 Modern Deep Learning Architectures: 
LeNET: Architecture, AlexNET: Architecture, ResNet: Architecture 
5 
Recurrent Neural Networks (RNN) 
8 
5.1 Sequence Learning Problem, Unfolding Computational graphs, 
Recurrent Neural Network, Bidirectional RNN, Backpropagation 
Through Time (BTT), Limitation of “ vanilla RNN” Vanishing and 
Exploding Gradients, Truncated BTT 
5.2 Long Short Term Memory(LSTM): Selective Read, Selective write, 
Selective Forget, Gated Recurrent Unit (GRU) 
6 
Recent Trends and Applications 
4 
6.1 Generative Adversarial Network (GAN): Architecture 
6.2 Applications: Image Generation, DeepFake 
 
 
Textbooks: 
1 
Ian Goodfellow, Yoshua Bengio, Aaron Courville. ―Deep Learningǁ, MIT Press Ltd, 2016 
2 
Li Deng and Dong Yu, ―Deep Learning Methods and Applicationsǁ, Publishers Inc. 3 
Satish Kumar ""Neural Networks A Classroom Approach"" Tata McGraw-Hill. 4 
JM Zurada ―Introduction to Artiﬁcial Neural Systemsǁ, Jaico Publishing House 
5 
M. J. Kochenderfer, Tim A. Wheeler."
MHSSCE_00020,BE SYLLABUS.pdf,syllabus,11,2,,"Learning Methods and Applicationsǁ, Publishers Inc. 3 
Satish Kumar ""Neural Networks A Classroom Approach"" Tata McGraw-Hill. 4 
JM Zurada ―Introduction to Artiﬁcial Neural Systemsǁ, Jaico Publishing House 
5 
M. J. Kochenderfer, Tim A. Wheeler.

―Algorithms for Optimizationǁ, MIT Press. References: 
1 
Deep Learning from Scratch: Building with Python from First Principles- Seth Weidman by 
O`Reilley 
2 
François Chollet. ―Deep learning with Python ―(Vol. 361). 2018 New York: Manning. 3 
Douwe Osinga. ―Deep Learning Cookbookǁ, O‘REILLY, SPD Publishers, Delhi. 4 
Simon Haykin, Neural Network- A Comprehensive Foundation- Prentice Hall 
International, Inc 
5 
S.N.Sivanandam and S.N.Deepa, Principles of soft computing-Wiley India 
 
Assessment: 
Internal Assessment: 
The assessment consists of two class tests of 20 marks each. The first class test is to be 
conducted when approx. 40% syllabus is completed and second class test when additional 40% 
syllabus is completed. Duration of each test shall be one hour. End Semester Theory Examination: 
1 
Question paper will comprise a total of six questions. 2 
All questions carry equal marks. 3 
Question 1 and question 6 will have questions from all modules. Remaining 4 questions 
will be based on the remaining 4 modules."
MHSSCE_00021,BE SYLLABUS.pdf,syllabus,12,1,,"4 
Only four questions need to be solved. 
5 
In question paper weightage of each module will be proportional to the number of 
respective lecture hours as mentioned in the syllabus. 
 
 
Useful Links 
1 http://www.cse.iitm.ac.in/~miteshk/CS6910.html 
2 https://nptel.ac.in/courses/106/106/106106184/ 
3 
https://www.deeplearningbook.org/"
MHSSCE_00022,BE SYLLABUS.pdf,syllabus,13,1,,"Course Code 
Course/Subject Name 
Credits 
CSC702 
Big Data Analytics 
3 
 
 
 
Prerequisite: Some prior knowledge about Java programming, Basics of SQL, Data mining and 
machine learning methods would be beneficial. Course Objectives: 
1 
To provide an overview of an exciting growing field of big data analytics. 2 
To introduce programming skills to build simple solutions using big data technologies such as 
MapReduce and scripting for NoSQL, and the ability to write parallel algorithms for 
multiprocessor execution 
3 
To teach the fundamental techniques and principles in achieving big data analytics with 
scalability and streaming capability. 4 
To enable students to have skills that will help them to solve complex real-world problems in 
decision support. 5 
To provide an indication of the current research approaches that is likely to provide a basis for 
tomorrow's solutions. Course Outcomes: 
1 
Understand the key issues in big data management and its associated applications for 
business decisions and strategy. 2 
Develop problem solving and critical thinking skills in fundamental enabling techniques like
Hadoop, Map reduce and NoSQL in big data analytics. 3 
Collect, manage, store, query and analyze various forms of Big Data. 4 
Interpret business models and scientific computing paradigms,and apply software tools for 
big data analytics."
MHSSCE_00023,BE SYLLABUS.pdf,syllabus,13,2,,"like
Hadoop, Map reduce and NoSQL in big data analytics. 3 
Collect, manage, store, query and analyze various forms of Big Data. 4 
Interpret business models and scientific computing paradigms,and apply software tools for 
big data analytics.

5 
Adapt adequate perspectives of big data analytics in various applications like recommender 
systems, social media applications etc. 6 
Solve Complex real world problems in various applications like recommender systems, 
social media applications, health and medical systems, etc."
MHSSCE_00024,BE SYLLABUS.pdf,syllabus,14,1,,"Module Detailed Contents 
Hours 
01 
Introduction to Big Data & Hadoop 
1.1 Introduction to Big Data, 1.2 Big Data characteristics, types of Big 
Data, 1.3 Traditional vs. Big Data business approach, 1.4 Case Study of 
Big Data Solutions. 1.5 Concept of Hadoop 1.6 Core Hadoop 
Components; Hadoop Ecosystem 
04 
02 
Hadoop HDFS and Map Reduce 
2.1 Distributed File Systems: Physical Organization of Compute Nodes, 
Large-Scale File-System Organization. 2.2 MapReduce: The Map Tasks, 
Grouping by Key, The Reduce Tasks, Combiners, Details of 
MapReduce Execution, Coping With Node Failures. 2.3 Algorithms 
Using MapReduce: Matrix-Vector Multiplication by MapReduce, 
Relational-Algebra Operations, Computing Selections by MapReduce, 
Computing Projections by MapReduce, Union, Intersection, and 
Difference by MapReduce 2.4 Hadoop Limitations s. 07 
03 
NoSQL 
3.1 Introduction to NoSQL, NoSQL Business Drivers, 3.2 NoSQL Data 
Architecture Patterns: Key-value stores, Graph stores, Column family 
(Bigtable)stores, Document stores, Variations of NoSQL architectural 
patterns, NoSQL Case Study 3.3 NoSQL solution for big data, 
Understanding the types of big data problems; Analyzing big data with a 
shared-nothing architecture; Choosing distribution models: master-slave 
versus peer-to-peer; NoSQL systems to handle big data problems."
MHSSCE_00025,BE SYLLABUS.pdf,syllabus,14,2,,"Study 3.3 NoSQL solution for big data, 
Understanding the types of big data problems; Analyzing big data with a 
shared-nothing architecture; Choosing distribution models: master-slave 
versus peer-to-peer; NoSQL systems to handle big data problems.

peer-to-peer; Four ways that NoSQL systems handle big data problems 
05 
04 
Mining Data Streams 
4.1 The Stream Data Model: A Data-Stream-Management System, 
Examples of Stream Sources, Stream Queries, Issues in Stream 
Processing. 4.2 Sampling Data techniques in a Stream 4.3 Filtering 
Streams: Bloom Filter with Analysis. 4.4 Counting Distinct Elements in 
a Stream, Count-Distinct Problem, Flajolet-Martin Algorithm, 
Combining Estimates, Space Requirements 4.5 Counting Frequent Items 
in a Stream, Sampling Methods for Streams, Frequent Itemsets in 
Decaying Windows. 4.6 Counting Ones in a Window: The Cost of Exact 
Counts, The Datar-Gionis-Indyk-Motwani Algorithm, Query Answering 
in the DGIM Algorithm, Decaying Windows. 09 
05 
Finding Similar Items and Clustering 
5.1 Distance Measures: Definition of a Distance Measure, Euclidean 
Distances, Jaccard Distance, Cosine Distance, Edit Distance, Hamming 
Distance. 5.2 CURE Algorithm, Stream-Computing, A 
Stream-Clustering Algorithm, Initializing & Merging Buckets, 
Answering Queries. 06 
06 
Real-Time Big Data Models 
6.1 PageRank Overview, Efficient computation of PageRank: PageRank 
Iteration Using MapReduce, Use of Combiners to Consolidate the 
Result Vector. 6.2 A Model for Recommendation Systems, 
Content-Based Recommendations, Collaborative Filtering. 6.3 Social 
08"
MHSSCE_00026,BE SYLLABUS.pdf,syllabus,15,1,,"Networks as Graphs, Clustering of Social-Network Graphs, Direct 
Discovery of Communities in a social graph. Textbooks: 
1 
Anand Rajaraman and Jeff Ullman ―Mining of Massive Datasetsǁ, Cambridge University 
Press, 
2 
Alex Holmes ―Hadoop in Practiceǁ, Manning Press, Dreamtech Press. 3 
Dan Mcary and Ann Kelly ―Making Sense of NoSQLǁ – A guide for managers and the rest 
of us, Manning Press. References: 
1 
Bill Franks, ―Taming The Big Data Tidal Wave: Finding Opportunities In Huge Data 
Streams With Advanced Analyticsǁ, Wiley 
2 
Chuck Lam, ―Hadoop in Actionǁ, Dreamtech Press 
3 
Jared Dean, ―Big Data, Data Mining, and Machine Learning: Value Creation for Business 
Leaders and Practitionersǁ, Wiley India Private Limited, 2014. 4 
Jiawei Han and Micheline Kamber, ―Data Mining: Concepts and Techniquesǁ, Morgan 
Kaufmann Publishers, 3rd ed, 2010. 5 
Lior Rokach and Oded Maimon, ―Data Mining and Knowledge Discovery Handbookǁ, 
Springer, 2nd edition, 2010. 6 
Ronen Feldman and James Sanger, ―The Text Mining Handbook: Advanced Approaches in 
Analyzing Unstructured Dataǁ, Cambridge University Press, 2006. 7 
Vojislav Kecman, ―Learning and Soft Computingǁ, MIT Press, 2010 
 
 
 
 
Assessment: 
Internal Assessment: 
The assessment consists of two class tests of 20 marks each. The first class test is to be 
conducted when approx. 40% syllabus is completed and second class test when additional 40% 
syllabus is completed. Duration of each test shall be one hour."
MHSSCE_00027,BE SYLLABUS.pdf,syllabus,15,2,,"The assessment consists of two class tests of 20 marks each. The first class test is to be 
conducted when approx. 40% syllabus is completed and second class test when additional 40% 
syllabus is completed. Duration of each test shall be one hour.

End Semester Theory Examination: 
1 
Question paper will comprise a total of six questions. 2 
All questions carry equal marks."
MHSSCE_00028,BE SYLLABUS.pdf,syllabus,16,1,,"3 
Question 1 and question 6 will have questions from all modules. Remaining 4 questions 
will be based on the remaining 4 modules. 
4 
Only four questions need to be solved. 
5 
In question paper weightage of each module will be proportional to the number of 
respective lecture hours as mentioned in the syllabus."
MHSSCE_00029,BE SYLLABUS.pdf,syllabus,17,1,,"Course Code: 
Course Title 
Credit 
CSDO7011 
Natural Language Processing 
3 
 
 
Prerequisite: Artificial Intelligence and Machine Learning, Basic knowledge of Python 
Course Objectives: 
1 To understand natural language processing and to learn how to apply basic algorithms in this field 
2 To get acquainted with the basic concepts and algorithmic description of the main language levels: 
morphology, syntax, semantics, and pragmatics 
3 To design and implement various language models and POS tagging techniques 
4 To design and learn NLP applications such as Information Extraction, Question answering 
5 To design and implement applications based on natural language processing 
Course Outcomes: 
1 To have a broad understanding of the field of natural language processing 
2 To design language model for word level analysis for text processing 
3 To design various POS tagging techniques 
4 To design, implement and test algorithms for semantic analysis 
5 To develop basic understanding of Pragmatics and to formulate the discourse segmentation and 
anaphora resolution 
6 To apply NLP techniques to design real world NLP applications 
 
Module 
Content 
Hrs 
1 
Introduction 
4 
1.1 
Origin & History of NLP, The need of NLP, Generic NLP System, Levels 
of NLP, Knowledge in Language Processing, Ambiguity in Natural 
Language, Challenges of NLP, Applications of NLP."
MHSSCE_00030,BE SYLLABUS.pdf,syllabus,17,2,,"applications 
 
Module 
Content 
Hrs 
1 
Introduction 
4 
1.1 
Origin & History of NLP, The need of NLP, Generic NLP System, Levels 
of NLP, Knowledge in Language Processing, Ambiguity in Natural 
Language, Challenges of NLP, Applications of NLP.

2 
Word Level Analysis 
8 
2.1 
Tokenization, Stemming, Segmentation, Lemmatization, Edit Distance, 
Collocations, Finite Automata, Finite State Transducers (FST), Porter"
MHSSCE_00031,BE SYLLABUS.pdf,syllabus,18,1,,"Stemmer, 
Morphological 
Analysis, 
Derivational 
and 
Reflectional 
Morphology, Regular expression with types. 2.2 
N –Grams, Unigrams/Bigrams Language Models, Corpora, Computing the 
Probability of Word Sequence, Training and Testing. 3 
Syntax analysis 
8 
3.1 
Part-Of-Speech Tagging (POS) - Open and Closed Words. Tag Set for 
English (Penn Treebank), Rule Based POS Tagging, Transformation Based 
Tagging, Stochastic POS Tagging and Issues –Multiple Tags & Words, 
Unknown Words. 3.2 
Introduction to CFG, Hidden Markov Model (HMM), Maximum Entropy, 
And Conditional Random Field (CRF). 4 
Semantic Analysis 
8 
4.1 
Introduction, meaning representation; Lexical Semantics; Corpus study; 
Study of Various language dictionaries like WordNet, Babelnet; Relations 
among lexemes & their senses –Homonymy, Polysemy, Synonymy, 
Hyponymy; Semantic Ambiguity 
4.2 
Word Sense Disambiguation (WSD); Knowledge based approach (Lesk‘s 
Algorithm), Supervised (Naïve Bayes, Decision List), Introduction to 
Semi-supervised method (Yarowsky), Unsupervised (Hyperlex) 
5 
Pragmatic & Discourse Processing 
6 
5.1 
Discourse: Reference Resolution, Reference Phenomena, Syntactic & 
Semantic constraint on coherence; Anaphora Resolution using Hobbs and 
Cantering Algorithm 
6 
Applications (preferably for Indian regional languages) 
5 
6.1 
Machine Translation, Information Retrieval, Question Answers System, 
Categorization, Summarization, Sentiment Analysis, Named Entity 
Recognition."
MHSSCE_00032,BE SYLLABUS.pdf,syllabus,18,2,,"Hobbs and 
Cantering Algorithm 
6 
Applications (preferably for Indian regional languages) 
5 
6.1 
Machine Translation, Information Retrieval, Question Answers System, 
Categorization, Summarization, Sentiment Analysis, Named Entity 
Recognition.

6.2 
Linguistic Modeling – Neurolinguistics Models- Psycholinguistic Models – 
Functional Models of Language – Research Linguistic Models- Common 
Features of Modern Models of Language."
MHSSCE_00033,BE SYLLABUS.pdf,syllabus,19,1,,"Textbooks: 
1 
Daniel Jurafsky, James H. and Martin, Speech and Language Processing, Second Edition, 
Prentice Hall, 2008. 
2 
Christopher D.Manning and HinrichSchutze, Foundations of Statistical Natural Language 
Processing, MIT Press, 1999. 
References: 
1 
Siddiqui and Tiwary U.S., Natural Language Processing and Information Retrieval, Oxford 
University Press, 2008. 
2 
Daniel M Bikel and ImedZitouni ― Multilingual natural language processing applications: from 
theory to practice, IBM Press, 2013. 
3 
Nitin Indurkhya and Fred J. Damerau, ―Handbook of Natural Language Processing, Second 
Edition, Chapman and Hall/CRC Press, 2010. 
 
 
Assessment: 
Internal Assessment: 
Assessment consists of two class tests of 20 marks each. The first class test is to be conducted when 
approx. 40% syllabus is completed and second class test when additional 40% syllabus is completed. 
Duration of each test shall be one hour. 
End Semester Theory Examination: 
1 
Question paper will comprise of total six questions. 
2 
All question carries equal marks 
3 
Questions will be mixed in nature (for example supposed Q.2 has part (a) from module 3 then 
part (b) will be from any module other than module 3) 
4 
Only Four question need to be solved 
5 
In question paper weightage of each module will be proportional to number of respective lecture 
hours as mention in the syllabus 
 
 
Useful Links"
MHSSCE_00034,BE SYLLABUS.pdf,syllabus,20,1,,"1 
https://onlinecourses.nptel.ac.in/noc21_cs102/preview 
2 
https://onlinecourses.nptel.ac.in/noc20_cs87/preview 
3 
https://nptel.ac.in/courses/106105158"
MHSSCE_00035,BE SYLLABUS.pdf,syllabus,21,1,,"Course Code 
Course/Subject Name 
Credits 
CSDO7012 
AI for Healthcare 
3 
 
Course Prerequisites: 
Artificial Intelligence, Machine Learning 
Course Objectives: The course aims 
1 To understand the need and significance of AI and ML for Healthcare. 2 To study advanced AI algorithms for Healthcare. 3 To learn Computational Intelligence techniques. 4 To understand evaluation metrics and ethics in intelligence for Healthcare systems, 
5 To learn various NLP algorithms and their application in Healthcare, 
6 To investigate the current scope, implications of AI and ML for developing futuristic Healthcare Applications. Course Outcomes: 
After successful completion of the course, the student will be able to: 
1 Understand the role of AI and ML for handling Healthcare data. 2 Apply Advanced AI algorithms for Healthcare Problems. 3 Learn and Apply various Computational Intelligence techniques for Healthcare Application. 4 Use evaluation metrics for evaluating healthcare systems. 5 Develop NLP applications for healthcare using various NLP Techniques.. 6 Apply AI and ML algorithms for building Healthcare Applications 
 
 
Module 
Topics 
Hours. 1 
Introduction 
06 
1.1 Overview of AI, ML and DL,A Multifaceted Discipline, Applications of AI in Healthcare - 
Prediction, Diagnosis, personalized treatment and behavior modification, drug 
discovery, followup care etc, 
1.2 Realizing potential of AI in healthcare, Healthcare Data - Use Cases."
MHSSCE_00036,BE SYLLABUS.pdf,syllabus,21,2,,"DL,A Multifaceted Discipline, Applications of AI in Healthcare - 
Prediction, Diagnosis, personalized treatment and behavior modification, drug 
discovery, followup care etc, 
1.2 Realizing potential of AI in healthcare, Healthcare Data - Use Cases.

2 
AI, ML, Deep Learning and Data Mining Methods for Healthcare 
08 
2.1 Knowledge discovery and Data Mining, ML, Multi classifier Decision Fusion, Ensemble 
Learning, Meta-Learning and other Abstract Methods. 2.2 Evolutionary Algorithms, Illustrative Medical Application-Multiagent Infectious Disease 
Propagation and Outbreak Prediction, Automated Amblyopia Screening System etc. 2.3 Computational Intelligence Techniques, Deep Learning, Unsupervised learning, 
dimensionality reduction algorithms. 3 
Evaluating learning for Intelligence 
04 
3.1 
Model 
development 
and 
workflow, 
evaluation 
metrics, 
Parameters 
and Hyperparameters, Hyperparameter tuning algorithms, multivariate testing, Ethics 
of Intelligence. 4 
Natural Language Processing in Healthcare 
08 
4.1 
NLP tasks in Medicine, Low-level NLP components, High level NLP components, NLP 
Methods. 4.2 
Clinical NLP resources and Tools, NLP Applications in Healthcare. Model Interpretability 
using Explainable AI for NLP applications. 5 
Intelligent personal Health Record 
05 
5.1 
Introduction, Guided Search for Disease Information, Recommending SCA's."
MHSSCE_00037,BE SYLLABUS.pdf,syllabus,22,1,,"Recommending HHP's, Continuous User Monitoring. 6 
Future of Healthcare using AI 
08 
6.1 
Evidence based medicine, Personalized Medicine, Connected Medicine, Digital Health 
and Therapeutics, Conversational AI, Virtual and Augmented Reality, Blockchain for 
verifying supply chain, patient record access, Robot - Assisted Surgery, Smart Hospitals, 
Case Studies on use of AI and ML for Disease Risk Diagnosis from patient data, 
Augmented reality applications for Junior doctors. 6.2 
Blockchain for verifying supply chain, patient record access, Robot - Assisted Surgery, 
Smart Hospitals, Case Studies 
on use of AI and ML for Disease Risk Diagnosis from 
patient data, Augmented reality applications for Junior doctors. Total 
39 
 
 
 
Textbooks: 
1 
Arjun Panesar, ""Machine Learning and AI for Healthcare”, A Press. 2 
Arvin Agah, ""Medical applications of Artificial Systems "", CRC Press 
 
References: 
1 
Erik R. Ranschaert Sergey Morozov Paul R. Algra, “Artificial Intelligence in medical 
Imaging- Opportunities, Applications and Risks”, Springer 
2 
Sergio Consoli Diego Reforgiato Recupero Milan Petković,“Data Science for Healthcare- 
Methodologies and Applications”, Springer 
3 
Dac-Nhuong Le, Chung Van Le, Jolanda G. Tromp, Gia Nhu Nguyen, “Emerging technologies for 
health and medicine”, Wiley. 4 
Ton J. Cleophas • Aeilko H."
MHSSCE_00038,BE SYLLABUS.pdf,syllabus,22,2,,"Milan Petković,“Data Science for Healthcare- 
Methodologies and Applications”, Springer 
3 
Dac-Nhuong Le, Chung Van Le, Jolanda G. Tromp, Gia Nhu Nguyen, “Emerging technologies for 
health and medicine”, Wiley. 4 
Ton J. Cleophas • Aeilko H.

Zwinderman, “Machine Learning in Medicine- Complete 
Overview”, Springer 
 
Assessment: 
Internal Assessment: 
Assessment consists of two class tests of 20 marks each. The first class test is to be conducted 
when approx. 40% syllabus is completed and second class test when additional 40% syllabus is 
completed. Duration of each test shall be one hour. End Semester Theory Examination: 
1 
Question paper will comprise of total six questions. 2 
All question carries equal marks 
3 
Questions will be mixed in nature (for example supposed Q.2 has part (a) from module 3 
then part (b) will be from any module other than module 3) 
4 
Only Four question need to be solved. 5 
In question paper weightage of each module will be proportional to number of respective 
lecture hours as mention in the syllabus."
MHSSCE_00039,BE SYLLABUS.pdf,syllabus,23,1,,"Course Code: 
Course Title 
Credit 
CSDO7013 
Neural Networks and Fuzzy Systems 
3 
 
 
Prerequisite: Engineering Mathematics, Data Structures and Algorithm, Python Programming 
Course Objectives: 
1 
To relate to the basic terminologies with respect to Fuzzy set theory. 2 
To analyze and interpret fuzzy logic principles, relations and operations. 3 
To recognize various components of Associative Memory Networks. 4 
To have basic understanding of Unsupervised learning through Networks. 5 
To understand Special networks and its applications in soft computing. 6 
To infer the significance of Hybrid computing. Course Outcomes: After successful completion of the course student will be able to 
1 
Acquire basic knowledge of fuzzy set theory properties and relations. 2 
Implement Fuzzy operations towards Fuzzy-rule creations. 3 
Gain familiarity with the training and implementation of Associative Memory 
Network. 4 
Understand the architecture and basics components of Unsupervised learning 
networks. 5 
Analyze the significance and working of the Special Networks. 6 
Interpret Hybrid System to analyze the Principles of Soft computing in Neuro-Fuzzy 
applications. Module 
Content 
Hrs 
1.0 
Fuzzy Set Theory 
07 
1.1 
Introduction to soft and hard computing Fuzzy Sets: 
Basic definition and terminology of fuzzy sets, Classic set 
operations; Fuzzy set operations- Union, Intersection, complement, 
Difference; Properties of fuzzy sets."
MHSSCE_00040,BE SYLLABUS.pdf,syllabus,23,2,,"Fuzzy Set Theory 
07 
1.1 
Introduction to soft and hard computing Fuzzy Sets: 
Basic definition and terminology of fuzzy sets, Classic set 
operations; Fuzzy set operations- Union, Intersection, complement, 
Difference; Properties of fuzzy sets.

1.2 
Fuzzy relations: 
Cartesian product of relation, Classica Relation, Cardinality of 
fuzzy relations, Operations on Fuzzy relations, Properties of Fuzzy 
relations, 
Fuzzy 
composition, 
Tolerance 
and 
Equivalence 
Relationship. 1.3 
Membership Functions: 
Features of Membership Functions, Fuzzification, Methods of 
membership value assignments. 2.0 
Fuzzy Rules, Reasoning, and Inference System 
08"
MHSSCE_00041,BE SYLLABUS.pdf,syllabus,24,1,,"2.1 
Defuzzification: 
Lambda-Cuts for Fuzzy Sets; Lambda-Cuts for Fuzzy Relations;
Defuzzification methods: Max-Membership Principles, Centroid
Method, Weighted Average Method, Mean-Max Membership, Center
of Sums, Center of Largest Area, First of Maxima. 2.2 
Fuzzy Arithmetic and Rules: 
Fuzzy arithmetic, Fuzzy measures, Measures of Fuzziness, Truth
Value and Tables in Fuzzy Logic, Fuzzy Propositions, Formation of
rules, Decomposition of rules, Fuzzy Reasoning. 2.3 
Fuzzy Inference System (FIS): 
Mamdani FIS, Sugeno FIS, Comparison between Mamdani and
Sugeno FIS. 3.0 
Associative Memory Networks 
06 
3.1 
Introduction: 
Basics of associative memory networks, Training algorithms for 
Pattern Association. 3.2 
Types of Networks: 
Radial basis function network: architecture training algorithm, Auto-
associative Memory Network – Architecture, Flowchart of training 
process, Training algorithm, Testing algorithm, Hetero- associative 
Memory Network- Architecture and Testing algorithm, Bidirectional 
Associative Memory(BAM) Network- Architecture, Discrete BAM, 
Continuous BAM. 4.0 
Unsupervised Learning Networks 
08 
4.1 
Introduction 
Fixed weight competitive nets, Maxnet, Maxican net, Hamming
Network 
4.2 
Kohonen Self- Organizing Feature Maps: 
Basic concepts, Architecture, Flowchart, Algorithms, Kohonen
Self-Organizing Motor map 
Training algorithm."
MHSSCE_00042,BE SYLLABUS.pdf,syllabus,24,2,,"08 
4.1 
Introduction 
Fixed weight competitive nets, Maxnet, Maxican net, Hamming
Network 
4.2 
Kohonen Self- Organizing Feature Maps: 
Basic concepts, Architecture, Flowchart, Algorithms, Kohonen
Self-Organizing Motor map 
Training algorithm.

4.3 
Adaptive resonance Theory: 
Architecture, Fundamental Operating principles, a Algorithms,
Adaptive Resonance Theory I – Architecture, Flowchart of Training
process, Training algorithm, Adaptive Resonance Theory 2 -
Architecture, Algorithm, Flowchart, Training algorithm, Sample
Values of Parameter. 5.0 
Special Network 
05 
5.1 
Introduction: 
Boltzmann Machine, Gaussian Machine, Probabilistic neural nets
Spatio-Temporal connection network model, Ensemble neural model
Extreme learning machine models, Online, Pruned, Improved
Application of ELM"
MHSSCE_00043,BE SYLLABUS.pdf,syllabus,25,1,2004/2007,"6.0 
Hybrid Computing 
05 
6.1 
Neuro-Fuzzy Hybrid Systems: 
Introduction to Neuro-Fuzzy systems, Comparison of Fuzzy systems 
and Neural networks, Characteristics of Neuro-Fuzzy systems, 
Classification of Neuro-Fuzzy systems. Introduction to Adaptive 
Neuro-Fuzzy Inference System (ANIFS), ANFS Architecture, 
Constraints of ANFIS, ANFIS as a Universal Approximator. Textbooks: 
1 
S.N. Sivanandan and S.N. Deepa, Principles of Soft Computing, Wiley India, 2007, ISBN: 
10: 81- 265-1075-7. 2 
J.-S. R. Jang, C. –T. Sun, E. Mizutani, Neuro-Fuzzy and Soft Computing, A Computational 
Approach to Learning and Machine Intelligence, PHI Learning Private Limited-2014 
3 
Neural Networks: A Classroom Approach, Satish Kumar, Tata McGraw-Hill Education, 
2004/2007 
4 
Simon Haykin, Neural Networks A Comprehensive Foundation, Second Edition, Pearson 
Education-2004 
5 
David E. Goldberg, Genetic Algorithms, in search, optimization and Machine Learning, 
Pearson 
 
References: 
1 
Anupam Shukla, Ritu Tiwari, Rahul Kala, Real Life Applications of Soft Computing, CRC 
Press, Taylor & Francis Group, 2010. 2 
Genetic Algorithms and Genetic Programming Modern Concepts and Practical Applications 
© 2009 Michael Affenzeller, Stephan Winkler, Stefan Wagner, and Andreas Beham, CRC 
Press 
3 
Laurene V."
MHSSCE_00044,BE SYLLABUS.pdf,syllabus,25,2,,"Computing, CRC 
Press, Taylor & Francis Group, 2010. 2 
Genetic Algorithms and Genetic Programming Modern Concepts and Practical Applications 
© 2009 Michael Affenzeller, Stephan Winkler, Stefan Wagner, and Andreas Beham, CRC 
Press 
3 
Laurene V.

Fausett, Fundamentals of Neural Networks: Architectures, Algorithms And 
Applications, Pearson 
Digital References: 
https://onlinecourses.nptel.ac.in/noc22_ee21/preview 
https://onlinecourses.nptel.ac.in/noc23_ge15/preview 
 
Assessment: 
Internal Assessment: 
Assessment consists of two class tests of 20 marks each. The first class test is to be conducted 
when approx. 40% syllabus is completed and second class test when additional 40% syllabus is 
completed. Duration of each test shall be one hour. End Semester Theory Examination:"
MHSSCE_00045,BE SYLLABUS.pdf,syllabus,26,1,,"1 
Question paper will comprise of total six questions. 
2 
All question carries equal marks 
3 
Questions will be mixed in nature (for example supposed Q.2 has part (a) from module 3 
then part (b) will be from any module other than module 3) 
4 
Only Four question need to be solved. 
5 
In question paper weightage of each module will be proportional to number of respective 
lecture hours as mention in the syllabus."
MHSSCE_00046,BE SYLLABUS.pdf,syllabus,27,1,,"Course Code: 
Course Title 
Credit 
CSDO7021 
User Experience Design with VR 
3 
 
 
Prerequisite: Web Technologies; Software Engineering 
Course Objectives: 
1 
To study and understand importance of user experience design principles 
2 
To understand elements of user experience design 
3 
To encourage students to participate in designing futuristic applications 
4 
To understand the need and significance of Virtual Reality 
5 
To understand the technical and engineering aspects of virtual reality systems 
Course Outcomes: 
1 
To Apply principles of user experience 
2 
To apply emerging and established technologies to enhance User Experience design 
3 
To create interface for international standards with ethics 
4 
To evaluate user experience. 5 
Describe how VR systems work and list the applications of VR 
6 
Design and implementation of the hardware that enables VR systems to be built 
 
Module 
Content 
Hrs 
1 
Introduction 
04 
1.1 
Introduction to interface design, Understanding and conceptualizing 
Interface, understanding user’s conceptual cognition, Core Elements of 
User Experience, Working of UX elements 
2 
The UX Design Process – Understanding Users & Structure: 
08 
2.1 
Defining the UX, Design Process and Methodology, Understanding user 
requirements and goals, Understanding the Business Requirements/Goals, 
User research, mental models, wireframes, prototyping, usability testing."
MHSSCE_00047,BE SYLLABUS.pdf,syllabus,27,2,,"Users & Structure: 
08 
2.1 
Defining the UX, Design Process and Methodology, Understanding user 
requirements and goals, Understanding the Business Requirements/Goals, 
User research, mental models, wireframes, prototyping, usability testing.

2.2 
Visual Design Principles, Information Design and Data Visualization 
Interaction Design, UI Elements and Widgets, Screen Design and Layouts"
MHSSCE_00048,BE SYLLABUS.pdf,syllabus,28,1,,"3 
UX Design Process: Prototype and Test 
06 
3.1 
Testing your Design, Usability Testing, Types of Usability Testing, 
Usability Testing Process, Preparing and planning for the Usability Tests, 
3.2 
Prototype your Design to Test, Introduction of prototyping tools, 
conducting Usability Test, communicating Usability Test Results 
4 
UX Design Process: Iterate/ Improve and Deliver 
05 
4.1 
Understanding the Usability Test, findings, Applying the Usability Test, 
feedback in improving the design. 4.2 
Communication with implementation team. UX Deliverables to be given to 
implementation team 
5 
Introduction to Virtual Reality 
08 
5.1 
Defining Virtual Reality, History of VR, Human Physiology and Perception, 
Key Elements of Virtual Reality Experience, Virtual Reality System, 
Interface to the Virtual World-Input & output- Visual, Aural & 
Haptic Displays, Applications of Virtual Reality 
5.2 
Representation of the Virtual World, Visual Representation in VR, Aural 
Representation in VR and Haptic Representation in VR 
6 
Applying Virtual Reality 
08 
6.1 
Virtual reality: the medium, Form and genre, What makes an application a 
good candidate for VR, Promising application fields, Demonstrated benefits 
of virtual reality, More recent trends in virtual reality application 
development, A framework for VR application development 
 
 
 
 
 
Textbooks: 
1 
Interaction Design, Beyond Human Computer Interaction, Rogers, Sharp, Preece Wiley India 
Pvt Ltd."
MHSSCE_00049,BE SYLLABUS.pdf,syllabus,28,2,,"virtual reality, More recent trends in virtual reality application 
development, A framework for VR application development 
 
 
 
 
 
Textbooks: 
1 
Interaction Design, Beyond Human Computer Interaction, Rogers, Sharp, Preece Wiley India 
Pvt Ltd.

2 
The essentials of Interaction Design, Alan Cooper, Robert Reimann, David Cronin 
3 
Designing The user Interface by Shneiderman, Plaisant, Cohen, Jacobs Pearson 
References:"
MHSSCE_00050,BE SYLLABUS.pdf,syllabus,29,1,,"1 
The Elements of User Experience by Jesse James Garrett 
2 
Don’t make me think, by Steve Krug 
3 
Observing the User Experience: A Practitioner's Guide to User Research by Mike Kuniavsky 
 
 
Assessment: 
Internal Assessment: 
Assessment consists of two class tests of 20 marks each. The first class test is to be conducted when 
approx. 40% syllabus is completed and second class test when additional 40% syllabus is completed. 
Duration of each test shall be one hour. 
End Semester Theory Examination: 
1 
Question paper will comprise of total six questions. 
2 
All question carries equal marks 
3 
Questions will be mixed in nature (for example supposed Q.2 has part (a) from module 3 then 
part (b) will be from any module other than module 3) 
4 
Only Four question need to be solved 
5 
In question paper weightage of each module will be proportional to number of respective lecture 
hours as mention in the syllabus 
 
 
Useful Links 
1 
https://archive.nptel.ac.in/courses/124/107/124107008/ 
2 
https://nptel.ac.in/courses/106106138 
3 
https://www.coursera.org/specializations/virtual-reality"
MHSSCE_00051,BE SYLLABUS.pdf,syllabus,30,1,,"Course Code: 
Course Title 
Credit 
CSDO7022 
Blockchain Technologies 
3 
 
 
Prerequisite: Cryptography and Distributes systems 
Course Objectives: 
1 To get acquainted with the concept of Distributed ledger system and Blockchain. 
2 To learn the concepts of consensus and mining in Blockchain through the Bitcoin network. 
3 To understand Ethereum and develop-deploy smart contracts using different tools and 
frameworks. 
4 To understand permissioned Blockchain and explore Hyperledger Fabric. 
5 To understand different types of crypto assets. 
Course Outcomes: 
1 Describe the basic concept of Blockchain and Distributed Ledger Technology. 
2 Interpret the knowledge of the Bitcoin network, nodes, keys, wallets and transactions 
3 Implement smart contracts in Ethereum using different development frameworks. 
4 Develop applications in permissioned Hyperledger Fabric network. 
5 Interpret different Crypto assets and Crypto currencies 
6 Analyze the use of Blockchain with AI, IoT and Cyber Security using case studies. 
 
Module 
Content 
Hrs 
1 
Introduction to Blockchain 
5 
1.1 
Distributed Ledger Technologies: Introduction to blockchain: History, 
evolution, fundamentals concepts, components, types. 
Block in a Blockchain: Structure of a Block, Block Header Hash and 
Block Height, The Genesis Block, Linking Blocks in the Blockchain, 
Merkle Tree. 
2 
Consensus Protocol and Bitcoin blockchain 
6"
MHSSCE_00052,BE SYLLABUS.pdf,syllabus,31,1,,"2.1 
Consensus: Byzantine Generals Problem, consensus algorithms: PoW, PoS, 
PoET, PoA, LPoS, pBFT, Proof-of-Burn (PoB), Life of a miner, Mining 
difficulty, Mining pool and its methods. 2.2 
Bitcoin: What is Bitcoin, history of Bitcoin, Bitcoin Common 
terminologies: keys, addresses and nodes, Bitcoin mining, hashcash, Block 
propagation and relay, bitcoin scripts, transaction in the bitcoin network. 3 
Ethereum and Smart Contracts 
8 
3.1 
Ethereum: History, Components, Architecture of Ethereum, Consensus, 
Miner and mining node, Ethereum virtual machine, Ether, Gas, Transactions, 
Accounts, Patricia Merkle Tree, Swarm, Whisper and IPFS, complete 
transaction working and steps in Ethereum, Case study of Ganache for 
Ethereum blockchain. Exploring etherscan.io and ether block 
structure, Comparison between Bitcoin and Ethereum 
3.2 
Smart Contracts: history, characteristics, working of smart contracts, types, 
Oracles, Structure & Limitations. Solidity programming: set-up tools and installation, Basics, functions, 
Visibility and Activity Qualifiers, Ethereum networks, solidity compiler, 
solidity files and structure of contracts, data types, storages, array, functions, 
Developing and executing smart contracts in Ethereum. Smart 
Contracts Use cases, Opportunities and Risk. 4 
Private and Consortium blockchains 
9 
4.1 
Introduction to Private Blockchain: Key characteristics, need, Examples 
of Private and Consortium blockchains, Smart contracts in private 
blockchain."
MHSSCE_00053,BE SYLLABUS.pdf,syllabus,31,2,,"Contracts Use cases, Opportunities and Risk. 4 
Private and Consortium blockchains 
9 
4.1 
Introduction to Private Blockchain: Key characteristics, need, Examples 
of Private and Consortium blockchains, Smart contracts in private 
blockchain.

4.2 
Introduction to Hyperledger, Tools and Frameworks, Hyperledger Fabric, 
Comparison between Hyperledger Fabric & Other Technologies. Hyperledger Platform, Paxos and Raft consensus, Ripple and Corda 
blockchains, Byzantine Faults: Byzantine Fault Tolerant (BFT) and 
Practical BFT. 5 
Cryptocurrencies and digital tokens 
6"
MHSSCE_00054,BE SYLLABUS.pdf,syllabus,32,1,,"5.1 
Cryptocurrency basics, types, usage, ERC20 and ERC721 Tokens, 
comparison between ERC20 & ERC721, ICO: basics and related terms, 
launching an ICO, pros and cons, evolution and platforms, STO, Different 
Crypto currencies, Defi, Metaverse, Types of cryptocurrencies. Bitcoin, 
Altcoin, and Tokens (Utility and Security), Cryptocurrency wallets: Hot and 
cold wallets, Cryptocurrency usage, Transactions in Blockchain, 
UTXO and double spending problem 
6 
Blockchain applications, Tools and case studies 
5 
6.1 
Applications of Blockchain: Various domains including Education, 
Energy, Healthcare, real-estate, logistics, supply chain. Tools: Corda, Ripple, Quorum and other Emerging Blockchain Platforms, 
Case Study on any of the Blockchain Platforms. Textbooks: 
1. Blockchain Technology, Chandramouli Subramanian, Asha A George, Abhillash K. A and 
Meena Karthikeyen, Universities press. 2. Solidity Programming Essentials: A beginner's Guide to Build Smart Contracts for Ethereum 
and Blockchain, Ritesh Modi, Packt publication 
3. Hyperledger Fabric In-Depth: Learn, Build and Deploy Blockchain Applications Using 
Hyperledger Fabric, Ashwani Kumar, BPB publications 
4. Cryptoassets: The Innovative Investor‘s Guide to Bitcoin and Beyond, Chris Burniske & Jack 
Tatar. 5 
Mastering Ethereum, Building Smart Contract and Dapps, Andreas M. Antonopoulos Dr. Gavin Wood, O‘reilly. References: 
1. Mastering Bitcoin, programming the open Blockchainǁ, 2nd Edition by Andreas M."
MHSSCE_00055,BE SYLLABUS.pdf,syllabus,32,2,,"and Beyond, Chris Burniske & Jack 
Tatar. 5 
Mastering Ethereum, Building Smart Contract and Dapps, Andreas M. Antonopoulos Dr. Gavin Wood, O‘reilly. References: 
1. Mastering Bitcoin, programming the open Blockchainǁ, 2nd Edition by Andreas M.

Antonopoulos, June 2017, Publisher(s): O'Reilly Media, Inc. ISBN: 9781491954386. 2. Mastering Ethereum, Building Smart Contract and Dapps, Andreas M. Antonopoulos Dr. Gavin 
Wood, O'reilly. 3. Blockchain Technology: Concepts and Applications, Kumar Saurabh and Ashutosh Saxena, 
Wiley Publication."
MHSSCE_00056,BE SYLLABUS.pdf,syllabus,33,1,,"4. 
The Basics of Bitcoins and Blockchains: An Introduction to Cryptocurrencies and the 
Technology that Powers Them, Antony Lewis. for Ethereum and Blockchain, Ritesh Modi, 
Packt publication. University of Mumbai, B. E. (Information Technology), Rev 2016 276 
 
 
Assessment: 
Internal Assessment: 
Assessment consists of two class tests of 20 marks each. The first class test is to be conducted when 
approx. 40% syllabus is completed and second class test when additional 40% syllabus is completed. 
Duration of each test shall be one hour. 
End Semester Theory Examination: 
1 
Question paper will comprise of total six questions. 
2 
All question carries equal marks 
3 
Questions will be mixed in nature (for example supposed Q.2 has part (a) from module 3 then 
part (b) will be from any module other than module 3) 
4 
Only Four question need to be solved 
5 
In question paper weightage of each module will be proportional to number of respective lecture 
hours as mention in the syllabus 
 
 
Useful Links 
1 
NPTEL courses: Blockchain and its Applications, Blockchain Architecture Design and Use 
Cases 
2 
https://ethereum.org/en/ 
3 
https://www.trufflesuite.com/tutorials 
4 
https://hyperledger-fabric.readthedocs.io/en/release-2.2/ 
5 
Blockchain demo: https://andersbrownworth.com/blockchain/ 
6 
Blockchain Demo: Public / Private Keys & Signing:"
MHSSCE_00057,BE SYLLABUS.pdf,syllabus,34,1,,https://andersbrownworth.com/blockchain/public-private-keys/
MHSSCE_00058,BE SYLLABUS.pdf,syllabus,35,1,,"Course 
Code: 
Course Title 
Credit 
CSDO7023 
Game Theory for Data Science 
3 
 
Prerequisite: 
Probability AlgebraCourse Objectives: 
 
Sr.No. Course Objectives 
1. To introduce the student to the notion of a game, its solutions concepts, and other 
basic notions and tools of game theory, and the main applications for which they are 
appropriate, including electronic trading markets. 2. To formalize the notion of strategic thinking and rational choice by using the tools 
of game theory, and to provide insights into using game theory in modeling 
applications. 3. To draw the connections between game theory, computer science, and economics, 
especially emphasizing the computational issues. 4. To introduce contemporary topics in the intersection of game theory, computer 
science, and economics. 5. To apply game theory in searching, auctioning and trading. Course Outcomes: 
 
Sr.No. Course Outcomes 
On successful completion, of course, learner/student will be able to: 
1. Analyze and Discuss the notion of a strategic game and equilibria and identify the 
characteristics of main applications of these concepts. 2. Discuss the use of Nash Equilibrium for other problems. Identify key strategic aspects 
and based on these be able to connect them to appropriate game theoretic concepts 
given a real world situation. 3. Identify some applications that need aspects of Bayesian Games. Implement a typical 
Virtual Business scenario using Game theory. 4."
MHSSCE_00059,BE SYLLABUS.pdf,syllabus,35,2,,"and based on these be able to connect them to appropriate game theoretic concepts 
given a real world situation. 3. Identify some applications that need aspects of Bayesian Games. Implement a typical 
Virtual Business scenario using Game theory. 4.

Identify and discuss working principle of Non-Cooperative Games 
5. Discuss the Mechanism for Design Aggregating Preferences 
6. Identify and discuss working principle: Repeated Games"
MHSSCE_00060,BE SYLLABUS.pdf,syllabus,36,1,,"DETAILED SYLLABUS: 
 
Sr. No. Module 
Detailed Content 
Hours 
0 
Prerequisite 
Probability, Algebra 
1 
I 
Introduction: 
Making rational choices: basics of Games – strategy – 
preferences – payoffs – Mathematical basics – Game theory 
– Rational Choice – Basic solution 
concepts-non-cooperative versus cooperative games – Basic 
computational issues – finding equilibria and learning in 
gamesTypical application areas for game theory (e.g. Google’s sponsored search, eBay auctions, electricity 
trading markets). 6 
II 
Games with Perfect 
Information: 
Strategic games – prisoner’s dilemma, matching pennies - 
Nash equilibria – theory and illustrations – Cournot’s and 
Bertrand models of oligopoly – auctions – mixed strategy 
equilibrium – zero-sum games – Extensive Games with 
Perfect Information – repeated games (prisoner’s dilemma) 
– subgame perfect Nash equilibrium; computational issues. 7 
III 
Games with 
Imperfect 
Information: 
Games with Imperfect Information – Bayesian Games – 
Motivational Examples – General Definitions – Information 
aspects – Illustrations – Extensive Games with Imperfect – 
Information – Strategies – Nash Equilibrium – Beliefs and 
sequential equilibrium – Illustrations – Repeated Games – 
The Prisoner’s Dilemma – Bargaining."
MHSSCE_00061,BE SYLLABUS.pdf,syllabus,36,2,,"General Definitions – Information 
aspects – Illustrations – Extensive Games with Imperfect – 
Information – Strategies – Nash Equilibrium – Beliefs and 
sequential equilibrium – Illustrations – Repeated Games – 
The Prisoner’s Dilemma – Bargaining.

6 
IV 
Non-Cooperative 
Game Theory: 
Non-cooperative Game Theory – Self-interested agents – 
Games in normal form – Analyzing games: from optimality 
to equilibrium – Computing Solution Concepts of Normal – 
Form Games – Computing Nash equilibria of two-player, 
zero-sum games –Computing Nash equilibria of two-player, 
generalsum games – Identifying dominated strategies 
7 
V 
Mechanism Design 
Aggregating 
Preferences: 
Social Choice – Formal Model – Voting – Existence of 
social functions – Ranking systems – Protocols for Strategic 
Agents: Mechanism Design – Mechanism design with 
unrestricted preferences – Efficient mechanisms – Vickrey 
and VCG mechanisms (shortest paths) – Combinatorial 
auctions – profit maximization Computational applications 
6"
MHSSCE_00062,BE SYLLABUS.pdf,syllabus,37,1,,"of mechanism design – applications in Computer Science – 
Google’s sponsored search – eBay auctions – K-armed 
bandits. VI 
Repeated Games 
Repeated games: The Prisoner’s Dilemma, The main idea, 
Preferences,Infinitely repeated games, Strategies,Some 
Nash equilibria of the infinitely repeated Prisoner’s 
Dilemma, Nash equilibrium payoffs of the infinitely 
repeated Prisoner’s Dilemma when the players are patient, 
Subgame perfect equilibria and the one-deviation property 
6 
 
Textbooks: 
1 
An Introduction to Game Theory by Martin J. Osborne 
2 
M. J. Osborne, An Introduction to Game Theory. Oxford University Press, 2004 
 
References: 
1 
M. Machler, E. Solan, S. Zamir, Game Theory, Cambridge University Press, 2013. 2 
N. Nisan, T. Roughgarden, E. Tardos, and V. V. Vazirani (Editors), Algorithmic Game 
Theory. Cambridge University Press, 2007. 3 
A.Dixit and S. Skeath, Games of Strategy, Second Edition. W W Norton & Co Inc, 
2004. 4 
YoavShoham, Kevin Leyton-Brown, Multiagent Systems: Algorithmic, 
Game-Theoretic, and Logical Foundations, Cambridge University Press 2008. 5 
Zhu Han, DusitNiyato, WalidSaad, TamerBasar and Are Hjorungnes, “Game Theory 
in Wireless and Communication Networks”, Cambridge University Press, 2012. 6 
Y.Narahari, “Game Theory and Mechanism Design”, IISC Press, World Scientific. Digital References: 
1. https://nptel.ac.in/courses/110104063 
2."
MHSSCE_00063,BE SYLLABUS.pdf,syllabus,37,2,,"Hjorungnes, “Game Theory 
in Wireless and Communication Networks”, Cambridge University Press, 2012. 6 
Y.Narahari, “Game Theory and Mechanism Design”, IISC Press, World Scientific. Digital References: 
1. https://nptel.ac.in/courses/110104063 
2.

https://onlinecourses.nptel.ac.in/noc19_ge32/preview 
 
Assessment: 
Internal Assessment: 
Assessment consists of two class tests of 20 marks each. The first class test is to be conducted 
when approx. 40% syllabus is completed and second class test when additional 40% syllabus is 
completed. Duration of each test shall be one hour."
MHSSCE_00064,BE SYLLABUS.pdf,syllabus,38,1,,"End Semester Theory Examination: 
1 
Question paper will comprise of total six questions. 
2 
All question carries equal marks 
3 
Questions will be mixed in nature (for example supposed Q.2 has part (a) from module 3 
then part (b) will be from any module other than module 3) 
4 
Only Four question need to be solved. 
5 
In question paper weightage of each module will be proportional to number of respective 
lecture hours as mention in the syllabus."
MHSSCE_00065,BE SYLLABUS.pdf,syllabus,39,1,,"Course Code 
Course Name 
Credits 
ILO7011 
Product Life Cycle Management 
03 
 
 
Course Objectives: Students will try: 
1. To familiarize the students with the need, benefits and components of PLM 
2. To acquaint students with Product Data Management & PLM strategies 
3. To give insights into new product development program and guidelines for designing and 
developing a product 
4. To familiarize the students with Virtual Product Development 
 
Course Outcomes: Students will be able to: 
1. Gain knowledge about phases of PLM, PLM strategies and methodology for PLM feasibility 
study and PDM implementation. 2. Illustrate various approaches and techniques for designing and developing products. 3. Apply product engineering guidelines / thumb rules in designing products for moulding, 
machining, sheet metal working etc. 4."
MHSSCE_00066,BE SYLLABUS.pdf,syllabus,39,2,,"study and PDM implementation. 2. Illustrate various approaches and techniques for designing and developing products. 3. Apply product engineering guidelines / thumb rules in designing products for moulding, 
machining, sheet metal working etc. 4.

Acquire knowledge in applying virtual product development tools for components, machining 
and manufacturing plant 
 
 
Module 
Detailed Contents 
Hrs 
01 
Introduction to Product Lifecycle Management (PLM):Product Lifecycle 
Management (PLM), Need for PLM, Product Lifecycle Phases, Opportunities of 
Globalization, Pre-PLM Environment, PLM Paradigm, Importance & Benefits of PLM, 
Widespread Impact of PLM, Focus and Application, A PLM Project, Starting the PLM 
Initiative, PLM Applications 
PLM Strategies: Industrial strategies, Strategy elements, its identification, selection 
andimplementation, Developing PLM Vision and PLM Strategy, 
Change management for PLM 
10 
02 
Product Design: Product Design and Development Process, Engineering Design, 
Organization and Decomposition in Product Design, Typologies of Design Process 
Models, Reference Model, Product Design in the Context of the Product Development 
Process, Relation with the Development Process Planning Phase, Relation with the Post 
design Planning Phase, Methodological Evolution in Product Design, Concurrent 
Engineering, Characteristic Features of Concurrent Engineering, Concurrent Engineering 
and Life Cycle Approach, New Product Development (NPD) and Strategies, Product 
Configuration and Variant Management, The Design for X System, Objective Properties 
and Design for X 
Tools, Choice of Design for X Tools and Their Use in the Design Process 
09 
03 
Product Data Management (PDM):Product and Product Data, PDM"
MHSSCE_00067,BE SYLLABUS.pdf,syllabus,39,3,,"Configuration and Variant Management, The Design for X System, Objective Properties 
and Design for X 
Tools, Choice of Design for X Tools and Their Use in the Design Process 
09 
03 
Product Data Management (PDM):Product and Product Data, PDM

oduct 
Configuration and Variant Management, The Design for X System, Objective Properties 
and Design for X 
Tools, Choice of Design for X Tools and Their Use in the Design Process 
09 
03 
Product Data Management (PDM):Product and Product Data, PDM systems and 
importance, Components of PDM, Reason for implementing a PDM system, 
financial justification of PDM, barriers to PDM implementation 
05"
MHSSCE_00068,BE SYLLABUS.pdf,syllabus,40,1,,"04 
Virtual 
Product 
Development 
Tools: For 
components, 
machines, 
and 
manufacturing plants, 3D CAD systems and realistic rendering techniques, 
05 
Digital mock-up, Model building, Model analysis, Modeling and simulations in Product 
Design, Examples/Case studies 
05 
Integration of Environmental Aspects in Product Design:Sustainable 
Development, Design for Environment,Need for Life Cycle Environmental Strategies, 
Useful Life Extension Strategies, End-of-Life Strategies, Introduction of Environmental 
Strategies into the Design Process, Life Cycle Environmental Strategies and 
Considerations for Product Design 
05 
06 
Life Cycle Assessment and Life Cycle Cost Analysis:Properties, and 
Framework of Life Cycle Assessment, Phases of LCA in ISO Standards, Fields of 
Application and Limitations of Life Cycle Assessment, Cost Analysis and the Life Cycle 
Approach, General Framework for LCCA, Evolution of Models for Product Life Cycle 
Cost Analysis 
05 
 
 
Assessment: 
 
Internal: 
Assessment consists of two tests out of which; one should be compulsory class test and the other is either a 
class test or assignment on live problems or course project. End Semester Theory Examination: 
Some guidelines for setting up the question paper. Minimum 80% syllabus should be covered in question papers 
of end semester examination. In question paper weightage of each module will be proportional to number of 
respective lecture hours as mention in the syllabus. 1."
MHSSCE_00069,BE SYLLABUS.pdf,syllabus,40,2,,"up the question paper. Minimum 80% syllabus should be covered in question papers 
of end semester examination. In question paper weightage of each module will be proportional to number of 
respective lecture hours as mention in the syllabus. 1.

Question paper will comprise of total six question 
2. All question carry equal marks 
3. Questions will be mixed in nature (for example supposed Q.2 has part (a) from module 3 then part (b) 
will be from any module other than module 3) 
4. Only Four question need to be solved. REFERENCES: 
 
1. John Stark, “Product Lifecycle Management: Paradigm for 21st Century Product Realisation”, Springer- 
Verlag, 2004. ISBN: 1852338105 
2. Fabio Giudice, Guido La Rosa, AntoninoRisitano, “Product Design for the environment-A life cycle 
approach”, Taylor & Francis 2006, ISBN: 0849327229 
3. SaaksvuoriAntti, ImmonenAnselmie, “Product Life Cycle Management”, Springer, Dreamtech, ISBN: 
3540257314 
4. Michael Grieve, “Product Lifecycle Management: Driving the next generation of lean thinking”, Tata 
McGraw Hill, 2006, ISBN: 0070636265"
MHSSCE_00070,BE SYLLABUS.pdf,syllabus,41,1,,"Course Code 
Course Name 
Credits 
ILO7012 
Reliability Engineering 
03 
 
 
Objectives: 
1. To familiarize the students with various aspects of probability theory 
2. To acquaint the students with reliability and its concepts 
3. To introduce the students to methods of estimating the system reliability of simple and complex systems 
4. To understand the various aspects of Maintainability, Availability and FMEA procedure 
 
Outcomes: Learner will be able to… 
1. Understand and apply the concept of Probability to engineering problems 
2. Apply various reliability concepts to calculate different reliability parameters 
3. Estimate the system reliability of simple and complexsystems 
4. Carry out a Failure Mode Effect and Criticality Analysis 
 
 
Module 
Detailed Contents 
Hrs 
01 
Probability theory: Probability: Standard definitions and concepts; Conditional 
Probability, Baye’s Theorem. Probability Distributions: Central tendency and Dispersion; Binomial, Normal, 
Poisson, Weibull, Exponential, relations between them and their significance. Measures of Dispersion: Mean, Median, Mode, Range, Mean Deviation, 
Standard Deviation, Variance, Skewness and Kurtosis. 08 
02 
Reliability Concepts: Reliability definitions, Importance of Reliability, Quality 
Assurance and Reliability, Bath Tub Curve. Failure Data Analysis: Hazard rate, failure density, Failure Rate, Mean Time To 
Failure (MTTF), MTBF, Reliability Functions."
MHSSCE_00071,BE SYLLABUS.pdf,syllabus,41,2,,"Concepts: Reliability definitions, Importance of Reliability, Quality 
Assurance and Reliability, Bath Tub Curve. Failure Data Analysis: Hazard rate, failure density, Failure Rate, Mean Time To 
Failure (MTTF), MTBF, Reliability Functions.

Reliability Hazard Models: Constant Failure Rate, Linearly increasing, Time 
Dependent Failure Rate, Weibull Model. Distribution functions and reliability analysis. 08 
03 
System Reliability: System Configurations: Series, parallel, mixed 
configuration, k out of n structure, Complex systems. 05 
04 
Reliability Improvement: Redundancy Techniques: Element redundancy, Unit 
redundancy, Standby redundancies. Markov analysis. System Reliability Analysis – Enumeration method, Cut-set method, Success 
Path method, Decomposition method. 08 
05 
Maintainability and Availability: System downtime, Design for Maintainability: 
Maintenance requirements, Design methods: Fault Isolation and self-diagnostics, Parts 
standardization and Interchangeability, Modularization and Accessibility, Repair Vs 
Replacement. Availability – qualitative aspects. 05 
06 
Failure Mode, Effects and Criticality Analysis: Failure mode effects analysis, 
severity/criticality analysis, FMECA examples. Fault tree construction, basic symbols, 
development of functional reliability block diagram, Fau1t tree 
analysis and Event tree Analysis 
05 
 
 
Assessment:"
MHSSCE_00072,BE SYLLABUS.pdf,syllabus,42,1,,"Internal: 
Assessment consists of two tests out of which; one should be compulsory class test and the other is either a 
class test or assignment on live problems or course project. 
 
End Semester Theory Examination: 
Some guidelines for setting up the question paper. Minimum 80% syllabus should be covered in question papers 
of end semester examination. In question paper weightage of each module will be proportional to number of 
respective lecture hours as mention in the syllabus. 
1. Question paper will comprise of total six question 
2. All question carry equal marks 
3. Questions will be mixed in nature (for example supposed Q.2 has part (a) from module 3 then part (b) 
will be from any module other than module 3) 
4. Only Four question need to be solved. 
 
 
REFERENCES: 
 
1. L.S. Srinath, “Reliability Engineering”, Affiliated East-Wast Press (P) Ltd., 1985. 
2. Charles E. Ebeling, “Reliability and Maintainability Engineering”, Tata McGraw Hill. 
3. B.S. Dhillion, C. Singh, “Engineering Reliability”, John Wiley & Sons, 1980. 
4. P.D.T. Conor, “Practical Reliability Engg.”, John Wiley & Sons, 1985. 
5. K.C. Kapur, L.R. Lamberson, “Reliability in Engineering Design”, John Wiley & Sons. 
6. Murray R. Spiegel, “Probability and Statistics”, Tata McGraw-Hill Publishing Co. Ltd."
MHSSCE_00073,BE SYLLABUS.pdf,syllabus,43,1,,"Course Code 
Course Name 
Credits 
ILO7013 
Management Information System 
03 
 
 
Objectives: 
1. The course is blend of Management and Technical field. 2. Discuss the roles played by information technology in today’s business and define various 
technology architectures on which information systems are built 
3. Define and analyze typical functional information systems and identify how they meet the needs 
of the firm to deliver efficiency and competitive advantage 
4. Identify the basic steps in systems development 
 
Outcomes: Learner will be able to… 
1. Explain how information systems Transform Business 
2. Identify the impact information systems have on an organization 
3. Describe IT infrastructure and its components and its current trends 
4. Understand the principal tools and technologies for accessing information from databases to improve 
business performance and decision making 
5. Identify the types of systems used for enterprise-wide knowledge management and how they provide 
value for businesses 
 
 
Module 
Detailed Contents 
Hrs 
01 
Introduction To Information Systems (IS): Computer Based Information Systems, 
Impact of IT on organizations, Imporance of IS to Society. Organizational Strategy, Competitive Advantages and IS. 4 
02 
Data and Knowledge Management: Database Approach, Big Data, Data warehouse and 
Data Marts, Knowledge Management."
MHSSCE_00074,BE SYLLABUS.pdf,syllabus,43,2,,"Systems, 
Impact of IT on organizations, Imporance of IS to Society. Organizational Strategy, Competitive Advantages and IS. 4 
02 
Data and Knowledge Management: Database Approach, Big Data, Data warehouse and 
Data Marts, Knowledge Management.

Business intelligence (BI): Managers and Decision Making, BI for Data analysis 
and Presenting Results 
7 
03 
Ethical issues and Privacy: Information Security. Threat to IS, and Security 
Controls 
7 
04 
Social Computing (SC): Web 2.0 and 3.0, SC in business-shopping, Marketing, 
Operational and Analytic CRM, 
E-business and E-commerce – B2B B2C. Mobile commerce. 7 
05 
Computer Networks Wired and Wireless technology, Pervasive computing, 
Cloud computing model. 6 
06 
Information System within Organization: Transaction Processing Systems, Functional 
Area Information System, ERP and ERP support of Business Process. Acquiring 
Information Systems and Applications: Various System development 
life cycle models. 8 
 
 
Assessment: 
 
Internal: 
Assessment consists of two tests out of which; one should be compulsory class test and the other is either a 
class test or assignment on live problems or course project."
MHSSCE_00075,BE SYLLABUS.pdf,syllabus,44,1,,"End Semester Theory Examination: 
Some guidelines for setting up the question paper. Minimum 80% syllabus should be covered in question papers 
of end semester examination. In question paper weightage of each module will be proportional to number of 
respective lecture hours as mention in the syllabus. 
1. Question paper will comprise of total six question 
2. All question carry equal marks 
3. Questions will be mixed in nature (for example supposed Q.2 has part (a) from module 3 then part (b) 
will be from any module other than module 3) 
4. Only Four question need to be solved. 
 
 
REFERENCES: 
 
1. Kelly Rainer, Brad Prince,Management Information Systems, Wiley 
2. K.C. Laudon and J.P. Laudon, Management Information Systems: Managing the Digital Firm, 10th 
Ed., Prentice Hall, 2007. 
3. D. Boddy, A. Boonstra, Managing Information Systems: Strategy and Organization, Prentice Hall, 
2008"
MHSSCE_00076,BE SYLLABUS.pdf,syllabus,45,1,,"Course Code 
Course Name 
Credits 
ILO7014 
Design of Experiments 
03 
 
 
Objectives: 
1. To understand the issues and principles of Design of Experiments (DOE) 
2. To list the guidelines for designing experiments 
3. To become familiar with methodologies that can be used in conjunction with experimental designs for 
robustness and optimization 
 
Outcomes: Learner will be able to… 
1. Plan data collection, to turn data into information and to make decisions that lead to appropriate action 
2. Apply the methods taught to real life situations 
3."
MHSSCE_00077,BE SYLLABUS.pdf,syllabus,45,2,,"designs for 
robustness and optimization 
 
Outcomes: Learner will be able to… 
1. Plan data collection, to turn data into information and to make decisions that lead to appropriate action 
2. Apply the methods taught to real life situations 
3.

Plan, analyze, and interpret the results of experiments 
 
 
Module 
Detailed Contents 
Hrs 
01 
Introduction 
Strategy of Experimentation 
Typical Applications of Experimental Design 
Guidelines for Designing Experiments 
Response Surface Methodology 
 
06 
02 
Fitting Regression Models 
Linear Regression Models 
Estimation of the Parameters in Linear Regression Models 
Hypothesis Testing in Multiple Regression 
Confidence Intervals in Multiple Regression 
Prediction of new response observation 
Regression model diagnostics 
Testing for lack of fit 
 
 
08 
03 
Two-Level Factorial Designs 
The 22 Design 
The 23 Design 
The General2k Design 
A Single Replicate of the 2k Design 
The Addition of Center Points to the 2k Design, 
Blocking in the 2k Factorial Design 
Split-Plot Designs 
 
 
07 
04 
Two-Level Fractional Factorial Designs 
The One-Half Fraction of the 2k Design 
The One-Quarter Fraction of the 2k Design 
The General 2k-p Fractional Factorial Design 
Resolution III Designs 
Resolution IV and V Designs 
Fractional Factorial Split-Plot Designs 
 
 
07"
MHSSCE_00078,BE SYLLABUS.pdf,syllabus,46,1,,"05 
Response Surface Methods and Designs 
Introduction to Response Surface Methodology 
The Method of Steepest Ascent 
Analysis of a Second-Order Response Surface 
Experimental Designs for Fitting Response Surfaces 
 
07 
06 
Taguchi Approach 
Crossed Array Designs and Signal-to-Noise Ratios 
Analysis Methods 
Robust design examples 
04 
 
 
Assessment: 
 
Internal: 
Assessment consists of two tests out of which; one should be compulsory class test and the other is either a 
class test or assignment on live problems or course project. End Semester Theory Examination: 
Some guidelines for setting up the question paper. Minimum 80% syllabus should be covered in question papers 
of end semester examination. In question paper weightage of each module will be proportional to number of 
respective lecture hours as mention in the syllabus. 1. Question paper will comprise of total six question 
2. All question carry equal marks 
3. Questions will be mixed in nature (for example supposed Q.2 has part (a) from module 3 then part (b) 
will be from any module other than module 3) 
4. Only Four question need to be solved. REFERENCES: 
 
1. Raymond H. Mayers, Douglas C. Montgomery, Christine M. Anderson-Cook, Response Surface 
Methodology: Process and Product Optimization using Designed Experiment, 3rd edition,John 
Wiley & Sons, New York, 2001 
2. D.C. Montgomery, Design and Analysis of Experiments, 5th edition, John Wiley &Sons, New York, 
2001 
3."
MHSSCE_00079,BE SYLLABUS.pdf,syllabus,46,2,,"Response Surface 
Methodology: Process and Product Optimization using Designed Experiment, 3rd edition,John 
Wiley & Sons, New York, 2001 
2. D.C. Montgomery, Design and Analysis of Experiments, 5th edition, John Wiley &Sons, New York, 
2001 
3.

George E P Box, J Stuart Hunter, William G Hunter, Statics for Experimenters: Design, 
Innovation and Discovery, 2nd Ed. Wiley 
4. W J Dimond, Peactical Experiment Designs for Engineers and Scintists, John Wiley and Sons Inc. ISBN: 0-471-39054-2 
5. Design and Analysis of Experiments (Springer text in Statistics), Springer by A.M. Dean,and 
D. T.Voss"
MHSSCE_00080,BE SYLLABUS.pdf,syllabus,47,1,,"Course Code 
Course Name 
Credits 
ILO7015 
Operations Research 
03 
 
 
Objectives: 
1. Formulate a real-world problem as a mathematical programming model. 2. Understand the mathematical tools that are needed to solve optimization problems. 3. Use mathematical software to solve the proposed models. Outcomes: Learner will be able to… 
1. Understand the theoretical workings of the simplex method, the relationship between a linear program 
and its dual, including strong duality and complementary slackness. 2. Perform sensitivity analysis to determine the direction and magnitude of change of a model’s optimal 
solution as the data change. 3. Solve specialized linear programming problems like the transportation and assignment problems, solve 
network models like the shortest path, minimum spanning tree, and maximum flow problems. 4."
MHSSCE_00081,BE SYLLABUS.pdf,syllabus,47,2,,"of a model’s optimal 
solution as the data change. 3. Solve specialized linear programming problems like the transportation and assignment problems, solve 
network models like the shortest path, minimum spanning tree, and maximum flow problems. 4.

Understand the applications of integer programming and a queuing model and compute important 
performance measures 
 
 
Module 
Detailed Contents 
Hrs 
01 
Introduction 
to Operations Research: Introduction,, Structure of the 
Mathematical Model, Limitations of Operations Research 
Linear 
Programming: Introduction, 
Linear 
Programming 
Problem, 
Requirements of LPP, Mathematical Formulation of LPP, 
Graphical method, 
Simplex Method Penalty Cost Method or Big M-method, Two Phase Method, Revised 
simplex method, Duality, Primal – Dual construction, Symmetric and Asymmetric 
Dual, Weak Duality Theorem, Complimentary Slackness Theorem, Main Duality 
Theorem, Dual Simplex Method, Sensitivity Analysis Transportation Problem: 
Formulation, solution, unbalanced Transportation problem. Finding basic feasible 
solutions – Northwest corner rule, least cost method and Vogel’s approximation 
method. Optimality test: the stepping stone method and MODI method. Assignment Problem: Introduction, Mathematical Formulation of the Problem, 
Hungarian Method Algorithm, Processing of n Jobs Through Two Machines and m 
Machines, Graphical Method of Two Jobs m Machines Problem Routing Problem, 
Travelling Salesman Problem 
Integer Programming Problem: Introduction, Types of Integer Programming Problems, 
Gomory’s cutting plane Algorithm, Branch and Bound Technique. Introduction to Decomposition algorithms."
MHSSCE_00082,BE SYLLABUS.pdf,syllabus,47,3,,"Problem Routing Problem, 
Travelling Salesman Problem 
Integer Programming Problem: Introduction, Types of Integer Programming Problems, 
Gomory’s cutting plane Algorithm, Branch and Bound Technique. Introduction to Decomposition algorithms.

14 
02 
Queuing models: queuing systems and structures, single server and multi-server 
models, Poisson input, exponential service, constant rate service, finite and infinite 
population 
05 
03 
Simulation: Introduction, 
Methodology 
of 
Simulation, 
Basic 
Concepts, 
05 
 
 
University of Mumbai, B. E. (Information Technology), Rev 2016 
220"
MHSSCE_00083,BE SYLLABUS.pdf,syllabus,48,1,,"Simulation 
Procedure, 
Application of Simulation Monte-Carlo 
Method: 
Introduction, Monte-Carlo Simulation, Applications of Simulation, Advantages of 
Simulation, Limitations of Simulation 
04 
Dynamic programming. Characteristics of dynamic programming. Dynamic 
programming approach for Priority Management employment smoothening, 
capital budgeting, Stage Coach/Shortest Path, cargo loading and Reliability problems. 05 
05 
Game Theory. Competitive games, rectangular game, saddle point, minimax 
(maximin) method of optimal strategies, value of the game. Solution of games with saddle 
points, dominance principle. Rectangular games without saddle point – mixed strategy 
for 2 X 2 games. 05 
06 
Inventory Models: Classical EOQ Models, EOQ Model with Price Breaks, 
EOQ with Shortage, Probabilistic EOQ Model, 
05 
 
Assessment: 
 
Internal: 
Assessment consists of two tests out of which; one should be compulsory class test and the other is either a 
class test or assignment on live problems or course project. End Semester Theory Examination: 
Some guidelines for setting up the question paper. Minimum 80% syllabus should be covered in question papers 
of end semester examination. In question paper weightage of each module will be proportional to number of 
respective lecture hours as mention in the syllabus. 1. Question paper will comprise of total six question 
2. All question carry equal marks 
3."
MHSSCE_00084,BE SYLLABUS.pdf,syllabus,48,2,,"end semester examination. In question paper weightage of each module will be proportional to number of 
respective lecture hours as mention in the syllabus. 1. Question paper will comprise of total six question 
2. All question carry equal marks 
3.

Questions will be mixed in nature (for example supposed Q.2 has part (a) from module 3 then part (b) 
will be from any module other than module 3) 
4. Only Four question need to be solved. REFERENCES: 
 
1. Taha, H.A. ""Operations Research - An Introduction"", Prentice Hall, (7th Edition), 2002. 2. Ravindran, A, Phillips, D. T and Solberg, J. J. ""Operations Research: Principles and Practice"", John 
Willey and Sons, 2nd Edition, 2009. 3. Hiller, F. S. and Liebermann, G. J. ""Introduction to Operations Research"", Tata McGraw Hill, 2002. 4. Operations Research, S. D. Sharma, KedarNath Ram Nath-Meerut. 5. Operations Research, KantiSwarup, P. K. Gupta and Man Mohan, Sultan Chand & Sons."
MHSSCE_00085,BE SYLLABUS.pdf,syllabus,49,1,,"Course Code 
Course Name 
Credits 
ILO7016 
Cyber Security and Laws 
03 
 
 
Objectives: 
1. To understand and identify different types cybercrime and cyber law 
2. To recognized Indian IT Act 2008 and its latest amendments 
3. To learn various types of security standards compliances 
 
Outcomes: Learner will be able to… 
1. Understand the concept of cybercrime and its effect on outside world 
2. Interpret and apply IT law in various legal issues 
3. Distinguish different aspects of cyber law 
4. Apply Information Security Standards compliance during software design and development 
 
 
Module 
Detailed Contents 
Hrs 
01 
Introduction to Cybercrime: Cybercrime definition and origins of the world, 
Cybercrime and information security, Classifications of cybercrime, Cybercrime and the 
Indian ITA 2000, A global Perspective on cybercrimes."
MHSSCE_00086,BE SYLLABUS.pdf,syllabus,49,2,,"Detailed Contents 
Hrs 
01 
Introduction to Cybercrime: Cybercrime definition and origins of the world, 
Cybercrime and information security, Classifications of cybercrime, Cybercrime and the 
Indian ITA 2000, A global Perspective on cybercrimes.

4 
02 
Cyber offenses & Cybercrime: How criminal plan the attacks, Social Engg, Cyber 
stalking, Cyber café and Cybercrimes, Bot nets, Attack vector, Cloud computing, 
Proliferation of Mobile and Wireless Devices, Trends in Mobility, Credit Card Frauds in 
Mobile and Wireless Computing Era, Security Challenges Posed by Mobile Devices, 
Registry Settings for Mobile Devices, Authentication Service Security, Attacks on 
Mobile/Cell Phones, Mobile Devices: Security Implications for Organizations, 
Organizational Measures for Handling Mobile, Devices-Related Security Issues, 
Organizational Security Policies and Measures in Mobile 
Computing Era, Laptops 
 
 
 
9 
03 
Tools and Methods Used in Cyber line 
Phishing, Password Cracking, Key loggers and Spywares, Virus and Worms, 
Steganography, DoS and DDoS Attacks, SQL Injection, Buffer Over Flow, Attacks on 
Wireless Networks, Phishing, Identity Theft (ID Theft) 
6 
04 
The Concept of Cyberspace 
E-Commerce, The Contract Aspects in Cyber Law,The Security Aspect of Cyber 
Law,The Intellectual Property Aspect in Cyber Law, The Evidence Aspect in Cyber Law, The Criminal Aspect in Cyber Law, Global 
Trends in Cyber Law, Legal Framework for Electronic Data 
Interchange Law Relating to Electronic Banking, The Need for an Indian Cyber 
Law 
 
 
8 
05 
Indian IT Act. Cyber Crime and Criminal Justice: Penalties, Adjudication and Appeals Under the IT 
Act, 2000, IT Act."
MHSSCE_00087,BE SYLLABUS.pdf,syllabus,49,3,,"Legal Framework for Electronic Data 
Interchange Law Relating to Electronic Banking, The Need for an Indian Cyber 
Law 
 
 
8 
05 
Indian IT Act. Cyber Crime and Criminal Justice: Penalties, Adjudication and Appeals Under the IT 
Act, 2000, IT Act.

2008 and its Amendments 
6 
06 
Information Security Standard compliances 
SOX, GLBA, HIPAA, ISO, FISMA, NERC, PCI. 6"
MHSSCE_00088,BE SYLLABUS.pdf,syllabus,50,1,,"Assessment: 
 
Internal: 
Assessment consists of two tests out of which; one should be compulsory class test and the other is either a 
class test or assignment on live problems or course project. End Semester Theory Examination: 
Some guidelines for setting up the question paper. Minimum 80% syllabus should be covered in question 
papers of end semester examination. In question paper weightage of each module will be proportional to number of respective lecture hours as 
mention in the syllabus. 1. Question paper will comprise of total six question 
2. All question carry equal marks 
3. Questions will be mixed in nature (for example supposed Q.2 has part (a) from module 3 then part (b) 
will be from any module other than module 3) 
4. Only Four question need to be solved. REFERENCES: 
 
1. Nina Godbole, Sunit Belapure, Cyber Security, Wiley India, New Delhi 
2. The Indian Cyber Law by Suresh T. Vishwanathan; Bharat Law House New Delhi 
3. The Information technology Act, 2000; Bare Act- Professional Book Publishers, New Delhi. 4. Cyber Law & Cyber Crimes By Advocate Prashant Mali; Snow White Publications, Mumbai 
5. Nina Godbole, Information Systems Security, Wiley India, New Delhi 
6. Kennetch J. Knapp, Cyber Security &Global Information Assurance Information Science Publishing. 7. William Stallings, Cryptography and Network Security, Pearson Publication 
8."
MHSSCE_00089,BE SYLLABUS.pdf,syllabus,50,2,,"Nina Godbole, Information Systems Security, Wiley India, New Delhi 
6. Kennetch J. Knapp, Cyber Security &Global Information Assurance Information Science Publishing. 7. William Stallings, Cryptography and Network Security, Pearson Publication 
8.

Websites for more information is available on: 
The Information Technology ACT, 2008- 
TIFR: https://www.tifrh.res.in 
9. Website 
for 
more 
information, 
A 
Compliance 
Primer 
for 
IT 
professional: 
https://www.sans.org/reading-room/whitepapers/compliance/compliance-primer-professionals- 33538"
MHSSCE_00090,BE SYLLABUS.pdf,syllabus,51,1,,"Course Code 
Course Name 
Credits 
ILO7017 
Disaster Management and Mitigation Measures 
03 
 
Objectives: 
1. To understand physics and various types of disaster occurring around the world 
2. To identify extent and damaging capacity of a disaster 
3. To study and understand the means of losses and methods to overcome /minimize it. 4. To understand role of individual and various organization during and after disaster 
5. To understand application of GIS in the field of disaster management 
6. To understand the emergency government response structures before, during and after 
disaster 
 
Outcomes: Learner will be able to… 
1. Get to know natural as well as manmade disaster and their extent and possible effects on the 
economy. 2. Plan of national importance structures based upon the previous history. 3. Get acquainted with government policies, acts and various organizational structure 
associated with an emergency. 4. Get to know the simple do’s and don’ts in such extreme events and act accordingly. Module 
Detailed Contents 
Hrs 
01 
Introduction 
1.1 Definition of Disaster, hazard, global and Indian scenario, general perspective, 
importance of study in human life, Direct and indirect effects of disasters, long term 
effects of disasters. Introduction to global warming and 
climate change."
MHSSCE_00091,BE SYLLABUS.pdf,syllabus,51,2,,"1.1 Definition of Disaster, hazard, global and Indian scenario, general perspective, 
importance of study in human life, Direct and indirect effects of disasters, long term 
effects of disasters. Introduction to global warming and 
climate change.

03 
02 
Natural Disaster and Manmade disasters: 
Natural Disaster: Meaning and nature of natural disaster, Flood, Flash flood, drought, 
cloud burst, Earthquake, Landslides, Avalanches, Volcanic eruptions, Mudflow, 
Cyclone, Storm, Storm Surge, climate change, global warming, sea level rise, ozone 
depletion 
Manmade Disasters: Chemical, Industrial, Nuclear and Fire Hazards. Role of growing 
population and subsequent industrialization, urbanization and changing lifestyle of 
human beings in frequent occurrences of manmade 
disasters. 09 
03 
Disaster Management, Policy and Administration 
Disaster management: meaning, concept, importance, objective 
of disaster 
management policy, disaster risks in India, Paradigm shift in disaster management. Policy and administration: 
Importance and principles of disaster management policies, command and co- 
ordination of in disaster management, rescue operations-how to start with 
and how to proceed in due course of time, study of flowchart showing the entire 
process. 06 
04 
Institutional Framework for Disaster Management in India: 
4.1 Importance of public awareness, Preparation and execution of emergency management 
programme.Scope and responsibilities of National Institute of Disaster Management 
(NIDM) and National disaster management authority 
(NDMA) in India.Methods and measures to avoid disasters, Management of 
 
06"
MHSSCE_00092,BE SYLLABUS.pdf,syllabus,52,1,,"casualties, 
set 
up of emergency 
facilities, 
importance 
of effective 
communication amongst different agencies in such situations. 4.2 Use of Internet 
and softwares for effective disaster 
management. Applications of GIS, Remote sensing and GPS in this regard. 05 
Financing Relief Measures: 
Ways to raise finance for relief expenditure, role of government agencies and NGO’s in 
this process, Legal aspects related to finance raising as well as overall management of 
disasters. Various NGO’s and the works they have carried out in the past on the occurrence 
of various disasters, Ways to approach these teams. International relief aid agencies and their role in extreme events. 09 
06 
Preventive and Mitigation Measures: 
Pre-disaster, during disaster and post-disaster measures in some events in general 
Structural mapping: Risk mapping, assessment and analysis, sea walls and embankments, 
Bio shield, shelters, early warning and communication 
Non Structural Mitigation: Community based disaster preparedness, risk transfer and 
risk financing, capacity development and training, awareness and education, contingency 
plans. Do’s and don’ts in case of disasters and effective implementation of relief 
aids. 06 
 
Assessment: 
 
Internal: 
Assessment consists of two tests out of which; one should be compulsory class test and the other is either a 
class test or assignment on live problems or course project."
MHSSCE_00093,BE SYLLABUS.pdf,syllabus,52,2,,"and effective implementation of relief 
aids. 06 
 
Assessment: 
 
Internal: 
Assessment consists of two tests out of which; one should be compulsory class test and the other is either a 
class test or assignment on live problems or course project.

End Semester Theory Examination: 
Some guidelines for setting up the question paper. Minimum 80% syllabus should be covered in question papers 
of end semester examination. In question paper weightage of each module will be proportional to number of 
respective lecture hours as mention in the syllabus. 1. Question paper will comprise of total six question 
2. All question carry equal marks 
3. Questions will be mixed in nature (for example supposed Q.2 has part (a) from module 3 then part (b) 
will be from any module other than module 3) 
4. Only Four question need to be solved. REFERENCES: 
 
1. ‘Disaster Management’ by Harsh K.Gupta, Universities Press Publications. 2. ‘Disaster Management: An Appraisal of Institutional Mechanisms in India’ by O.S.Dagur, published by 
Centre for land warfare studies, New Delhi, 2011. 3. ‘Introduction to International Disaster Management’ by Damon Copolla, Butterworth Heinemann 
Elseveir Publications. 4. ‘Disaster Management Handbook’ by Jack Pinkowski, CRC Press Taylor and Francis group. 5. ‘Disaster management & rehabilitation’ by Rajdeep Dasgupta, Mittal Publications, New Delhi. 6. ‘Natural Hazards and Disaster Management, Vulnerability and Mitigation – R B Singh, Rawat 
Publications 
7. Concepts and Techniques of GIS –C.P.Lo Albert, K.W. Yonng – Prentice Hall (India) Publications. (Learners are expected to refer reports published at national and International level and updated 
information available on authentic web sites)"
MHSSCE_00094,BE SYLLABUS.pdf,syllabus,53,1,,"Course Code 
Course Name 
Credits 
ILO7018 
Energy Audit and Management 
03 
 
 
Objectives: 
 
1. To understand the importance energy security for sustainable development and the 
fundamentals of energy conservation. 2. To introduce performance evaluation criteria of various electrical and thermal installations to 
facilitate the energy management 
3. To relate the data collected during performance evaluation of systems for identification of energy 
saving opportunities. Outcomes: Learner will be able to… 
 
1. To identify and describe present state of energy security and its importance. 2. To identify and describe the basic principles and methodologies adopted in energy audit of an utility. 3. To describe the energy performance evaluation ofsome common electrical installations and identify 
the energy saving opportunities. 4. To describe the energy performance evaluation ofsome common thermal installations and identify 
the energy saving opportunities 
5. To analyze the data collected during performance evaluation and recommend energy saving 
measures 
 
Module 
Detailed Contents 
Hrs 
01 
Energy Scenario: 
Present Energy Scenario, Energy Pricing, Energy Sector Reforms, Energy Security, 
Energy Conservation and its Importance, Energy Conservation Act- 2001 and its Features."
MHSSCE_00095,BE SYLLABUS.pdf,syllabus,53,2,,"saving 
measures 
 
Module 
Detailed Contents 
Hrs 
01 
Energy Scenario: 
Present Energy Scenario, Energy Pricing, Energy Sector Reforms, Energy Security, 
Energy Conservation and its Importance, Energy Conservation Act- 2001 and its Features.

Basics of Energy and its various forms, Material and 
Energy balance 
 
04 
02 
Energy Audit Principles: 
Definition, Energy audit- need, Types of energy audit, Energy management (audit) 
approach-understanding energy costs, Bench marking, Energy performance, Matching 
energy use to requirement, Maximizing system efficiencies, Optimizing the input energy 
requirements, Fuel and energy substitution. Elements of monitoring& targeting; Energy 
audit Instruments; Data and information-analysis. Financial analysis techniques: Simple payback period, NPV, Return on investment (ROI), 
Internal rate of return (IRR) 
 
 
 
08 
03 
Energy Management and Energy Conservation in Electrical System: Electricity 
billing, Electrical load management and maximum demand Control; Power factor 
improvement, Energy efficient equipments and appliances, star ratings. Energy efficiency measures in lighting system, Lighting control: Occupancy 
sensors, daylight integration, and use of intelligent controllers. Energy conservation opportunities in: water pumps, industrial drives, induction motors, 
motor retrofitting, soft starters, variable speed drives. 10"
MHSSCE_00096,BE SYLLABUS.pdf,syllabus,54,1,,"04 
Energy Management and Energy Conservation in Thermal Systems: 
Review of different thermal loads; Energy conservation opportunities in: Steam 
distribution system, Assessment of steam distribution losses, Steam leakages, Steam 
trapping, Condensate and flash steam recovery system. General fuel economy measures in Boilers and furnaces, Waste heat recovery, use of 
insulation- types and application. HVAC system: Coefficient of performance, Capacity, 
factors affecting Refrigeration and Air Conditioning system performance and savings 
opportunities. 10 
05 
Energy Performance Assessment: 
On site Performance evaluation techniques, Case studies based on: Motors and variable 
speed drive, pumps, HVAC system calculations; Lighting System: 
Installed Load Efficacy Ratio (ILER) method, Financial Analysis. 04 
06 
Energy conservation in Buildings: 
Energy Conservation Building Codes (ECBC): Green Building, LEED rating, 
Application of Non-Conventional and Renewable Energy Sources 
03 
 
 
Assessment: 
 
Internal: 
Assessment consists of two tests out of which; one should be compulsory class test and the other is either a 
class test or assignment on live problems or course project. End Semester Theory Examination: 
Some guidelines for setting up the question paper. Minimum 80% syllabus should be covered in question papers 
of end semester examination. In question paper weightage of each module will be proportional to number of 
respective lecture hours as mention in the syllabus."
MHSSCE_00097,BE SYLLABUS.pdf,syllabus,54,2,,"setting up the question paper. Minimum 80% syllabus should be covered in question papers 
of end semester examination. In question paper weightage of each module will be proportional to number of 
respective lecture hours as mention in the syllabus.

1. Question paper will comprise of total six question 
2. All question carry equal marks 
3. Questions will be mixed in nature (for example supposed Q.2 has part (a) from module 3 then part (b) 
will be from any module other than module 3) 
4. Only Four question need to be solved. REFERENCES: 
 
1. Handbook of Electrical Installation Practice, Geofry Stokes, Blackwell Science 
2. Designing with light: Lighting Handbook, By Anil Valia, Lighting System 
3. Energy Management Handbook, By W.C. Turner, John Wiley and Sons 
4. Handbook on Energy Audits and Management, edited by A. K. Tyagi, Tata Energy 
Research Institute (TERI). 5. Energy Management Principles, C.B.Smith, Pergamon Press 
6. Energy Conservation Guidebook, Dale R. Patrick, S. Fardo, Ray E. Richardson, Fairmont Press 
7. Handbook of Energy Audits, Albert Thumann, W. J. Younger, T. Niehus, CRC Press 
8. www.energymanagertraining.com 
9. www.bee-india.nic.in"
MHSSCE_00098,BE SYLLABUS.pdf,syllabus,55,1,,"Course Code 
Course Name 
Credits 
ILO7019 
Development Engineering 
03 
 
Objectives: 
 
1. To familiarise the characteristics of rural Society and the Scope, Nature and Constraints of rural 
Development 
2. To provide an exposure toimplications of 73rdCAA on Planning, Development and Governance of Rural 
Areas 
3. An exploration of human values, which go into making a ‘good’ human being, a ‘good’ professional, a 
‘good’ society and a ‘good life’ in the context of work life and the personal life of modern Indian 
professionals 
4. To familiarise the Nature and Type of Human Values relevant to Planning Institutions 
 
Outcomes: Learner will be able to… 
 
1. Demonstrateunderstanding of knowledge for Rural Development. 2. Prepare solutions for Management Issues. 3. Take up Initiatives and design Strategies to complete the task 
4. Develop acumen for higher education and research. 5. Demonstrate the art of working in group of different nature 
6."
MHSSCE_00099,BE SYLLABUS.pdf,syllabus,55,2,,"Rural Development. 2. Prepare solutions for Management Issues. 3. Take up Initiatives and design Strategies to complete the task 
4. Develop acumen for higher education and research. 5. Demonstrate the art of working in group of different nature 
6.

Develop confidence to take up rural project activities independently 
 
 
 
Module 
Contents 
Hrs 
1 
Introduction to Rural Development Meaning, nature and scope of development; Nature of 
rural society in India; Hierarchy of settlements; Social, economic and ecological constraints 
for rural development 
Roots of Rural Development in India Rural reconstruction and Sarvodaya programme 
before independence; Impact of voluntary effort and Sarvodaya Movement on rural 
development; Constitutional direction, directive principles; Panchayati Raj - beginning of 
planning and community development; National extension services. 08 
2 
Post-Independence rural Development Balwant Rai Mehta Committee - three tier system of 
rural local Government; Need and scope for people’s participation and Panchayati Raj; 
Ashok Mehta Committee - linkage between Panchayati Raj, participation and rural 
development. 06 
3 
Rural Development Initiatives in Five Year Plans Five Year Plans and Rural Development; 
Planning process at National, State, Regional and District levels; Planning, development, 
implementing and monitoring organizations and agencies; Urban and rural interface - 
integrated approach and local plans; Development initiatives and their convergence; Special 
component plan and sub-plan for the weaker section; Micro-eco zones; Data base for local 
planning; Need for decentralized planning; Sustainable rural development 
07"
MHSSCE_00100,BE SYLLABUS.pdf,syllabus,56,1,,"4 
Post 73rd Amendment Scenario 73rd Constitution Amendment Act, including - XI 
schedule, devolution of powers, functions and finance; Panchayati Raj institutions 
- organizational linkages; Recent changes in rural local planning; Gram Sabha - revitalized 
Panchayati Raj; Institutionalization; resource mapping, resource mobilization including 
social mobilization; Information Technology and rural planning; Need for further 
amendments."
MHSSCE_00101,BE SYLLABUS.pdf,syllabus,56,2,,"Recent changes in rural local planning; Gram Sabha - revitalized 
Panchayati Raj; Institutionalization; resource mapping, resource mobilization including 
social mobilization; Information Technology and rural planning; Need for further 
amendments.

04 
5 
Values and Science and Technology Material development and its values; the 
challenge of science and technology; Values in planning profession, research and education 
Types of Values Psychological values — integrated personality; mental health; Societal 
values — the modern search for a good society; justice, democracy, rule of law, values in 
the Indian constitution; Aesthetic values — perception and enjoyment of beauty; Moral and 
ethical values; nature of moral judgment; Spiritual values; different concepts; secular 
spirituality; Relative and absolute values; Human values— humanism and human values; 
human rights; human values as freedom, creativity, love and wisdom 
10 
6 
Ethics Canons of ethics; ethics of virtue; ethics of duty; ethics of responsibility; 
Work ethics; Professional ethics; Ethics in planning profession, research and education 
04 
 
Assessment: 
 
Internal Assessment for 20 marks: 
Consisting Two Compulsory Class Tests 
First test based onapproximately 40% of contents and second test based on remainingcontents (approximately 
40% but excluding contents covered in Test I) 
 
End Semester Examination: 
Weightage of each module in end semester examination will be proportional to number of respective lecture 
hours mentioned in the curriculum. 1. Question paper will comprise of total six questions, each carrying 20 marks 
2. Question 1 will be compulsory and should cover maximum contents of the curriculum 
3."
MHSSCE_00102,BE SYLLABUS.pdf,syllabus,56,3,,"proportional to number of respective lecture 
hours mentioned in the curriculum. 1. Question paper will comprise of total six questions, each carrying 20 marks 
2. Question 1 will be compulsory and should cover maximum contents of the curriculum 
3.

Remaining questions will be mixed in nature (for example if Q.2 has part (a) from module 3 then part 
(b) will be from any module other than module 3) 
4. Only Four questions need to be solved 
 
Reference 
1. ITPI, Village Planning and Rural Development, ITPI, New Delhi 
2. Thooyavan, K.R. Human Settlements: A 2005 MA Publication, Chennai 
3. GoI, Constitution (73rdGoI, New Delhi Amendment) Act, GoI, New Delhi 
4. Planning Commission, Five Year Plans, Planning Commission 
5. Planning Commission, Manual of Integrated District Planning, 2006, Planning Commission New Delhi 
6. Planning Guide to Beginners 
7. Weaver, R.C., The Urban Complex, Doubleday 
8. Farmer, W.P. et al, Ethics in Planning, American Planning Association, Washington"
MHSSCE_00103,BE SYLLABUS.pdf,syllabus,57,1,,"9. How, E., Normative Ethics in Planning, Journal of Planning Literature, Vol.5, No.2, pp. 123-150 
10. Watson, V. Conflicting Rationalities: -- Implications for Planning Theory and Ethics, Planning Theory 
and Practice, Vol. 4, No.4, pp.395 – 407"
MHSSCE_00104,BE SYLLABUS.pdf,syllabus,58,1,,"Lab Code 
Lab Name 
Credit 
CSL701 
Deep Learning Lab 
1 
 
 
Prerequisite: Python Programming, Engineering Mathematics 
Lab Objectives: 
1 To implement basic neural network models. 
2 To implement various training algorithms for feedforward neural networks. 
3 To design deep learning models for supervised, unsupervised and sequence learning. 
Lab Outcomes: At the end of the course, the students will be able to 
1 Implement basic neural network models. 
2 Design and train feedforward neural networks using various learning algorithms and 
optimize model performance. 
3 Build and train deep learning models such as Autoencoders, CNNs, RNN, LSTM,GRU etc. 
 
 
 
Suggested List of Experiments 
1. 
Based on Module 1 using Virtual Lab 
1. Implement Multilayer Perceptron algorithm to simulate XOR gate. 
2. To explore python libraries for deep learning e.g. Theano, TensorFlow etc. 
2 
Module 2 (Any Two) 
3. Apply any of the following learning algorithms to learn the parameters of the 
supervised single layer feed forward neural network. 
a. Stochastic Gradient Descent 
b. Mini Batch Gradient Descent 
c. Momentum GD 
d. Nestorev GD 
e. Adagrad GD 
f. Adam Learning GD 
4. Implement a backpropagation algorithm to train a DNN with at least 2 hidden layers. 
5.Design and implement a fully connected deep neural network with at least 2 hidden 
layers for a classification application. Use appropriate Learning Algorithm, output 
function and loss function. 
3. 
Module 3 (Any One)"
MHSSCE_00105,BE SYLLABUS.pdf,syllabus,59,1,,"6. Design the architecture and implement the autoencoder model for Image 
Compression. 7. Design the architecture and implement the autoencoder model for Image 
denoising. 4 
Module 4 (Any One) 
8. Design and implement a CNN model for digit recognition application. 9. Design and implement a CNN model for image classification. Module 5 (Any Two) 
10. Design and implement LSTM model for handwriting recognition, speech 
recognition, machine translation, speech activity detection, robot control, video 
games, time series forecasting etc. 11. Design and implement GRU for any real life applications, chat bots etc. 12. Design and implement RNN for classification of temporal data, sequence to 
sequence data modelling etc. Textbooks: 
1 
Ian Goodfellow, Yoshua Bengio, Aaron Courville. ―Deep Learningǁ, MIT Press Ltd, 
2016 
2 
Li Deng and Dong Yu, ―Deep Learning Methods and Applicationsǁ, Publishers Inc. 3 
Satish Kumar ""Neural Networks A Classroom Approach"" Tata McGraw-Hill. 4 
JM Zurada ―Introduction to Artiﬁcial Neural Systemsǁ, Jaico Publishing House 
5 
M. J. Kochenderfer, Tim A. Wheeler. ―Algorithms for Optimizationǁ, MIT Press. References: 
1 
Deep Learning from Scratch: Building with Python from First Principles- Seth Weidman 
by O`Reilley 
2 
François Chollet. ―Deep learning with Python ―(Vol. 361). 2018 New York: Manning. 3 
Douwe Osinga. ―Deep Learning Cookbookǁ, O‘REILLY, SPD Publishers, Delhi."
MHSSCE_00106,BE SYLLABUS.pdf,syllabus,59,2,,"from Scratch: Building with Python from First Principles- Seth Weidman 
by O`Reilley 
2 
François Chollet. ―Deep learning with Python ―(Vol. 361). 2018 New York: Manning. 3 
Douwe Osinga. ―Deep Learning Cookbookǁ, O‘REILLY, SPD Publishers, Delhi.

4 
Simon Haykin, Neural Network- A Comprehensive Foundation- Prentice Hall 
International, Inc 
5 
S.N.Sivanandam and S.N.Deepa, Principles of soft computing-Wiley India 
Web References: 
1 
https://keras.io/ 
2 
https://stanford.edu/~shervine/teaching/cs-230/cheatsheet-recurrent-neural-networks 
3 
https://keras.io/examples/vision/autoencoder/ 
4 
https://stanford.edu/~shervine/teaching/cs-230/cheatsheet-convolutional-neural-networks"
MHSSCE_00107,BE SYLLABUS.pdf,syllabus,60,1,,"Term Work: 
1 Term work should consist of 8 experiments. 
2 The final certification and acceptance of term work ensures satisfactory performance of 
laboratory work and minimum passing marks in term work. 
3 The final certification and acceptance of term work ensures satisfactory performance of 
laboratory work and minimum passing marks in term work. Total 25 Marks (Experiments: 
15-marks, Attendance Theory & Practical: 05-marks, Assignment: 05-marks) 
Practical and Oral exam 
Oral examination based on the entire syllabus of CSC:701"
MHSSCE_00108,BE SYLLABUS.pdf,syllabus,61,1,,"Course Code 
Course Name 
Credits 
CSL702 
Big Data Analytics Lab 
1 
 
 
Prerequisite: Java/Python 
Lab Objectives: 
1 
To provide an overview of an exciting growing field of big data analytics. 
2 
To introduce programming skills to build simple solutions using big data technologies such as 
MapReduce and scripting for NoSQL, and the ability to write parallel algorithms for 
multiprocessor execution. 
3 
To teach the fundamental techniques and principles in achieving big data analytics with 
scalability and streaming capability. 
4 
To enable students to have skills that will help them to solve complex real-world problems in 
decision support. 
Lab Outcomes: 
1 
Understand the key issues in big data management and its associated applications for business 
decisions and strategy. 
2 
Develop problem solving and critical thinking skills in fundamental enabling techniques like 
Hadoop, Map reduce and NoSQL in big data analytics. 
3 
Collect, manage, store, query and analyze various forms of Big Data. 
4 
Interpret business models and scientific computing paradigms, and apply software tools for big 
data analytics. 
5 
Adapt adequate perspectives of big data analytics in various applications like recommender 
systems, social media applications etc. 
6 
Solve Complex real world problems in various applications like recommender systems, social 
media applications, health and medical systems, etc. 
 
Suggested Experiments:"
MHSSCE_00109,BE SYLLABUS.pdf,syllabus,62,1,,"Sr. No. Name of the Experiment 
1 
Hadoop HDFS Practical: -HDFS Basics, Hadoop Ecosystem Tools Overview. -Installing 
Hadoop. -Copying File to Hadoop. -Copy from Hadoop File system and deleting file. -Moving and displaying files in HDFS. -Programming exercises on Hadoop. 2 
Use of Sqoop tool to transfer data between Hadoop and relational database servers. a. Sqoop - Installation. b. To execute basic commands of Hadoop eco system component 
Sqoop. 3 
To install and configure MongoDB/ Cassandra/ HBase/ Hypertable to execute NoSQL 
commands. 4 
Experiment on Hadoop Map-Reduce / PySpark: -Implementing simple algorithms in 
Map-Reduce: Matrix multiplication, Aggregates, Joins, Sorting, Searching, etc. 5 
Create HIVE Database and Descriptive analytics-basic statistics, visualization using 
Hive/PIG/R. 6 
Write a program to implement word count programs using MapReduce. 7 
Implementing DGIM algorithm using any Programming Language/ Implement Bloom 
Filter using any programming language. 8 
Implementing any one Clustering algorithm (K-Means/CURE) using Map-Reduce. 9 
Streaming data analysis – use flume for data capture, HIVE/PYSpark for analysis of 
twitter data, chat data, weblog analysis etc. 10 
Implement PageRank using Map-Reduce. 11 
Implement predictive Analytics techniques (regression / time series, etc.) using R/ 
Scilab/ Tableau/ Rapid miner."
MHSSCE_00110,BE SYLLABUS.pdf,syllabus,62,2,,"data capture, HIVE/PYSpark for analysis of 
twitter data, chat data, weblog analysis etc. 10 
Implement PageRank using Map-Reduce. 11 
Implement predictive Analytics techniques (regression / time series, etc.) using R/ 
Scilab/ Tableau/ Rapid miner.

Useful Links 
1 
https://nptel.ac.in/courses/117/102/117102062/ 
2 
https://epgp.inflibnet.ac.in/Home/ViewSubject?catid=305 
3 
https://nptel.ac.in/courses/106/106/106106167/"
MHSSCE_00111,BE SYLLABUS.pdf,syllabus,63,1,,"Term Work: 
1 
Term work should consist of 10 experiments 
2 
Journal must include at least 2 assignments based on Theory and Practical’s 
3 
The final certification and acceptance of term work ensures satisfactory performance of 
laboratory work and minimum passing marks in term work. 
4 
Total 25 Marks (Experiments: 15-marks, Attendance Theory & Practical: 05-marks, 
Assignments: 05-marks) 
Oral & Practical exam: 
Oral examination based on the entire syllabus of CSC702 and CSL702"
MHSSCE_00112,BE SYLLABUS.pdf,syllabus,64,1,,"Course Code: 
Course Title 
Credit 
CSDOL7011 
Natural Language Processing Lab 
1 
 
 
Prerequisite: Java/Python 
Lab Objectives: 
1 To understand the key concepts of NLP. 
2 To learn various phases of NLP 
3 To design and implement various language models and POS tagging techniques 
4 To understand various NLP Algorithms 
5 To learn NLP applications such as Information Extraction, Sentiment Analysis, Question 
answering, Machine translation etc. 
6 To design and implement applications based on natural language processing 
Lab Outcomes: 
1 Apply various text processing techniques 
2 Design language model for word level analysis 
3 Design, implement and analyze NLP algorithms 
4 Realize semantics of English language for text processing 
5 To apply NLP techniques to design real world NLP applications such as machine translation, 
sentiment analysis, text summarization, information extraction, Question Answering system etc. 
6 Implement proper experimental methodology for training and evaluating empirical NLP systems 
 
Suggested Experiments: 
Sr. No. 
Name of the Experiment 
1 
Study various applications of NLP and Formulate the Problem Statement for Mini 
Project based on chosen real world NLP applications: 
[Machine Translation, Text Categorization, Text summarization, Chat Bot, Plagiarism, 
Spelling & Grammar Checkers, Sentiment / Opinion analysis, Question answering, 
Personal Assistant, Tutoring Systems, etc.]"
MHSSCE_00113,BE SYLLABUS.pdf,syllabus,65,1,,"2 
Apply various text preprocessing techniques for any given text: Tokenization and 
Filtration & Script Validation 
3 
Apply various other text preprocessing techniques for any given text: Stop Word 
Removal, Lemmatization / Stemming 
4 
Perform morphological analysis and word generation for any given text 
5 
Implement N-Gram model for the given text input 
6 
Study the different POS taggers and Perform POS tagging on the given text 
7 
Perform chunking by analyzing the importance of selecting proper features for training a 
model and size of training 
8 
Implement Named Entity Recognizer for the given text input 
9 
Implement Text Similarity Recognizer for the chosen text documents 
10 
Implement word sense disambiguation using LSTM/GRU 
11 
Exploratory data analysis of a given text (Word Cloud) 
12 
Mini Project Report: For any one chosen real world NLP application 
13 
Implementation and Presentation of Mini Project 
 
Useful Links 
1 
https://nlp-iiith.vlabs.ac.in/List%20of%20experiments.html 
2 
https://onlinecourses.nptel.ac.in/noc21_cs102/preview 
3 
https://onlinecourses.nptel.ac.in/noc20_cs87/preview 
4 
https://nptel.ac.in/courses/106105158 
 
 
Term Work: 
1 
Term work should consist of 08 experiments and mini project 
2 
Journal must include at least 2 assignments based on Theory and Practical’s"
MHSSCE_00114,BE SYLLABUS.pdf,syllabus,66,1,,"3 
The final certification and acceptance of term work ensures satisfactory performance of 
laboratory work and minimum passing marks in term work. 
4 
Total 25 Marks (Experiments: 15-marks, Attendance Theory & Practical: 05-marks, 
Assignments: 05-marks)"
MHSSCE_00115,BE SYLLABUS.pdf,syllabus,67,1,,"Course Code: 
Course Title 
Credit 
CSDOL7012 
AI for Healthcare Lab 
1 
 
 
Prerequisites: Python 
Lab Objective 
1 
To Collect, clean, integrate, and transform healthcare data for a specific disease. 2 
To Perform exploratory data analysis on healthcare data. 3 
To Develop AI models for medical diagnosis using MRI/X-ray data. 4 
To Build AI models for medical prognosis. 5 
Extract entities from medical reports using natural language processing. To Predict disease risk using patient data 
Lab Outcomes: 
After successful completion of the course, the student will be able to: 
1 
Understand computational models of AI, 
2 
Develop healthcare applications using appropriate computational tools. 3 
Apply appropriate models to solve specific healthcare problems. 4 
Analyze and justify the performance of specific models as applied to healthcare 
problems. 5 
Design and implement AI based healthcare applications. Suggested Experiments: 
Sr. No. Name of the Experiment 
1 
Collect, Clean, Integrate and Transform Healthcare Data based on specific disease. 2 
Perform Exploratory data analysis of Healthcare Data. 3 
AI for medical diagnosis based on MRI/X-ray data. 4 
AI for medical prognosis. 5 
Natural language Entity Extraction from medical reports. 6 
Predict disease risk from Patient data. 7 
Medical Reviews Analysis from social media data. 8 
Explainable AI in healthcare for model interpretation."
MHSSCE_00116,BE SYLLABUS.pdf,syllabus,67,2,,"data. 4 
AI for medical prognosis. 5 
Natural language Entity Extraction from medical reports. 6 
Predict disease risk from Patient data. 7 
Medical Reviews Analysis from social media data. 8 
Explainable AI in healthcare for model interpretation.

9 
Mini Project-Design and implement innovative web/mobile based AI application using Healthcare 
Data. (this needs to be implemented in group of 3-4 students ) 
10 
Documentation and Presentation of Mini Project. Textbooks: 
1 
Arjun Panesar, ""Machine Learning and AI for Healthcare”, A Press."
MHSSCE_00117,BE SYLLABUS.pdf,syllabus,68,1,,"2 
Arvin Agah, ""Medical applications of Artificial Systems "", CRC Press 
 
References: 
1 
Erik R. Ranschaert Sergey Morozov Paul R. Algra, “Artificial Intelligence in medical 
Imaging- Opportunities, Applications and Risks”, Springer 
2 
Sergio Consoli Diego Reforgiato Recupero Milan Petković,“Data Science for Healthcare- 
Methodologies and Applications”, Springer 
3 
Dac-Nhuong Le, Chung Van Le, Jolanda G. Tromp, Gia Nhu Nguyen, “Emerging technologies for 
health and medicine”, Wiley. 
4 
Ton J. Cleophas • Aeilko H. Zwinderman, “Machine Learning in Medicine- Complete 
Overview”, Springer 
Useful Links 
1 
https://www.coursera.org/learn/introduction-tensorflow?specialization=tensorflow-in-practice 
2 
https://www.coursera.org/learn/convolutional-neural-networks-tensorflow?specialization=tensorflo w- in-
practice 
3 
https://datarade.ai/data-categories/electronic-health-record-ehr-data 
4 
https://www.cms.gov/Medicare/E-Health/EHealthRecords 
5 
https://www.coursera.org/learn/tensorflow-sequences-time-series-and-prediction?specialization=te 
nsorflow-in-practice 
 
Term Work: 
1 Term work should consist of 8 experiments and a Mini Project. 
2 The final certification and acceptance of term work ensures satisfactory performance of 
laboratory 
work and minimum passing marks in term work. 
3 Total 25 Marks (Experiments: 10-Marks, Mini Project-10 Marks, Attendance Theory & 
Practical: 05- 
marks)"
MHSSCE_00118,BE SYLLABUS.pdf,syllabus,69,1,,"Course Code: 
Course Title 
Credit 
CSDOL7013 
Neural Networks and Fuzzy Systems Lab 
1 
 
 
Prerequisite: C/C++/Java/MATLAB 
Lab Objectives: 
1 
Articulate basic knowledge of fuzzy set theory through programing. 
2 
To design Associative Memory Networks. 
3 
To apply Unsupervised learning towards Networks design. 
4 
To demonstrate Special networks and its applications in soft computing. 
5 
To implement Hybrid computing systems. 
Lab Outcomes: At the end of the course, the students will be able to 
1 
Implement Fuzzy operations and functions towards Fuzzy-rule creations. 
2 
Build and training Associative Memory Network. 
3 
Build Unsupervised learning based networks. 
4 
Design and implement architecture of Special Networks 
5 
Implement Neuro-Fuzzy hybrid computing applications. 
 
Suggested Experiments: 
Sr. No. 
Name of the Experiment 
1 
Demonstrate Union and intersection of two Fuzzy Sets. 
2 
Demonstrate difference between two Fuzzy Sets. 
3 
Implement Fuzzy membership functions. 
4 
Implement Fuzzy Inference system (FIS). 
5 
Implement any De-fuzzification of membership method. 
6 
Implement Bidirectional Associative Memory(BAM) Network 
7 
Implement Radial basis function network. 
8 
Implement Basic Neural Network learning rules. 
9 
Implement any Unsupervised Learning algorithm."
MHSSCE_00119,BE SYLLABUS.pdf,syllabus,70,1,,"10 
Implement Kohonen Self- Organizing Feature Maps 
11 
Implement a Probabilistic Neural Network. 
12 
Implement any Ensemble neural model. 
13 
Design any one Neuro-Fuzzy system. 
 
Useful Links 
1 
https://onlinecourses.nptel.ac.in/noc21_ge07/preview 
2 
http://www.nitttrc.edu.in/nptel/courses/video/127105006/L25.html 
3 
https://archive.nptel.ac.in/courses/108/104/108104157/ 
 
 
Term Work: 
1 
Term work should consist of 08 experiments, 1 case study. 
2 
Journal must include at least 2 assignments based on Theory and Practical’s. 
3 
The final certification and acceptance of term work ensures satisfactory performance of 
laboratory work and minimum passing marks in term work. 
4 
Total 25 Marks (Experiments: 15-marks, Attendance Theory & Practical: 05-marks, 
Assignments: 05-marks)"
MHSSCE_00120,BE SYLLABUS.pdf,syllabus,71,1,,"Course Code: 
Course Title 
Credit 
CSDOL7021 
User Experience Design with VR Lab 
1 
 
 
Prerequisite: Computer Graphics, Python 
Lab Objectives: 
1 To perform installation of Unity 
2 To explore working of VR Gadget 
3 To develop scene VR application 
4 To track objects in virtual environment 
Lab Outcomes: 
1 Setup VR development environment 
2 Use HTC Vive/ Google Cardboard/ Google Daydream and Samsung gear VR. 
3 Develop VR scene and place object 
4 Identify, examine and develop software that reflects fundamental techniques for the design and 
deployment of VR experiences 
 
Suggested Experiments: 
Sr. No. 
Name of the Experiment 
1 
Installation of Unity and Visual Studio, setting up Unity for VR development, 
understanding documentation of the same. 
2 
Demonstration of the working of HTC Vive, Google Cardboard, Google Daydream and 
Samsung gear VR. 
3 
Develop a scene in Unity that includes: 
i. 
a cube, plane and sphere, apply transformations on the 3 game objects. 
ii. 
add a video and audio source 
4 
Develop a scene in Unity that includes a cube, plane and sphere. Create a new material 
and texture separately for three Game objects. Change the colour, material and texture of"
MHSSCE_00121,BE SYLLABUS.pdf,syllabus,72,1,,"each Game object separately in the scene. Write a C# program in visual studio to change 
the colour and material/texture of the game objects dynamically on button click 
5 
Develop a scene in Unity that includes a sphere and plane. Apply Rigid body 
component, material and Box collider to the game Objects. Write a C# program to grab 
and throw the sphere using vr controller. 6 
Develop a simple UI(User interface ) menu with images, canvas, sprites and button. Write a C# program to interact with UI menu through VR trigger button such that on 
each successful trigger interaction display a score on scene. 7 
Create an immersive environment (living room/ battlefield/ tennis court) with only static 
game objects. 3D game objects can be created using Blender or use available 3D models 
8 
Include animation and interaction in the immersive environment created in Assignment 
7. 9 
Case Study/Mini Project: Create a virtual environment for any use case. The application 
must include at least 4 scenes which can be changed dynamically, a good UI, animation 
and interaction with game objects. (e.g."
MHSSCE_00122,BE SYLLABUS.pdf,syllabus,72,2,,"created in Assignment 
7. 9 
Case Study/Mini Project: Create a virtual environment for any use case. The application 
must include at least 4 scenes which can be changed dynamically, a good UI, animation 
and interaction with game objects. (e.g.

VR application to visit a zoo) 
10 
Presentation of Mini Project 
 
Useful Links 
1 
https://nptel.ac.in/courses/106106138 
2 
https://nptel.ac.in/courses/121106013 
3 
https://www.coursera.org/learn/develop-augmented-virtual-mixed-extended-reality-applicatio 
ns-webxr-unity-unreal 
4 
https://tih.iitr.ac.in/AR-VR.html 
 
 
Term Work: 
1 
Term work should consist of 08 experiments and mini project 
2 
Journal must include at least 2 assignments based on Theory and Practical’s"
MHSSCE_00123,BE SYLLABUS.pdf,syllabus,73,1,,"3 
The final certification and acceptance of term work ensures satisfactory performance of 
laboratory work and minimum passing marks in term work. 
4 
Total 25 Marks (Experiments: 15-marks, Attendance Theory & Practical: 05-marks, 
Assignments: 05-marks)"
MHSSCE_00124,BE SYLLABUS.pdf,syllabus,74,1,,"Course Code: 
Course Title 
Credit 
CSDOL7022 
Blockchain Technologies Lab 
1 
 
 
Prerequisite: Java, Python, JavaScript. 
Lab Objectives: 
1 
To develop and deploy smart contracts on local Blockchain. 
2 
To deploy the smart contract on test networks. 
3 
To deploy and publish smart contracts on Ethereum test network. 
4 
To design and develop crypto currency. 
5 
To deploy chain code on permissioned Blockchain. 
6 
To design and develop a Full-fledged DApp using Ethereum/Hyperledger. 
Lab Outcomes: 
1 
Develop and test smart contract on local Blockchain. 
2 
Develop and test smart contract on Ethereum test networks. 
3 
Write and deploy smart contract using Remix IDE and Metamask. 
4 
Design and develop Cryptocurrency. 
5 
Write and deploy chain code in Hyperledger Fabric. 
6 
Develop and test a Full-fledged DApp using Ethereum/Hyperledger. 
 
Suggested Experiments: 
Sr. No. 
Name of the Experiment 
1 
Local Blockchain: Introduction to Truffle, establishing local Blockchain using Truffle 
a) Cryptography in Blockchain and Merkle root tree hash 
2 
Smart contracts and Chain code: Solidity programming language, chain code 
(Java/JavaScript/Go), deployment on Truffle local 
a) Creating Smart Contract using Solidity 
b) Embedding wallet and transaction using Solidity"
MHSSCE_00125,BE SYLLABUS.pdf,syllabus,75,1,,"3 
Deployment and publishing smart contracts on Ethereum test network: Ethereum 
Test 
networks 
(Ropsten/Gorelli/Rinkeby), 
deployment 
on 
test 
networks, 
Web3.js/Web3.py for interaction with Ethereum smart contract 
a) Blockchain platform ethereum using Geth. b) Blockchain platform Ganache 
4 
Remix IDE and Metamask: Smart contract development and deployment using 
Metamask and Remix. Design and develop Crypto currency 
5 
Chain code deployment in Hyperledger Fabric: Chain 
code 
deployment 
in 
Hyperledger fabric Mini project: Study required front end tools 
6 
Case Study on Hyperledger 
7 
Case Study on Other Blockchain platforms. 8 
Creating a blockchain Application 
9 
Mini-project on Design and Development of a DApps using Ethereum/Hyperledger 
Fabric: Implementation of Mini Project, 
1. Design, configure and testing of mini project 
2. Report submission as per guidelines 
3. Implementation and Presentation of Mini Projects 
 
Text Books: 
1. Ethereum Smart Contract Development, Mayukh Mukhopadhyay, Packt publication. 2. Solidity Programming Essentials: A Beginner's Guide to Build Smart Contracts for Ethereum 
and Blockchain, Ritesh Modi, Packt publication. 3. Hands-on Smart Contract Development with Hyperledger Fabric V2, Matt Zand, Xun Wu and 
Mark Anthony Morris, O’Reilly. Reference Books: 
 
1. Mastering Blockchain, Imran Bashir, Packt Publishing 
2. Introducing Ethereum and Solidity, Chris Dannen, APress. 3."
MHSSCE_00126,BE SYLLABUS.pdf,syllabus,75,2,,"Smart Contract Development with Hyperledger Fabric V2, Matt Zand, Xun Wu and 
Mark Anthony Morris, O’Reilly. Reference Books: 
 
1. Mastering Blockchain, Imran Bashir, Packt Publishing 
2. Introducing Ethereum and Solidity, Chris Dannen, APress. 3.

Hands-on Blockchain with Hyperledger, Nitin Gaur, Packt Publishing. Mini project: 
1. Students should carry out mini-project in a group of three/four students with a subject 
In-charge 
2. The group should meet with the concerned faculty during laboratory hours and the"
MHSSCE_00127,BE SYLLABUS.pdf,syllabus,76,1,,"progress of work discussed must be documented. 
3. Each group should perform a detailed literature survey and formulate a problem statement. 
4. Each group will identify the hardware and software requirement for their defined mini 
project problem statement. 
5. Design, develop and test their smart contract/chain code. 
6. Each group may present their work in various project competitions and paper presentations 
Documentation of the Mini Project 
 
The Mini Project Report can be made on following lines: 
1. Abstract 
2. Contents 
3. List of figures and tables 
4. Chapter-1 (Introduction, Literature survey, Problem definition, Objectives, Proposed 
Solution, Technology/platform used) 
5. Chapter-2 (System design/Block diagram, Flow chart, Software requirements, cost 
estimation) 
6. Chapter-3 (Implementation snapshots/figures with explanation, code, future directions) 
7. Chapter-4 (Conclusion) 
8. References 
 
 
Useful Links 
1 
https://trufflesuite.com/ 
2 
https://metamask.io/ 
3 
https://remix.ethereum.org/ 
4 
https://www.hyperledger.org/use/fabric 
 
 
Term Work: 
1 
Term work should consist of 08 experiments and mini project 
2 
Journal must include at least 2 assignments based on Theory and Practical’s 
3 
The final certification and acceptance of term work ensures satisfactory performance of 
laboratory work and minimum passing marks in term work."
MHSSCE_00128,BE SYLLABUS.pdf,syllabus,77,1,,"4 
Total 25 Marks (Experiments: 15-marks, Attendance Theory & Practical: 05-marks, 
Assignments: 05-marks)"
MHSSCE_00129,BE SYLLABUS.pdf,syllabus,78,1,,"Course Code: 
Course Title 
Credit 
CSDOL7023 
Game Theory for Data Science LAB 
1 
 
 
Prerequisite: Probability, Algebra 
 
Lab Objectives: 
1 
To understand fundamental game theory concepts. 
2 
To apply game theory to real-world data science scenarios. 
3 
To analyze Nash equilibria in different types of games. 
4 
To investigate mixed strategies and their implications. 
5 
To learn game theory algorithms and computational tools. 
6 
To explore applications of game theory in data science. 
 
Lab Outcomes: Learner will be able to 
1 
2 
Gain a solid understanding of fundamental game theory concepts. 
Develop the ability to apply game theory principles to real-world data science problems. 
3 
Analyze and identify Nash equilibria in various game scenarios. 
4 
Comprehend the implications and applications of mixed strategies in game theory. 
5 
Acquire practical skills in utilizing game theory algorithms and computational tools. 
6 
Explore and appreciate the wide range of applications of game theory in data science."
MHSSCE_00130,BE SYLLABUS.pdf,syllabus,79,1,,"List of Experiments 
 
Sr. Experiment 
No 
1. Prisoners dilemma 
2. Pure Strategy Nash Equilibrium 
3. Extensive Form – Graphs and Trees, Game Trees 
4. Strategic Form – Elimination of dominant strategy 
5. Minimax theorem, minimax strategies 
6. Perfect information games: trees, players assigned to nodes, payoffs, backward Induction, 
subgame perfect equilibrium, 
7. Imperfect-information games – Mixed Strategy Nash Equilibrium – Finding mixed-strategy 
Nash equilibria for zero sum games, mixed versus behavioral strategies. 8. Repeated Games 
9. Bayesian Nash equilibrium 
10 
Implementation of any game for example Tic Tac To, coloring triangle, water jug, 8 queen, 8 
puzzle etc (this should be done in group of 3-4 ) 
 
 
 
 
Textbooks: 
1 
An Introduction to Game Theory by Martin J. Osborne 
2 
M. J. Osborne, An Introduction to Game Theory. Oxford University Press, 2004. References: 
1 
M. Machler, E. Solan, S. Zamir, Game Theory, Cambridge University Press, 2013. 2 
N. Nisan, T. Roughgarden, E. Tardos, and V. V. Vazirani (Editors), Algorithmic Game 
Theory. Cambridge University Press, 2007. 3 
A.Dixit and S. Skeath, Games of Strategy, Second Edition. W W Norton & Co Inc, 
2004. 4 
YoavShoham, Kevin Leyton-Brown, Multiagent Systems: Algorithmic, 
Game-Theoretic, and Logical Foundations, Cambridge University Press 2008. 5 
Zhu Han, DusitNiyato, WalidSaad, TamerBasar and Are Hjorungnes, “Game Theory 
in Wireless and Communication Networks”, Cambridge University Press, 2012."
MHSSCE_00131,BE SYLLABUS.pdf,syllabus,79,2,,"Algorithmic, 
Game-Theoretic, and Logical Foundations, Cambridge University Press 2008. 5 
Zhu Han, DusitNiyato, WalidSaad, TamerBasar and Are Hjorungnes, “Game Theory 
in Wireless and Communication Networks”, Cambridge University Press, 2012.

6 
Y.Narahari, “Game Theory and Mechanism Design”, IISC Press, World Scientific."
MHSSCE_00132,BE SYLLABUS.pdf,syllabus,80,1,,"Digital References: 
1. https://nptel.ac.in/courses/110104063 
2. https://onlinecourses.nptel.ac.in/noc19_ge32/preview 
 
 
Term Work: 
1. Term work should consist of 10 experiments. 
2. The final certification and acceptance of term work ensures satisfactory performance of laboratory 
work and minimum passing marks in term work. 
3. The final certification and acceptance of term work ensures satisfactory performance of laboratory 
work and minimum passing marks in term work. 
4. Total 25 Marks 
a. Experiments: 15-marks, 
b. Attendance Theory & Practical: 05-marks, 
c. Assignment: 05-marks"
MHSSCE_00133,BE SYLLABUS.pdf,syllabus,81,1,,"Course Code: 
Course Title 
Credit 
CSP701 
Major Project 1 
3 
 
 
Course Objectives: 
1 To acquaint with the process of identifying the needs and converting it into the problem. 2 To familiarize the process of solving the problem in a group. 3 To acquaint with the process of applying basic engineering fundamentals to attempt solutions to the 
problems. 4 To inculcate the process of self-learning and research. Course Outcomes: 
1 Identify problems based on societal /research needs. 2 Apply Knowledge and skill to solve societal problems in a group 
3 Draw the proper inferences from available results through theoretical/ experimental/simulations 
4 Analyse the impact of solutions in societal and environmental context for sustainable 
development. 5 Demonstrate capabilities of self-learning in a group, which leads to life long learning. 6 Demonstrate project management principles during project work. Guidelines: 
 
1. Project Topic Selection and Allocation: 
 Project topic selection Process to be defined and followed: 
o Project orientation can be given at the end of sixth semester. o Students should be informed about the domain and domain experts whose guidance 
can be taken before selecting projects. o Student‘s should be recommended to refer papers from reputed conferences/journals 
like IEEE, Elsevier, ACM etc. which are not more than 3 years old for review of 
literature."
MHSSCE_00134,BE SYLLABUS.pdf,syllabus,81,2,,"domain experts whose guidance 
can be taken before selecting projects. o Student‘s should be recommended to refer papers from reputed conferences/journals 
like IEEE, Elsevier, ACM etc. which are not more than 3 years old for review of 
literature.

o Dataset selected for the project should be large and realtime 
o Students can certainly take ideas from anywhere, but be sure that they should evolve 
them in the unique way to suit their project requirements. Students can be informed 
to refer Digital India portal, SIH portal or any other hackathon portal forproblem 
selection.  Topics can be finalized with respect to following criterion: 
o Topic Selection: The topics selected should be novel in nature (Product based, 
Application based or Research based) or should work towards removing the lacuna 
in currently existing systems."
MHSSCE_00135,BE SYLLABUS.pdf,syllabus,82,1,,"o Technology Used: Use of latest technology or modern tools can be encouraged. AI, 
ML, DL, NNFS, NLP based algorithms can be implemented 
o Students should not repeat work done previously (work done in the last three years). o Project work must be carried out by the group of at least 3 students and maximum 4. o The 
project 
work 
can 
be 
undertaken 
in 
a 
research 
institute 
or 
organization/Industry/any business establishment. (out-house projects) 
o The project proposal presentations can be scheduled according to the domains 
and should be judged by faculty who are expert in the domain. o Head of department and senior staff along with project coordinators will take 
decision regarding final selection of projects. o Guide allocation should be done and students have to submit weekly progress report 
to the internal guide. o Internal guide has to keep track of the progress of the project and also has to maintain 
attendance report. This progress report can be used for awarding term work marks. o In case of industry/ out-house projects, visit by internal guide will be preferred and 
external members can be called during the presentation at various levels 
 
2. Project Report Format: 
 
At the end of semester, each group needs to prepare a project report as per the guidelines issued 
by the University of Mumbai."
MHSSCE_00136,BE SYLLABUS.pdf,syllabus,82,2,,"preferred and 
external members can be called during the presentation at various levels 
 
2. Project Report Format: 
 
At the end of semester, each group needs to prepare a project report as per the guidelines issued 
by the University of Mumbai.

A project report should preferably contain following details: 
o Abstract 
o Introduction 
o Literature Survey/ Existing system 
o Limitation Existing system or research gap 
o Problem Statement and Objective 
o Proposed System 
o Analysis/Framework/ Algorithm 
o Design details 
o Methodology (your approach to solve the problem) Proposed System 
o Experimental Set up 
o Details of Database or details about input to systems or selected data 
o Performance Evaluation Parameters (for Validation) 
o Software and Hardware Setup 
o Implementation Plan for Next Semester 
o Timeline Chart for Term1 and Term-II (Project Management tools can be 
used.) 
o References 
 
Desirable 
 
Students can be asked to undergo some Certification course (for the technical skill set thatwill be 
useful and applicable for projects.)"
MHSSCE_00137,BE SYLLABUS.pdf,syllabus,83,1,,"3. Term Work: 
 
Distribution of marks for term work shall be done based on following: 
o Weekly Log Report 
o Project Work Contribution 
o Project Report (Spiral Bound) (both side print) 
o Term End Presentation (Internal) 
The final certification and acceptance of TW ensures the satisfactory 
performance on theaboveaspects. 
4. Oral and Practical: 
Oral and Practical examination (Final Project Evaluation) of Project 1 should be conducted 
byInternal and External examiners approved by University of Mumbai at the end of the 
semester. 
 
Suggested quality evaluation parameters are as follows: 
o Quality of problem selected 
o Clarity of problem definition and feasibility of problem solution 
o Relevance to the specialization / industrial trends 
o Originality 
o Clarity of objective and scope 
o Quality of analysis and design 
o Quality of written and oral presentation 
o Individual as well as teamwork"
MHSSCE_00138,BE SYLLABUS.pdf,syllabus,84,1,,"Course Code 
Course Title 
Credit 
CSC801 
Advanced Artificial Intelligence 
3 
 
 
 
Prerequisite: Engineering Mathematics, Data Structures and Algorithm, Python Programming 
Course Objectives: 
1 
To relate with the basic concepts of Probabilistic Models. 2 
To understand the scope of Generative Networks in the field of AI. 3 
To recognize various components of Autoencoder Architecture and Training process. 4 
To learn the fundamentals of Transfer Learning. 5 
Provide students with a comprehensive understanding of ensemble methods and their applications. 6 
To explore the nascent applications of AI 
Course Outcomes: After successful completion of the course student will be able to 
1 
Acquire basic knowledge of Probabilistic Models. 2 
Analyze the working and architecture for Generative Networks. 3 
Interpret various components and various types of Autoencoders 
4 
Understand various aspects of Transfer Learning. 5 
Apply ensemble learning techniques to real-world problems and demonstrate improved predictive 
performance. 6 
Relate to the nascent technologies in the field of artificial intelligence. Module 
Content 
Hrs 
1.0 
Generative and Probabilistic Models 
08 
1.1 
1.2 
Introduction: 
Overview of generative models and their importance in AI, Fundamentals of
Probability theory and generative modeling, Introduction to GANs, VAEs and
other generative models. Significance of generative models, Challenges with
generative models."
MHSSCE_00139,BE SYLLABUS.pdf,syllabus,84,2,,"Overview of generative models and their importance in AI, Fundamentals of
Probability theory and generative modeling, Introduction to GANs, VAEs and
other generative models. Significance of generative models, Challenges with
generative models.

Probabilistic 
Models: 
Gaussian Mixture Models (GMMs), Hidden Markov Models (HMMs), Bayesian
Networks, Markov Random Field (MRFs), Probabilistic Graphical Model. 2.0 
Generative Adversarial Network 
07 
2.1 Basics 
of 
GAN:
Generative Adversarial Networks (GANs) architecture, The discriminator
model and generator model, Architecture and Training 
GANs, Vanilla GAN Architecture. GAN variants and improvements (DCGAN,
WGAN, Conditional GAN, CycleGAN), Challenges- Training instability and
model collapse, GAN applications in image 
synthesis and style transfer. 3.0 
Variational Autoencoders 
07"
MHSSCE_00140,BE SYLLABUS.pdf,syllabus,85,1,,"3.1
3.2 
Introduction: 
Basic components of Variational Autoencoders(VAEs), Architecture and
training of VAEs the loss function, Latent space representation and inference,
Applications of VAEs in image generation. Types of Autoencoders: 
Undercomplete autoencoders, Sparse autoencoders, Contractive autoencoders,
Denoising autoencoders, Variational Autoencoders (for generative modelling) 
4.0 
Transfer Learning 
05 
4.1 Introduction to transfer learning 
Basic terminologies, Pre-trained model and data sets, Feature extraction and 
fine tune transfer learning, Recent advancement in transfer learning: self- 
supervised learning and meta learning. 5.0 
Ensemble learning 
06 
5.1 Ensemble 
Classifiers: 
Introduction to Ensemble Methods. Bagging and random forests, Boosting
algorithms: AdaBoost Stacking and blending models, Extreme Gradient
Boosting (XGBoost): XGBoost Regression and classification. 6.0 
Nascent Technologies in AI 
06 
6.1 Convergence of AI with Augmented / 
Virtual reality techniques for product and 
process development 
Limitations of 2D Learning Environments, Evolution of virtual worlds 
and immersive technologies, Definition and concepts of Augmented 
Reality, Definition and concept of the Metaverse, Characteristics and 
components of the Metaverse, Challenges and opportunities in the 
Metaverse ecosystem, AI in the realm of emerging quantum computing 
paragms 
 
Textbooks: 
1Foster, D., 2022. Generative deep learning. "" O'Reilly Media, Inc."". 2Koller, D."
MHSSCE_00141,BE SYLLABUS.pdf,syllabus,85,2,,"and 
components of the Metaverse, Challenges and opportunities in the 
Metaverse ecosystem, AI in the realm of emerging quantum computing 
paragms 
 
Textbooks: 
1Foster, D., 2022. Generative deep learning. "" O'Reilly Media, Inc."". 2Koller, D.

and Friedman, N., 2009. Probabilistic graphical models: principles and techniques. MIT press 
3Goodfellow, I., 2016. Deep Learning-Ian Goodfellow, Yoshua Bengio, Aaron Courville- Google Books 
4Murphy, K.P., 2012. Machine learning: a probabilistic perspective. MIT press 
5Zhou, Z.H., 2012. Ensemble methods: foundations and algorithms. CRC press. References: 
1Xiong, J., Hsiang, E.L., He, Z., Zhan, T. and Wu, S.T., 2021. Augmented reality and virtual reality displays: 
emerging technologies and future perspectives. Light: Science & Applications, 10(1), p.216. 2Mystakidis, S., 2022. Metaverse. Encyclopedia, 2(1), pp.486-497 
3Gill, S.S., Xu, M., Ottaviani, C., Patros, P., Bahsoon, R., Shaghaghi, A., Golec, M., Stankovski, V., Wu, H., 
Abraham, A. and Singh, M., 2022. AI for next generation computing: Emerging trends and future directions. Internet of Things, 19, p.100514"
MHSSCE_00142,BE SYLLABUS.pdf,syllabus,86,1,,"4Mangini, S., Tacchino, F., Gerace, D., Bajoni, D. and Macchiavello, C., 2021. Quantum computing models for 
artificial neural networks. Europhysics Letters, 134(1), p.10002. 
Digital References: 
https://nptel.ac.in/courses/106106201 
https://onlinecourses.nptel.ac.in/noc20_cs62/preview 
https://machinelearningmastery.com/what-are-generative-adversarial-networks-gans/ 
 
Assessment: 
Internal Assessment: 
Assessment consists of two class tests of 20 marks each. The first class test is to be conducted when 
approx. 40% syllabus is completed and second class test when additional 40% syllabus is 
completed. Duration of each test shall be one hour. 
End Semester Theory Examination: 
1 
Question paper will comprise of total six questions. 
2 
All question carries equal marks 
3 
Questions will be mixed in nature (for example supposed Q.2 has part (a) from module 3 
then part (b) will be from any module other than module 3) 
4 
Only Four question need to be solved. 
5 
In question paper weightage of each module will be proportional to number of respective 
lecture hours as mention in the syllabus."
MHSSCE_00143,BE SYLLABUS.pdf,syllabus,87,1,,"Course Code 
Course Name 
Total 
CSDO8011 
AI for financial & Banking application 
03 
 
 
Course Objectives: 
 
Sr. No 
Course Objectives 
1 
To understand the impact of technology and digitization on financial and banking 
enterprises. 2 
To explore blockchain technologies in the financial sector. 3 
To examine digital money transfer mechanisms and GIFT cities. 4 
To evaluate the benefits of digitization and cloud services in banking. 5 
To analyze enterprise software solutions for financial operations. 6 
To study the integration of AI in banking processes 
 
Course Outcomes: 
 
Sr. No 
Course Outcomes 
On successful completion, of course, learner/student will be able to: 
1 
Gain knowledge of technology's influence on financial and banking enterprises. 2 
Understand the applications of blockchain in the financial sector. 3 
Recognize digital money transfer mechanisms and its role in digitization 
4 
Evaluate the advantages of digitization and cloud services in banking. 5 
Analyze enterprise software solutions for financial operations. 6 
Explore the integration of AI in banking processes. DETAILED SYLLABUS: 
 
Sr. No. Module 
Detailed Content 
Hours 
1 
Information Technology
Infrastructure 
and
Digitization of Financial 
Banking Enterprises 
Digital 
Technology 
driven 
processes, 
BlockChain
technologies for Financial – Banking sector, GIFT citie 
Digital Money transfer Mechanisms."
MHSSCE_00144,BE SYLLABUS.pdf,syllabus,87,2,,"Hours 
1 
Information Technology
Infrastructure 
and
Digitization of Financial 
Banking Enterprises 
Digital 
Technology 
driven 
processes, 
BlockChain
technologies for Financial – Banking sector, GIFT citie 
Digital Money transfer Mechanisms.

Digitization/ cloud
services and solutions in banking and financial services
Profiling enterprise software’s in financial and banking 
enterprises. Building Efficiencies, productivity, and 
infallibility in financial & Banking operations. Detailed
study of various processes which shall be transformed by
AI integration in banking and financial services. 04"
MHSSCE_00145,BE SYLLABUS.pdf,syllabus,88,1,,"Self-learning: Introduction to business efficiencies, 
industrial productivity and high degree reliability systems
for competitive advantage and carbon neutral enterprises."
MHSSCE_00146,BE SYLLABUS.pdf,syllabus,88,2,,"Introduction to business efficiencies, 
industrial productivity and high degree reliability systems
for competitive advantage and carbon neutral enterprises.

2 
Financial Statistics and 
The Sharpe Ratio 
Probability, Combinatorics, Mathematical Expectation,Sample Mean, Standard Deviation, and Variance,Sample
Skewness and Kurtosis,Sample Covariance 
and
Correlation,Financial Returns,Capital Asset Pricing 
Model,Sharpe Ratio Formula, Time Periods and 
Annualizing, Ranking Investment Candidates, The 
Quantmod Package, Measuring Income Statement 
Growth, Sharpe Ratios for Income Statement Growth 
07 
3 
Cluster Analysis 
K-Means Clustering, Dissecting the K-Means Algorithm 
Sparsity and Connectedness of Undirected Graph 
Covariance 
and 
Precision 
Matrices, 
Visualizing
Covariance, The Wishart distribution 
Glasso
Penalization for Undirected Graphs, Running the Glasso
Algorithm, Tracking a Value Stock through the Years 
Regression on Yearly Sparsity, Regression on Quarterly
Sparsity, Regression on Monthly Sparsity 
07 
4 
Gauging the Market 
Sentiment 
Markov Regime Switching Model, Reading the Market
Data, Bayesian Reasoning, The Beta Distribution, Prior
and Posterior Distributions, Examining Log Returns for
Correlation,Momentum Graphs,Simulating Trading 
Strategies, Foreign Exchange Markets, Chart Analytics 
Initialization and Finalization, Momentum Indicators,
Bayesian Reasoning within Positions, Entries, Exils,Profitability,, Short-Term Volatility, The State Machine 
07 
5 
Trading algorithms 
Vectorized Backtesting, Backtesting an SMA-Based
Strategy, Backtesting a Daily DNN-Based Strategy 
Backtesting an Intraday DNN-Based"
MHSSCE_00147,BE SYLLABUS.pdf,syllabus,88,3,,"Positions, Entries, Exils,Profitability,, Short-Term Volatility, The State Machine 
07 
5 
Trading algorithms 
Vectorized Backtesting, Backtesting an SMA-Based
Strategy, Backtesting a Daily DNN-Based Strategy 
Backtesting an Intraday DNN-Based

within Positions, Entries, Exils,Profitability,, Short-Term Volatility, The State Machine 
07 
5 
Trading algorithms 
Vectorized Backtesting, Backtesting an SMA-Based
Strategy, Backtesting a Daily DNN-Based Strategy 
Backtesting an Intraday DNN-Based Strategy, Risk 
Management: Trading Bot, Vectorized Backtesting 
Event-Based Backtesting,Assessing Risk, Backtesting 
Risk Measures, Stop Loss, Trailing Stop Loss, Take 
Profit 
07 
6 
Fraud Analytics 
Introduction, The Analytical Fraud Model Life Cycle, 
Model Representation, Traffic Light Indicator Approach,Decision Tables, Selecting the Sample to Investigate,Fraud Alert and Case Management,Visual Analytics,Backtesting Analytical Fraud Models: Backtesting Data
Stability,Backtesting Model Stability,Backtesting Model
Calibration, Model Design and Documentation 
07 
 
 
 
 
 
 
Textbooks: 
1 
Financial Analytics with R Building a Laptop Laboratory for Data Science MARK J. BENNETT University of Chicago DIRK L. HUGEN University of Iowa 
2 
Artificial Intelligence in Finance A Python-Based Guide, Yves Hilpisch A 
3 
Fraud Analytics Using Descriptive, Predictive, and Social Network Techniques: A Guide 
to Data Science for Fraud Detection, Bart Baesens, Veronique Van Vlasselaer, Wouter 
Verbeke"
MHSSCE_00148,BE SYLLABUS.pdf,syllabus,89,1,,"References: 
1 
“ Machine Learning for Asset Managers"" by Marcos López de Prado 
2 
""Advances in Financial Machine Learning"" by Marcos López de Prado. 
Digital References: 
1. https://www.eastnets.com/newsroom/digital-transformation-in-the-banking-and-financial-services-sector 
2. https://www.techopedia.com/definition/34633/generative-ai 
 
Assessment: 
Internal Assessment: 
Assessment consists of two class tests of 20 marks each. The first class test is to be conducted when 
approx. 40% syllabus is completed and second class test when additional 40% syllabus is 
completed. Duration of each test shall be one hour. 
End Semester Theory Examination: 
1 
Question paper will comprise of total six questions. 
2 
All question carries equal marks 
3 
Questions will be mixed in nature (for example supposed Q.2 has part (a) from module 3 
then part (b) will be from any module other than module 3) 
4 
Only Four question need to be solved. 
5 
In question paper weightage of each module will be proportional to number of respective 
lecture hours as mention in the syllabus."
MHSSCE_00149,BE SYLLABUS.pdf,syllabus,90,1,,"Course Code 
Course Title 
Credit 
CSDO8012 
Quantum Computing 
3 
 
 
 
 
Prerequisite: Engineering Mathematics, Data Structures and Algorithm, Python Programming 
Course Objectives: 
1 
To understand basics of quantum computing 
2 
To understand mathematics required for quantum computing 
3 
To understand building blocks of quantum computing and design algorithms 
4 
To understand quantum hardware principles and tools for quantum computing. Course Outcomes: After successful completion of the course student will be able to 
1 
Understand basic concepts of quantum computing 
2 
Illustrate building blocks of quantum computing through architecture and 
programming models. 3 
Appraise various mathematical models required for quantum computing 
4 
Discuss various quantum hardware building principles. 5 
Identify the various quantum algorithms 
6 
Describe usage of tools for quantum computing. Module 
Content 
Hrs 
1.0 
Introduction to Quantum Computing 
7 
1.1 
Motivation for studying Quantum Computing 
Origin of Quantum Computing 
Quantum Computer vs."
MHSSCE_00150,BE SYLLABUS.pdf,syllabus,90,2,,"the various quantum algorithms 
6 
Describe usage of tools for quantum computing. Module 
Content 
Hrs 
1.0 
Introduction to Quantum Computing 
7 
1.1 
Motivation for studying Quantum Computing 
Origin of Quantum Computing 
Quantum Computer vs.

Classical Computer 
Introduction to Quantum mechanics 
Overview of major concepts in Quantum Computing 
1.2 
Qubits and multi-qubits states 
Bloch Sphere representation 
Quantum Superposition 
Quantum Entanglement 
Major players in the industry (IBM, Microsoft, Rigetti, D-Wave 
etc.) 
2.0 
Mathematical Foundations for Quantum Computing 
05 
2.1 
Matrix Algebra: basis vectors and orthogonality, inner product and 
Hilbert spaces, matrices and tensors, unitary operators and projectors, 
Dirac notation, Eigen values and Eigen vectors. 3.0 
Building Blocks for Quantum Program 
08"
MHSSCE_00151,BE SYLLABUS.pdf,syllabus,91,1,,"3.1 
Architecture of a Quantum Computing platform 
Details of q-bit system of information representation: 
Block Sphere 
Multi-qubits States Quantum superposition of qubits (valid and 
invalid superposition) 
Quantum Entanglement 
Useful states from quantum algorithmic perceptive e.g. Bell State 
Operation on qubits: Measuring and transforming using gates. Quantum Logic gates and Circuit 
No Cloning Theorem and Teleportation 
3.2 
Programming model for a Quantum Computing Program 
Steps performed on classical computer 
Steps performed on Quantum Computer 
Moving data between bits and qubits. 4.0 
Quantum Algorithms and Error correction 
06 
4.1 
Quantum Algorithms, Shor‘s Algorithm, Grover‘s Algorithm. Deutsch‘s Algorithm, Deutsch -Jozsa Algorithm 
Quantum error correction using repetition codes 
4.2 
3 qubit codes, Shor‘s 9 qubit error correction Code 
5.0 
Quantum Hardware 
10 
5.1 
Ion Trap Qubits,The DiVincenzo Criteria, Lagrangian and 
Hamiltonian Dynamics in a Nutshell: Dynamics of a Translating 
5.2 
Rotor 
Quantum Mechanics of a Free Rotor: A Poor Person‘s Atomic 
5.3 
Model: Rotor Dynamics and the Hadamard Gate, Two-Qubit Gates 
The Cirac-Zoller Mechanism: Quantum Theory of Simple 
Harmonic Motion, A Phonon-Qubit Pair Hamiltonian, Light- 
Induced Rotor-Phonon Interactions, Trapped Ion Qubits, Mølmer- 
Sørenson Coupling.."
MHSSCE_00152,BE SYLLABUS.pdf,syllabus,91,2,,"Dynamics and the Hadamard Gate, Two-Qubit Gates 
The Cirac-Zoller Mechanism: Quantum Theory of Simple 
Harmonic Motion, A Phonon-Qubit Pair Hamiltonian, Light- 
Induced Rotor-Phonon Interactions, Trapped Ion Qubits, Mølmer- 
Sørenson Coupling..

5.4 
Cavity Quantum Electrodynamics (cQED): Eigenstates of the 
Jaynes-Cummings Hamiltonian 
Circuit QED (cirQED): Quantum LC Circuits, Artificial Atoms, 
Superconducting Qubits 
Quantum computing with spins: 
Quantum inverter realized with two exchange coupled spins in 
quantum dots, A 2-qubit spintronic universal quantum gate. 6.0 
OSS Toolkits for implementing Quantum program 
03 
6.1 
IBM quantum experience 
Microsoft Q 
Rigetti PyQuil (QPU/QVM) 
 
 
 
Textbooks: 
1 
Michael A. Nielsen, ―Quantum Computation and Quantum Informationǁ, Cambridge 
University Press. 2 
David McMahon, ―Quantum Computing Explainedǁ, Wiley,2008 
3 
Qiskit textbook https://qiskit.org/textbook-beta/ 
4 
Vladimir Silva, Practical Quantum Computing for Developers,2018"
MHSSCE_00153,BE SYLLABUS.pdf,syllabus,92,1,,"References: 
1 
Bernard Zygelman, A First Introduction to Quantum Computing and Information,2018 
2 
Supriyo Bandopadhyay and Marc Cahy, ―Introduction to Spintronicsǁ, CRC Press, 2008 
3 
The Second Quantum Revolution: From Entanglement to Quantum Computing and Other 
Super-Technologies, Lars Jaeger 
4 
La Guardia, Giuliano Gladioli ―Quantum Error correction codesǁSpringer,2021 
Digital References: 
https://onlinecourses.nptel.ac.in/noc21_cs103/preview 
https://www.coursera.org/courses?query=quantum%20computing 
https://www.cl.cam.ac.uk/teaching/1617/QuantComp/ 
 
Assessment: 
Internal Assessment: 
Assessment consists of two class tests of 20 marks each. The first class test is to be conducted 
when approx. 40% syllabus is completed and second class test when additional 40% syllabus is 
completed. Duration of each test shall be one hour. 
End Semester Theory Examination: 
1 
Question paper will comprise of total six questions. 
2 
All question carries equal marks 
3 
Questions will be mixed in nature (for example supposed Q.2 has part (a) from module 3 
then part (b) will be from any module other than module 3) 
4 
Only Four question need to be solved. 
5 
In question paper weightage of each module will be proportional to number of respective 
lecture hours as mention in the syllabus."
MHSSCE_00154,BE SYLLABUS.pdf,syllabus,93,1,,"Course Code:
Course Title
Credit
CSDO8011
Reinforcement Learning
3
Course Objectives:
Sr. No
Course Objectives
1
Define the key features of reinforcement learning that distinguishes it from AI and non-interactive machine
learning. 2
Introduction to statistical learning techniques where an agent explicitly takes actions and interacts with the
world. 3
Implement in code common RL algorithms. 4
Describe multiple criteria for analyzing RL algorithms & evaluate algorithms on these metrics: e.g. regret,
sample
complexity, computational complexity, empirical performance, convergence, etc. 5
Know how to implement dynamic programming as an efficient solution approach to an industrial control
problem. 6
Explore solutions to the Exploration-Exploitation Dilemma. Course Outcomes:
Sr. No
Course Outcomes
On successful completion, of course, learner/student will be able to:
1
Learn how to define RL tasks and the core principles behind the RL, including
policies, value functions, deriving Bellman equations. 2
Evaluate work with tabular methods to solve classical control problems. 3
Apply Markov Decision Processes to solve real-world problems. 4
Understand the dynamic programming for policy Evaluation. 5
Implement reinforcement learning problems based on averaging sample returns using
Monte Carlo method. 6
Recognize current advanced techniques and applications in RL. DETAILED SYLLABUS:
Sr. No."
MHSSCE_00155,BE SYLLABUS.pdf,syllabus,93,2,,"the dynamic programming for policy Evaluation. 5
Implement reinforcement learning problems based on averaging sample returns using
Monte Carlo method. 6
Recognize current advanced techniques and applications in RL. DETAILED SYLLABUS:
Sr. No.

Module
Detailed Content
Hours
0
Prerequisite
Probability distributions and expected values, and basic
linear algebra (e.g., inner products). 02
1
Introduction to
Reinforcement
Learning:
Reinforcement Learning: Key features and Elements of
RL, Types of RL, rewards. Reinforcement Learning
Algorithms: Q-Learning, State Action Reward State
action (SARSA),
04
2
Bandit problems and
online learning:
An n-Armed Bandit Problem, Action-Value Methods
Tracking a Nonstationary Problem, Optimistic Initial
Values Upper-Confidence-Bound Action Selection
07"
MHSSCE_00156,BE SYLLABUS.pdf,syllabus,94,1,,"Gradient Bandits
3
Markov
Decision
Processes:
The Agent–Environment Interface, The
Agent–Environment Interface, Goals and Rewards,
Returns, Markov properties, Markov Decision Process,
Value Functions and Optimal Value Functions,
07
4
Dynamic Programming:
Policy Evaluation (Prediction), Policy Improvement,
Policy Iteration, Value Iteration, Asynchronous Dynamic
Programming, Generalized Policy Iteration
07
5
Monte Carlo Methods
and
Temporal-Difference
Learning
Monte Carlo Prediction, Monte Carlo Estimation of
Action Values, Monte Carlo Control, TD Prediction, TD
control using Q-Learning
07
6
Applications and
Case Studies
Elevator Dispatching, Dynamic Channel Allocation,
Job-Shop Scheduling
05
Textbooks:
1
Reinforcement Learning: An Introduction, by Richard S. Sutton and Andrew G. Barto
2
Alessandro Palmas, Dr. Alexandra Galina Petre, Emanuele Ghelfi, The Reinforcement Learning
Workshop: Learn how to Apply Cutting-edge Reinforcement Learning Algorithms to a Wide
Range of Control Problems, 2020 Packt publishing. 3
Phil Winder, Reinforcement Learning Industrial Applications with Intelligent Agents, O’Reilly
4
Dr Engr S M Farrukh Akhtar, Practical Reinforcement Learning, Packt Publishing, 2017. References:
1
Maxim Lapan, Deep Reinforcement Learning Hands-On: Apply modern RL methods, with deep
Q-networks, value iteration, policy gradients, TRPO, AlphaGo Zero."
MHSSCE_00157,BE SYLLABUS.pdf,syllabus,94,2,,"Engr S M Farrukh Akhtar, Practical Reinforcement Learning, Packt Publishing, 2017. References:
1
Maxim Lapan, Deep Reinforcement Learning Hands-On: Apply modern RL methods, with deep
Q-networks, value iteration, policy gradients, TRPO, AlphaGo Zero.

2
Alberto Leon-Garcia, Probability, Statistics and Random Processes for Electrical Engineering,
Third Edition, Pearson Education, Inc
3
Csaba Szepesv´ari, Algorithms for Reinforcement Learning, Morgan & Claypool Publishers
Assessment:
Internal Assessment:
Assessment consists of two class tests of 20 marks each. The first class test is to be conducted
when approx. 40% syllabus is completed and second class test when additional 40% syllabus is
completed. Duration of each test shall be one hour. End Semester Theory Examination:
1
Question paper will comprise a total of six questions. 2
All question carries equal marks
3
Questions will be mixed in nature (for example supposed Q.2 has part (a) from module 3
then part (b) will be from any module other than module 3)"
MHSSCE_00158,BE SYLLABUS.pdf,syllabus,95,1,,"4
Only Four question need to be solved.
5
In question paper weightage of each module will be proportional to number of respective
lecture hours as mention in the syllabus."
MHSSCE_00159,BE SYLLABUS.pdf,syllabus,96,1,,"Course Code 
Course Name 
Credit 
CSDO8021 
Graph Data Science 
03 
 
 
Course Objectives: 
 
Sr. No 
Course 
Objectives 
1 
To Understand the basics of graphs, including definitions, connectivity, and properties. 2 
To Explore the use of graphs in solving puzzles and optimization problems. 3 
To Learn about the advantages of graph databases over relational and NoSQL databases. 4 
To Gain knowledge of data modeling with graphs, including the labeled property graph model. 5 
To Develop skills in building graph database applications, including data modeling and testing. 6 
To Explore real-world use cases and understand non-functional characteristics of graph databases. Course Outcomes: 
 
Sr. No 
Course Outcomes 
On successful completion, of course, learner/student will be able to: 
1 
Demonstrate a solid understanding of graph concepts and properties. 2 
Apply graph algorithms to solve puzzles and optimization problems. 3 
Compare graph databases with relational and NoSQL databases. 4 
Model data using the labeled property graph model and avoid common pitfalls. 5 
Build graph database applications with proper data modeling and testing. 6 
Analyze and implement graph database solutions for real-world use cases, considering non-functional 
characteristics 
 
 
DETAILED SYLLABUS: 
 
Sr. No."
MHSSCE_00160,BE SYLLABUS.pdf,syllabus,96,2,,"common pitfalls. 5 
Build graph database applications with proper data modeling and testing. 6 
Analyze and implement graph database solutions for real-world use cases, considering non-functional 
characteristics 
 
 
DETAILED SYLLABUS: 
 
Sr. No.

Module 
Detailed Content 
Hours 
1 
Introduction 
to
Graph 
Definitions and examples, Three puzzles, Paths and 
cycles, Connectivity, Eulerian graphs, Hamiltonian
graphs, shortest path, Chinese postman problem, traveling 
salesman problem, trees, properties of trees 
04 
2 
Introduction 
Graph
databases 
A High-Level View of the Graph Space, Graph Databases, 
Graph Compute Engines, The Power of Graph Databases,
Performance, Flexibility, Agility, Options for Storing 
Connected Data, Relational Databases Lack 
Relationships, 
NOSQL 
Databases 
Also 
Lack
Relationships, Graph databases embraces relationship 
07 
3 
Data 
Modelling 
with Graphs 
Models and Goals, The Labelled Property Graph Mode
Querying Graphs, A Comparison of Relational and Graph
Modelling, Cross-Domain Models, Common Modelling
Pitfalls, Identifying Nodes and Relationships, Avoiding
Anti-Patterns 
07"
MHSSCE_00161,BE SYLLABUS.pdf,syllabus,97,1,,"4 
Building 
a 
Graph
Database Application 
Data Modelling, Application Architecture,Testing,Capacity Planning,Importing and Bulk Loading Data, 
07 
5 
Graphs in the Real World Organizations Choose Graph Databases, Common Use 
Cases, Real-World Examples, Authorization and Acces 
Control, Geospatial and Logistics, Graph Database
Internals, Native Graph Processing, Native Graph Storage
Programmatic APIs, Kernel API, Core API, Traversa
Framework, Non-functional Characteristics 
07 
6 
Case Study 
Neo4j – About, Neo4j – Installation, Neo4j – Browser 
Neo4j - Query Language (Cypher), Neo4j - Create a Node
Neo4j - Create a Relationship, Neo4j - Create an Index
Neo4j - Create a Constraint, Neo4j - Select Data with
MATCH, Neo4j - Import Data from CSV, Neo4j - Drop an
Index, Neo4j - Drop a Constraint, Neo4j - Delete a Node
Neo4j - Delete a Relationship 
07 
 
 
 
 
Textbooks: 
1 
Introduction to Graph Theory Fourth edition, Robin J. Wilson 
2 
Daphne Koller and Nir Friedman, ""Probabilistic Graphical Models: Principles and Techniques”, 
Cambridge, MA: The MIT Press, 2009 (ISBN 978-0-262-0139- 2). 3 
Graph databases, Ian Robinson, Jim Webber & Emil Eifrem 
 
References: 
1 
""Graph Databases: New Opportunities for Connected Data"" by Ian Robinson, Jim Webber, and 
Emil Eifrém. 2 
""Neo4j in Action"" by Aleksa Vukotic, Nicki Watt, and Tareq Abedrabbo. 3 
""Graph Databases for Beginners"" by Mark Needham and Amy E. Hodler. 4 
""Practical Neo4j"" by Gregory Jordan."
MHSSCE_00162,BE SYLLABUS.pdf,syllabus,97,2,,"for Connected Data"" by Ian Robinson, Jim Webber, and 
Emil Eifrém. 2 
""Neo4j in Action"" by Aleksa Vukotic, Nicki Watt, and Tareq Abedrabbo. 3 
""Graph Databases for Beginners"" by Mark Needham and Amy E. Hodler. 4 
""Practical Neo4j"" by Gregory Jordan.

5 
""Learning Neo4j"" by Rik Van Bruggen. 6 
""Graph Database Applications and Concepts with Neo4j"" by Dionysios Synodinos. Digital References: 
1. https://web4.ensiie.fr/~stefania.dumbrava/OReilly_Graph_Databases.pdf 
2. https://www.quackit.com/neo4j/tutorial/"
MHSSCE_00163,BE SYLLABUS.pdf,syllabus,98,1,,"Assessment: 
Internal Assessment: 
Assessment consists of two class tests of 20 marks each. The first class test is to be conducted when 
approx. 40% syllabus is completed and second class test when additional 40% syllabus is 
completed. Duration of each test shall be one hour. 
End Semester Theory Examination: 
1 
Question paper will comprise of total six questions. 
2 
All question carries equal marks 
3 
Questions will be mixed in nature (for example supposed Q.2 has part (a) from module 3 
then part (b) will be from any module other than module 3) 
4 
Only Four question need to be solved. 
5 
In question paper weightage of each module will be proportional to number of respective 
lecture hours as mention in the syllabus."
MHSSCE_00164,BE SYLLABUS.pdf,syllabus,99,1,,"Course Code: 
Course Title 
Credit 
CSDO8022 
Recommendation Systems 
3 
 
 
Prerequisite: Artificial Intelligence and Machine Learning, Basic knowledge of Python 
Course Objectives: 
1 To introduce Recommendation systems and it’s basic concepts. 2 To understand design and working of Collaborative Filtering based recommendation. 3 To analyze design and working of Content-based recommendation. 4 To understand design and working of Knowledge based recommendation. 5 To understand design and working of Ensembled- Based and Hybrid Recommendation Systems. 6 To identify the methods for evaluation of recommendation systems. Course Outcomes: After successful completion of the course student will be able to 
1 To have a broad understanding of the field of Recommendation Systems. 2 In-depth Knowledge of the architecture and models for Collaborative Filtering. 3 Understanding the architecture and working of Content based recommendation systems. 4 Understanding the architecture and basics of Knowledge based recommendation systems. 5 Analyzing hybrid and ensembles recommendation systems. 6 Evaluation of recommendation systems by selecting right evaluation parameter. Module 
Content 
Hrs 
1.0 
Introduction to Recommendation System 
06 
1.1 
1.2 
History of recommendation system, Eliciting Ratings and other Feedback 
Contributions, Implicit and Implicit Ratings, Recommender system 
functions."
MHSSCE_00165,BE SYLLABUS.pdf,syllabus,99,2,,"parameter. Module 
Content 
Hrs 
1.0 
Introduction to Recommendation System 
06 
1.1 
1.2 
History of recommendation system, Eliciting Ratings and other Feedback 
Contributions, Implicit and Implicit Ratings, Recommender system 
functions.

Linear Algebra notation: Matrix addition, Multiplication, transposition, and 
inverses; covariance matrices, Understanding ratings, Applications of 
recommendation systems, Issues with recommender system. 2.0 
Collaborative Filtering 
06 
2.1 
Architecture of Collaborative Filtering, User-based nearest neighbour 
recommendation, Item-based nearest neighbour recommendation, Model 
based and pre-processing based approaches, Clustering for recommendation 
system, Attacks on collaborative recommender systems, Advantages and 
drawbacks of Collaborative Filtering."
MHSSCE_00166,BE SYLLABUS.pdf,syllabus,100,1,,"3.0 
Content-based recommendation 
07 
3.1 
3.2 
Architecture of content-based systems, Content representation and content 
similarity, Item profiles, Discovering features of documents, Obtaining item 
features from tags, Representing item profiles, Methods for learning user 
profiles, Similarity based retrieval, The Role of User Generated Content in 
the Recommendation Process. Bayes classifier for recommendation, Regression based recommendation 
system. Advantages and drawbacks of content-based filtering 
4.0 
Knowledge based recommendation 
06 
4.1 
Knowledge representation and reasoning, Constraint based recommenders, 
Case based recommenders, Persistent Personalization in Knowledge-Based 
Systems, Conversational Recommendation. Search based recommendation, 
Navigation-based recommendation. 5.0 
Ensembled- Based and Hybrid Recommendation System 
06 
5.1 
Opportunities for hybridization, Monolithic hybridization design: Feature 
combination, Feature augmentation, Parallelized hybridization design: 
Weighted, Switching, Mixed, Pipelined hybridization design: Cascade Meta- 
level, Limitations of hybridization strategies. 6.0 
Evaluating Recommendation System 
08 
6.1 
6.2 
Characteristics and properties of evaluation research, Evaluation design 
goals- Accuracy, Coverage, Confidence and Trust, Novelty, Serendipity, 
Diversity, Robustness, Stability and Scalability."
MHSSCE_00167,BE SYLLABUS.pdf,syllabus,100,2,,"6.0 
Evaluating Recommendation System 
08 
6.1 
6.2 
Characteristics and properties of evaluation research, Evaluation design 
goals- Accuracy, Coverage, Confidence and Trust, Novelty, Serendipity, 
Diversity, Robustness, Stability and Scalability.

Comparison between evaluation design of classification model and 
recommendation system, Error metrics, Decision-Support metrics, User- 
Centred metrics. Comparative analysis between different types of 
recommendation systems. Textbooks: 
1 
Jannach, D., Zanker, M., Felfernig, A., & Friedrich, G. (2010). Recommender systems: an introduction. Cambridge University Press. 2 
Ricci, F., Rokach, L., & Shapira, B. (2011). Introduction to Recommender Systems Handbook. Springer, 
Boston, MA. References: 
1 
Aggarwal, C. C. (2016). Recommender systems (Vol. 1). Cham: Springer International Publishing. Online References:"
MHSSCE_00168,BE SYLLABUS.pdf,syllabus,101,1,,"1 
http://www.iem.iitkgp.ac.in/eco/Recommender_Systems/ 
2 
https://www.coursera.org/specializations/recommender-systems 
3 
https://www.udemy.com/course/recommender-systems/ 
4 
https://www.analyticsvidhya.com/blog/2021/08/developing-a-course-recommender-system- 
using-python/ 
 
 
Assessment: 
Internal Assessment: 
Assessment consists of two class tests of 20 marks each. The first class test is to be conducted when 
approx. 40% syllabus is completed and second class test when additional 40% syllabus is completed. 
Duration of each test shall be one hour. 
End Semester Theory Examination: 
1 
Question paper will comprise of total six questions. 
2 
All question carries equal marks 
3 
Questions will be mixed in nature (for example supposed Q.2 has part (a) from module 3 then 
part (b) will be from any module other than module 3) 
4 
Only Four questions need to be solved. 
5 
In question paper weightage of each module will be proportional to number of respective lecture 
hours as mention in the syllabus"
MHSSCE_00169,BE SYLLABUS.pdf,syllabus,102,1,,"Course Code 
Course Name 
Credit 
CSDO8023 
Social Media Analytics 
03 
 
Prerequisite: Graph Theory, Data Mining, Python/R programming 
Course Objectives: The course aims: 
1 
Familiarize the learners with the concept of social media. 2 
Familiarize the learners with the concept of social media analytics and understand 
its significance. 3 
Enable the learners to develop skills required for analyzing the effectiveness of 
social media. 4 
Familiarize the learners with different tools of social media analytics. 5 
Familiarize the learner with different visualization techniques for Social media 
analytics. 6 
Examine the ethical and legal implications of leveraging social media data. Course Outcomes: 
1 
Understand the concept of Social media 
2 
Understand the concept of social media Analytics and its significance. 3 
Learners will be able to analyze the effectiveness of social media 
4 
Learners will be able to use different Social media analytics tools effectively and 
efficiently. 5 
Learners will be able to use different effective Visualization techniques to represent 
social media analytics. 6 
Acquire the fundamental perspectives and hands-on skills needed to work with 
social media data. Module 
Detailed Content 
Hours 
1. Social Media Analytics: An Overview 
Core Characteristics of Social Media, Types of Social Media, Social media 
landscape, Need for Social Media Analytics (SMA), SMA in small & large 
organizations. Purpose of Social Media Analytics, Social Media vs."
MHSSCE_00170,BE SYLLABUS.pdf,syllabus,102,2,,"Media Analytics: An Overview 
Core Characteristics of Social Media, Types of Social Media, Social media 
landscape, Need for Social Media Analytics (SMA), SMA in small & large 
organizations. Purpose of Social Media Analytics, Social Media vs.

Traditional Business 
Analytics, Seven Layers of Social Media Analytics, Types of Social Media 
Analytics, Social Media Analytics Cycle, Challenges to Social Media 
Analytics, Social Media Analytics Tools 
6 
2. Social Network Structure, Measures & Visualization 
Basics of Social Network Structure - Nodes, Edges & Tie Describing the 
Networks Measures - Degree Distribution, Density, Connectivity, 
Centralization, Tie Strength & Trust 
Network Visualization - Graph Layout, Visualizing Network 
features, Scale Issues. Social Media Network Analytics - Common Network Terms, 
Common Social Media Network Types, Types of Networks, 
Common Network Terminologies, Network Analytics Tools. 6 
3. Social Media Text, Action & Hyperlink Analytics 
Social Media Text Analytics - Types of Social Media Text, Purpose 
of Text Analytics, Steps in Text Analytics, Social Media Text 
8"
MHSSCE_00171,BE SYLLABUS.pdf,syllabus,103,1,,"Analysis Tools 
Social Media Action Analytics - What Is Actions Analytics? Common Social Media Actions, Actions Analytics Tools 
Social Media Hyperlink Analytics - Types of Hyperlinks, Types of 
Hyperlink Analytics, Hyperlink Analytics Tools 
4. Social Media Location & Search Engine Analytics 
Location Analytics - Sources of Location Data, Categories of 
Location Analytics, Location Analytics and Privacy Concerns, 
Location Analytics Tools 
Search Engine Analytics - Types of Search Engines, Search Engine 
Analytics, Search Engine Analytics Tools 
6 
5. Social Information Filtering 
Social Information Filtering - Social Sharing and filtering, 
Automated Recommendation systems, Traditional Vs social 
Recommendation Systems 
Understanding Social Media and Business Alignment, Social Media KPI, 
Formulating a Social Media Strategy, Managing Social Media Risks 
6 
6. Social Media Analytics Applications and Privacy 
Social media in public sector - Analyzing public sector social media, analyzing 
individual users, case study. Business use of Social Media - Measuring success, Interaction and 
monitoring, case study. Privacy - Privacy policies, data ownership and maintaining privacy 
online. 7 
 
 
Textbooks: 
1. Seven Layers of Social Media Analytics_ Mining Business Insights from Social Media Text, 
Actions, Networks, Hyperlinks, Apps, Search Engine, and Location Data, Gohar 
F. Khan,(ISBN-10: 1507823207). 2. Analyzing the Social Web 1st Edition by Jennifer Golbeck 
3."
MHSSCE_00172,BE SYLLABUS.pdf,syllabus,103,2,,"of Social Media Analytics_ Mining Business Insights from Social Media Text, 
Actions, Networks, Hyperlinks, Apps, Search Engine, and Location Data, Gohar 
F. Khan,(ISBN-10: 1507823207). 2. Analyzing the Social Web 1st Edition by Jennifer Golbeck 
3.

Mining the Social Web_ Analyzing Data from Facebook, Twitter, LinkedIn, and 
Other Social Media Sites, Matthew A Russell, O‘Reilly 
4 
Charu Aggarwal (ed.), Social Network Data Analytics, Springer, 2011 
References: 
1. Social Media Analytics [2015], Techniques and Insights for Extracting Business Value 
Out of Social Media, Matthew Ganis, AvinashKohirkar, IBM Press 
2. Social Media Analytics Strategy_ Using Data to Optimize Business Performance, Alex 
Gonçalves, APress Business Team 
3. Social Media Data Mining and Analytics, Szabo, G., G. Polatkan, O. Boykin & A. Chalkiopoulus (2019), Wiley, ISBN 978-1-118-82485-6 
 
Useful Links 
1 
https://cse.iitkgp.ac.in/~pawang/courses/SC16.html 
2 
https://onlinecourses.nptel.ac.in/noc20_cs78/preview 
3 
https://nptel.ac.in/courses/106106146 
4 
https://7layersanalytics.com/"
MHSSCE_00173,BE SYLLABUS.pdf,syllabus,104,1,,"Assessment: 
Internal Assessment: 
Assessment consists of two class tests of 20 marks each. The first-class test is to be 
conducted when approx. 40% syllabus is completed and second class test when additional40% 
syllabus is completed. Duration of each test shall be one hour. 
End Semester Theory Examination: 
1 
Question paper will consist of 6 questions, each carrying 20 marks. 
2 
The students need to solve a total of 4 questions. 
3 
Question No.1 will be compulsory and based on the entire syllabus. 
4 
Remaining question (Q.2 to Q.6) will be selected from all the modules."
MHSSCE_00174,BE SYLLABUS.pdf,syllabus,105,1,,"Course Code 
Course Name 
Credits 
ILO8021 
Project Management 
03 
 
 
Objectives: 
1. To familiarize the students with the use of a structured methodology/approach for each and every 
unique project undertaken, including utilizing project management concepts, tools and techniques. 2. To appraise the students with the project management life cycle and make them knowledgeable about 
the various phases from project initiation through closure. Outcomes: Learner will be able to… 
1. Apply selection criteria and select an appropriate project from different options. 2. Write work break down structure for a project and develop a schedule based on it. 3. Identify opportunities and threats to the project and decide an approach to deal with them 
strategically. 4. Use Earned value technique and determine & predict status of the project. 5. Capture lessons learned during project phases and document them for future reference 
 
 
Module 
Detailed Contents 
Hrs 
01 
Project Management Foundation: 
Definition of a project, Project Vs Operations, Necessity of project management, Triple 
constraints, Project life cycles (typical & atypical) Project phases and stage gate process. Role of project manager. Negotiations and resolving conflicts. Project management in 
various organization structures. PM knowledge 
areas as per Project Management Institute (PMI)."
MHSSCE_00175,BE SYLLABUS.pdf,syllabus,105,2,,"cycles (typical & atypical) Project phases and stage gate process. Role of project manager. Negotiations and resolving conflicts. Project management in 
various organization structures. PM knowledge 
areas as per Project Management Institute (PMI).

5 
02 
Initiating Projects: 
How to get a project started, Selecting project strategically, Project selection models 
(Numeric /Scoring Models and Non-numeric models), Project portfolio process, Project 
sponsor and creating charter; Project proposal. Effective project team, Stages of team 
development & growth (forming, storming, norming & 
performing), team dynamics. 6 
03 
Project Planning and Scheduling: 
Work Breakdown structure (WBS) and linear responsibility chart, Interface 
Co-ordination and concurrent engineering, Project cost estimation and budgeting, Top 
down and bottoms up budgeting, Networking and Scheduling techniques. PERT, CPM, 
GANTT chart. Introduction to Project Management 
Information System (PMIS). 8 
04 
Planning Projects: 
Crashing project time, Resource loading and leveling, Goldratt's critical chain, Project 
Stakeholders and Communication plan. Risk Management in projects: Risk management planning, Risk identification 
and risk register. Qualitative and quantitative risk assessment, Probability and impact 
matrix. Risk response strategies for positive and negative risks 
 
6 
05 
5.1 Executing Projects: 
Planning monitoring and controlling cycle. Information needs and reporting, 
8"
MHSSCE_00176,BE SYLLABUS.pdf,syllabus,106,1,,"engaging with all stakeholders of the projects. Team management, communication and project meetings. Monitoring and Controlling Projects: 
Earned Value Management techniques for measuring value of work completed; Using 
milestones for measurement; change requests and scope creep. Project audit. Project Contracting 
Project procurement management, contracting and outsourcing, 
06 
Project Leadership and Ethics: 
Introduction to project leadership, ethics in projects. Multicultural and virtual projects. Closing the Project: 
Customer acceptance; Reasons of project termination, Various types of project 
terminations (Extinction, Addition, Integration, Starvation), Process of project 
termination, completing a final report; doing a lessons learned analysis; acknowledging 
successes and failures; Project management templates and other 
resources; Managing without authority; Areas of further study. 6 
 
 
 
 
REFERENCES: 
 
1. Jack Meredith & Samuel Mantel, Project Management: A managerial approach, Wiley India, 7thEd. 2. A Guide to the Project Management Body of Knowledge (PMBOK® Guide), 5th Ed,Project 
Management Institute PA, USA 
3. Gido Clements, Project Management, Cengage Learning. 4. Gopalan, Project Management,, Wiley India 
5. Dennis Lock, Project Management, Gower Publishing England, 9 th Ed."
MHSSCE_00177,BE SYLLABUS.pdf,syllabus,106,2,,"of Knowledge (PMBOK® Guide), 5th Ed,Project 
Management Institute PA, USA 
3. Gido Clements, Project Management, Cengage Learning. 4. Gopalan, Project Management,, Wiley India 
5. Dennis Lock, Project Management, Gower Publishing England, 9 th Ed.

Assessment: 
 
Internal: 
Assessment consists of two tests out of which; one should be compulsory class test and the other is either a 
class test or assignment on live problems or course project. End Semester Theory Examination: 
Some guidelines for setting up the question paper. Minimum 80% syllabus should be covered in question papers 
of end semester examination. In question paper weightage of each module will be proportional to number of 
respective lecture hours as mention in the syllabus. 1. Question paper will comprise of total six question 
2. All question carry equal marks 
3. Questions will be mixed in nature (for example supposed Q.2 has part (a) from module 3 then part (b) 
will be from any module other than module 3) 
4. Only Four question need to be solved."
MHSSCE_00178,BE SYLLABUS.pdf,syllabus,107,1,,"Course Code 
Course Name 
Credits 
ILO8022 
Finance Management 
03 
 
 
Objectives: 
1. Overview of Indian financial system, instruments and market 
2. Basic concepts of value of money, returns and risks, corporate finance, working capital and its 
management 
3. Knowledge about sources of finance, capital structure, dividend policy 
 
Outcomes: Learner will be able to… 
1. Understand Indian finance system and corporate finance 
2. Take investment, finance as well as dividend decisions 
 
 
Module 
Detailed Contents 
Hrs 
01 
Overview of Indian Financial System: Characteristics, Components and Functions of 
Financial System. Financial Instruments: Meaning, Characteristics and Classification of Basic Financial 
Instruments — Equity Shares, Preference Shares, Bonds-Debentures, Certificates of 
Deposit, and Treasury Bills. Financial Markets: Meaning, Characteristics and Classification of Financial Markets 
— Capital Market, Money Market and Foreign Currency Market Financial 
Institutions: Meaning, Characteristics and Classification of Financial Institutions — 
Commercial Banks, Investment-Merchant Banks and Stock 
Exchanges 
 
 
 
06 
02 
Concepts of Returns and Risks: Measurement of Historical Returns and Expected 
Returns of a Single Security and a Two-security Portfolio; Measurement of Historical 
Risk and Expected Risk of a Single Security and a Two-security Portfolio."
MHSSCE_00179,BE SYLLABUS.pdf,syllabus,107,2,,"06 
02 
Concepts of Returns and Risks: Measurement of Historical Returns and Expected 
Returns of a Single Security and a Two-security Portfolio; Measurement of Historical 
Risk and Expected Risk of a Single Security and a Two-security Portfolio.

Time Value of Money: Future Value of a Lump Sum, Ordinary Annuity, and Annuity 
Due; Present Value of a Lump Sum, Ordinary Annuity, and Annuity 
Due; Continuous Compounding and Continuous Discounting. 06 
03 
Overview of Corporate Finance: Objectives of Corporate Finance; Functions of 
Corporate Finance—Investment Decision, Financing Decision, and Dividend Decision. Financial Ratio Analysis: Overview of Financial Statements—Balance Sheet, Profit and 
Loss Account, and Cash Flow Statement; Purpose of Financial Ratio Analysis; Liquidity 
Ratios; Efficiency or Activity Ratios; Profitability Ratios; 
Capital Structure Ratios; Stock Market Ratios; Limitations of Ratio Analysis. 09 
04 
Capital Budgeting: Meaning and Importance of Capital Budgeting; Inputs for Capital 
Budgeting Decisions; Investment Appraisal Criterion—Accounting Rate of Return, 
Payback Period, Discounted Payback Period, Net Present Value(NPV), Profitability 
Index, Internal Rate of Return (IRR), and Modified 
Internal Rate of Return (MIRR) 
 
10"
MHSSCE_00180,BE SYLLABUS.pdf,syllabus,108,1,,"Working Capital Management: Concepts of Meaning Working Capital; 
Importance of Working Capital Management; Factors Affecting an Entity’s Working 
Capital Needs; Estimation of Working Capital Requirements; Management of 
Inventories; Management of Receivables; and Management of Cash and Marketable 
Securities. 05 
Sources of Finance: Long Term Sources—Equity, Debt, and Hybrids; Mezzanine 
Finance; Sources of Short Term Finance—Trade Credit, Bank Finance, Commercial 
Paper; Project Finance. Capital Structure: Factors Affecting an Entity’s Capital Structure; Overview of Capital 
Structure Theories and Approaches— Net Income Approach, Net Operating Income 
Approach; Traditional Approach, and Modigliani-Miller Approach. Relation between 
Capital Structure and Corporate Value; Concept of 
Optimal Capital Structure 
 
 
05 
06 
Dividend Policy: Meaning and Importance of Dividend Policy; Factors Affecting an 
Entity’s Dividend Decision; Overview of Dividend Policy Theories and Approaches— 
Gordon’s Approach, Walter’s Approach, and Modigliani- 
Miller Approach 
03 
 
 
 
REFERENCES: 
 
1. Fundamentals of Financial Management, 13th Edition (2015) by Eugene F. Brigham and Joel F. Houston; Publisher: Cengage Publications, New Delhi. 2. Analysis for Financial Management, 10th Edition (2013) by Robert C. Higgins; Publishers: 
McGraw Hill Education, New Delhi. 3. Indian Financial System, 9th Edition (2015) by M. Y. Khan; Publisher: McGraw Hill 
Education, New Delhi. 4."
MHSSCE_00181,BE SYLLABUS.pdf,syllabus,108,2,,"New Delhi. 2. Analysis for Financial Management, 10th Edition (2013) by Robert C. Higgins; Publishers: 
McGraw Hill Education, New Delhi. 3. Indian Financial System, 9th Edition (2015) by M. Y. Khan; Publisher: McGraw Hill 
Education, New Delhi. 4.

Financial Management, 11th Edition (2015) by I. M. Pandey; Publisher: S. Chand (G/L) & 
Company Limited, New Delhi. Assessment: 
 
Internal: 
Assessment consists of two tests out of which; one should be compulsory class test and the other is either a 
class test or assignment on live problems or course project. End Semester Theory Examination: 
Some guidelines for setting up the question paper. Minimum 80% syllabus should be covered in question papers 
of end semester examination. In question paper weightage of each module will be proportional to number of 
respective lecture hours as mention in the syllabus. 1. Question paper will comprise of total six question 
2. All question carry equal marks 
3. Questions will be mixed in nature (for example supposed Q.2 has part (a) from module 3 then part (b) 
will be from any module other than module 3) 
4. Only Four question need to be solved."
MHSSCE_00182,BE SYLLABUS.pdf,syllabus,109,1,,"Course Code 
Course Name 
Credits 
ILO8023 
Entrepreneurship Development and Management 
03 
 
 
Objectives: 
1. To acquaint with entrepreneurship and management of business 
2. Understand Indian environment for entrepreneurship 
3. Idea of EDP, MSME 
 
Outcomes: Learner will be able to… 
1. Understand the concept of business plan and ownerships 
2. Interpret key regulations and legal aspects of entrepreneurship in India 
3."
MHSSCE_00183,BE SYLLABUS.pdf,syllabus,109,2,,"Indian environment for entrepreneurship 
3. Idea of EDP, MSME 
 
Outcomes: Learner will be able to… 
1. Understand the concept of business plan and ownerships 
2. Interpret key regulations and legal aspects of entrepreneurship in India 
3.

Understand government policies for entrepreneurs 
 
 
Module 
Detailed Contents 
Hrs 
01 
Overview Of Entrepreneurship: Definitions, Roles and Functions/Values of 
Entrepreneurship, History of Entrepreneurship Development, Role of Entrepreneurship in 
the National Economy, Functions of an Entrepreneur, Entrepreneurship and Forms of 
Business Ownership 
Role of Money and Capital Markets in Entrepreneurial Development: 
Contribution of Government Agencies in Sourcing information for Entrepreneurship 
 
04 
02 
Business Plans And Importance Of Capital To Entrepreneurship: Preliminary and 
Marketing Plans, Management and Personnel, Start-up Costs and Financing as well as 
Projected Financial Statements, Legal Section, Insurance, Suppliers and Risks, 
Assumptions and Conclusion, Capital and its Importance to the Entrepreneur 
Entrepreneurship And Business Development: Starting a New Business, 
Buying an Existing Business, New Product Development, Business Growth and the 
Entrepreneur Law and its Relevance to Business Operations 
 
 
09 
03 
Women’s Entrepreneurship Development, Social entrepreneurship-role and need, EDP 
cell, role of sustainability and sustainable development for SMEs, 
case studies, exercises 
05 
04 
Indian Environment for Entrepreneurship: key regulations and legal aspects, 
MSMED Act 2006 and its implications, schemes and policies of the Ministry of MSME, 
role and responsibilities of various government organizations, departments, banks etc., 
Role of State"
MHSSCE_00184,BE SYLLABUS.pdf,syllabus,109,3,,"for Entrepreneurship: key regulations and legal aspects, 
MSMED Act 2006 and its implications, schemes and policies of the Ministry of MSME, 
role and responsibilities of various government organizations, departments, banks etc., 
Role of State

nment for Entrepreneurship: key regulations and legal aspects, 
MSMED Act 2006 and its implications, schemes and policies of the Ministry of MSME, 
role and responsibilities of various government organizations, departments, banks etc., 
Role of State governments in terms of infrastructure developments and support etc., 
Public private partnerships, National Skill 
development Mission, Credit Guarantee Fund, PMEGP, discussions, group exercises etc 
 
08 
05 
Effective Management of Business: Issues and problems faced by micro and small 
enterprises and effective management of M and S enterprises (risk 
management, 
credit 
availability, 
technology 
innovation, 
supply 
chain 
management, linkage with large industries), exercises, e-Marketing 
08 
06 
Achieving Success In The Small Business: Stages of the small business life cycle, four 
types of firm-level growth strategies, Options – harvesting or closing small business 
Critical Success factors of small business 
05"
MHSSCE_00185,BE SYLLABUS.pdf,syllabus,110,1,,"REFERENCES: 
 
1. Poornima Charantimath, Entrepreneurship development- Small Business Enterprise, Pearson 
2. Education Robert D Hisrich, Michael P Peters, Dean A Shapherd, Entrepreneurship, latest edition, The 
McGrawHill Company 
3. Dr TN Chhabra, Entrepreneurship Development, Sun India Publications, New Delhi 
4. Dr CN Prasad, Small and Medium Enterprises in Global Perspective, New century Publications, New 
Delhi 
5. Vasant Desai, Entrepreneurial development and management, Himalaya Publishing House 
6. Maddhurima Lall, Shikah Sahai, Entrepreneurship, Excel Books 
7. Rashmi Bansal, STAY hungry STAY foolish, CIIE, IIM Ahmedabad 
8. Law and Practice relating to Micro, Small and Medium enterprises, Taxmann Publication Ltd. 9. Kurakto, Entrepreneurship- Principles and Practices, Thomson Publication 
10. Laghu Udyog Samachar 
11. www.msme.gov.in 
12. www.dcmesme.gov.in 
13. www.msmetraining.gov.in 
 
 
Assessment: 
 
Internal: 
Assessment consists of two tests out of which; one should be compulsory class test and the other is either a 
class test or assignment on live problems or course project. End Semester Theory Examination: 
Some guidelines for setting up the question paper. Minimum 80% syllabus should be covered in question papers 
of end semester examination. In question paper weightage of each module will be proportional to number of 
respective lecture hours as mention in the syllabus. 1. Question paper will comprise of total six question 
2."
MHSSCE_00186,BE SYLLABUS.pdf,syllabus,110,2,,"be covered in question papers 
of end semester examination. In question paper weightage of each module will be proportional to number of 
respective lecture hours as mention in the syllabus. 1. Question paper will comprise of total six question 
2.

All question carry equal marks 
3. Questions will be mixed in nature (for example supposed Q.2 has part (a) from module 3 then part (b) 
will be from any module other than module 3) 
4. Only Four question need to be solved."
MHSSCE_00187,BE SYLLABUS.pdf,syllabus,111,1,,"Course Code 
Course Name 
Credits 
ILO8024 
Human Resource Management 
03 
 
 
Objectives: 
1. To introduce the students with basic concepts, techniques and practices of the human resource 
management. 2. To provide opportunity of learning Human resource management (HRM) processes, related with the 
functions, and challenges in the emerging perspective of today’s organizations. 3. To familiarize the students about the latest developments, trends & different aspects of HRM. 4. To acquaint the student with the importance of inter-personal & inter-group behavioral skills in an 
organizational setting required for future stable engineers, leaders and managers. Outcomes: Learner will be able to… 
1. Understand the concepts, aspects, techniques and practices of the human resource management. 2. Understand the Human resource management (HRM) processes, functions, changes and challenges in 
today’s emerging organizational perspective. 3. Gain knowledge about the latest developments and trends in HRM. 4. Apply the knowledge of behavioral skills learnt and integrate it with in inter personal and intergroup 
environment emerging as future stable engineers and managers. Module 
Detailed Contents 
Hrs 
01 
Introduction to HR 
 
Human Resource Management- Concept, Scope and Importance, 
Interdisciplinary Approach Relationship with other Sciences, 
Competencies of HR Manager, HRM functions."
MHSSCE_00188,BE SYLLABUS.pdf,syllabus,111,2,,"engineers and managers. Module 
Detailed Contents 
Hrs 
01 
Introduction to HR 
 
Human Resource Management- Concept, Scope and Importance, 
Interdisciplinary Approach Relationship with other Sciences, 
Competencies of HR Manager, HRM functions.

 
Human resource development (HRD): changing role of HRM – Human 
resource Planning, Technological change, Restructuring andrightsizing, 
Empowerment, TQM, Managing ethical issues. 5 
02 
Organizational Behavior (OB) 
 
Introduction to OB Origin, Nature and Scope of Organizational Behavior, 
Relevance to Organizational Effectiveness and Contemporary issues 
 
Personality: Meaning and Determinants of Personality, Personality 
development, Personality Types, Assessment of Personality Traits for 
Increasing Self Awareness 
 
Perception: Attitude and Value, Effect of perception on Individual 
Decision-making, Attitude and Behavior.  
Motivation: Theories of Motivation and their Applications for 
Behavioral Change (Maslow, Herzberg, McGregor); 
 
Group Behavior and Group Dynamics: Work groups formal and informal 
groups and stages of group development. Team Effectiveness: High performing 
teams, Team Roles, cross functional and self-directed team.  
Case study 
 
 
 
 
 
 
7 
03 
Organizational Structure &Design 
 
Structure, size, technology, Environment of organization; Organizational Roles 
& conflicts: Concept of roles; role dynamics; role conflicts and 
6"
MHSSCE_00189,BE SYLLABUS.pdf,syllabus,112,1,,"stress.  
Leadership: Concepts and skills of leadership, Leadership and 
managerial roles, Leadership styles and contemporary issues in 
leadership.  
Power and Politics: Sources and uses of power; Politics atworkplace, 
Tactics and strategies. 04 
Human resource Planning 
 
Recruitment and Selection process, Job-enrichment, Empowerment - Job- 
Satisfaction, employee morale.  
Performance Appraisal Systems: Traditional & modern methods, 
Performance Counseling, Career Planning.  
Training & Development: Identification of Training Needs, Training 
Methods 
 
 
5 
05 
Emerging Trends in HR 
 
Organizational development; Business Process Re-engineering (BPR), BPR 
as a tool for organizational development, managing processes & 
transformation in HR. Organizational Change, Culture, Environment 
 
Cross Cultural Leadership and Decision Making: Cross Cultural 
Communication and diversity at work, Causes of diversity, managing 
diversity with special reference to handicapped, women and ageing 
people, intra company cultural difference in employee motivation. 6 
06 
HR & MIS 
Need, purpose, objective and role of information system in HR, Applications in HRD in 
various industries (e.g."
MHSSCE_00190,BE SYLLABUS.pdf,syllabus,112,2,,"special reference to handicapped, women and ageing 
people, intra company cultural difference in employee motivation. 6 
06 
HR & MIS 
Need, purpose, objective and role of information system in HR, Applications in HRD in 
various industries (e.g.

manufacturing R&D, Public Transport, Hospitals, Hotels and 
service industries 
Strategic HRM 
Role of Strategic HRM in the modern business world, Concept of Strategy, 
Strategic Management Process, Approaches to Strategic Decision Making; 
Strategic Intent – Corporate Mission, Vision, Objectives and Goals 
Labor Laws & Industrial Relations 
Evolution of IR, IR issues in organizations, Overview of Labor Laws in India; 
Industrial Disputes Act, Trade Unions Act, Shops and Establishments Act 
 
 
 
10 
 
 
REFERENCES: 
 
1. Stephen Robbins, Organizational Behavior, 16th Ed, 2013 
2. V S P Rao, Human Resource Management, 3rd Ed, 2010, Excelpublishing 
3. Aswathapa, Human resource management: Text & cases, 6th edition, 2011 
4. C. B. Mamoria and S V Gankar, Dynamics of Industrial Relations in India, 15th Ed, 2015, Himalaya 
Publishing, 15thedition, 2015 
5. P. Subba Rao, Essentials of Human Resource management and Industrial relations, 5th Ed, 2013, 
Himalaya Publishing 
6. Laurie Mullins, Management 
& Organizational Behavior, Latest Ed, 2016, Pearson Publications 
 
Assessment: 
 
Internal: 
Assessment consists of two tests out of which; one should be compulsory class test and the other is either a 
class test or assignment on live problems or course project."
MHSSCE_00191,BE SYLLABUS.pdf,syllabus,113,1,,"End Semester Theory Examination: 
Some guidelines for setting up the question paper. Minimum 80% syllabus should be covered in question papers 
of end semester examination. In question paper weightage of each module will be proportional to number of 
respective lecture hours as mention in the syllabus. 
1. Question paper will comprise of total six question 
2. All question carry equal marks 
3. Questions will be mixed in nature (for example supposed Q.2 has part (a) from module 3 then part (b) 
will be from any module other than module 3) 
4. Only Four question need to be solved."
MHSSCE_00192,BE SYLLABUS.pdf,syllabus,114,1,,"Course Code 
Course Name 
Credits 
ILO8025 
Professional Ethics and Corporate Social Responsibility 
(CSR) 
03 
 
Objectives: 
1. To understand professional ethics in business 
2. To recognized corporate social responsibility 
Outcomes: Learner will be able to… 
1. Understand rights and duties of business 
2. Distinguish different aspects of corporate social responsibility 
3. Demonstrate professional ethics 
4. Understand legal aspects of corporate social responsibility 
 
Module 
Detailed Contents 
Hrs 
01 
Professional Ethics and Business: The Nature of Business Ethics; Ethical 
Issues in Business; Moral Responsibility and Blame; Utilitarianism: Weighing Social 
Costs and Benefits; Rights and Duties of Business 
04 
02 
Professional Ethics in the Marketplace: Perfect Competition; Monopoly 
Competition; Oligopolistic Competition; Oligopolies and Public Policy Professional 
Ethics and the Environment: Dimensions of Pollution and Resource Depletion; Ethics 
of Pollution Control; Ethics of Conserving 
Depletable Resources 
 
08 
03 
Professional Ethics of Consumer Protection: Markets and Consumer Protection; 
Contract View of Business Firm’s Duties to Consumers; Due Care Theory; Advertising 
Ethics; Consumer Privacy 
Professional Ethics of Job Discrimination: Nature of Job Discrimination; 
Extent of Discrimination; Reservation of Jobs."
MHSSCE_00193,BE SYLLABUS.pdf,syllabus,114,2,,"Protection; 
Contract View of Business Firm’s Duties to Consumers; Due Care Theory; Advertising 
Ethics; Consumer Privacy 
Professional Ethics of Job Discrimination: Nature of Job Discrimination; 
Extent of Discrimination; Reservation of Jobs.

06 
04 
Introduction to Corporate Social Responsibility: Potential Business Benefits—Triple 
bottom line, Human resources, Risk management, Supplier relations; Criticisms and 
concerns—Nature of business; Motives; Misdirection. Trajectory of Corporate Social Responsibility in India 
05 
05 
Corporate Social Responsibility: Articulation of Gandhian Trusteeship Corporate 
Social Responsibility and Small and Medium Enterprises (SMEs) in India, Corporate 
Social Responsibility and Public-Private Partnership (PPP) in 
India 
08 
06 
Corporate Social Responsibility in Globalizing India: Corporate Social Responsibility 
Voluntary Guidelines, 2009 issued by the Ministry of Corporate Affairs, Government of 
India, Legal Aspects of Corporate Social 
Responsibility—Companies Act, 2013. 08"
MHSSCE_00194,BE SYLLABUS.pdf,syllabus,115,1,,"REFERENCES: 
 
1. Business Ethics: Texts and Cases from the Indian Perspective (2013) by Ananda Das Gupta; Publisher: 
Springer. 
2. Corporate Social Responsibility: Readings and Cases in a Global Context (2007) by Andrew Crane, 
Dirk Matten, Laura Spence; Publisher: Routledge. 
3. Business Ethics: Concepts and Cases, 7th Edition (2011) by Manuel G. Velasquez; Publisher: Pearson, 
New Delhi. 
4. Corporate Social Responsibility in India (2015) by BidyutChakrabarty, Routledge, New Delhi. 
Assessment: 
 
Internal: 
Assessment consists of two tests out of which; one should be compulsory class test and the other is either a 
class test or assignment on live problems or course project. 
 
End Semester Theory Examination: 
Some guidelines for setting up the question paper. Minimum 80% syllabus should be covered in question papers 
of end semester examination. In question paper weightage of each module will be proportional to number of 
respective lecture hours as mention in the syllabus. 
1. Question paper will comprise of total six question 
2. All question carry equal marks 
3. Questions will be mixed in nature (for example supposed Q.2 has part (a) from module 3 then part (b) 
will be from any module other than module 3) 
4. Only Four question need to be solved."
MHSSCE_00195,BE SYLLABUS.pdf,syllabus,116,1,,"Course Code 
Course Name 
Credits 
ILO8026 
Research Methodology 
03 
 
 
Objectives: 
1. To understand Research and Research Process 
2. To acquaint students with identifying problems for research and develop research strategies 
3. To familiarize students with the techniques of data collection, analysis of data and interpretation 
Outcomes: Learner will be able to… 
1. Prepare a preliminary research design for projects in their subject matter areas 
2. Accurately collect, analyze and report data 
3. Present complex data or situations clearly 
4. Review and analyze research findings 
 
 
Module 
Detailed Contents 
Hrs 
01 
Introduction and Basic Research Concepts 
Research – Definition; Concept of Construct, Postulate, Proposition, Thesis, Hypothesis, 
Law, Principle.Research methods vs Methodology 
Need of Research in Business and Social Sciences 
Objectives of Research 
Issues and Problems in Research 
Characteristics of Research:Systematic, Valid, Verifiable, Empirical and Critical 
 
 
09 
02 
Types of Research 
Basic Research 
Applied Research 
Descriptive Research 
Analytical 
Research 
Empirical Research 
2.6 Qualitative and Quantitative Approaches 
 
 
07 
03 
Research Design and Sample Design 
Research Design – Meaning, Types and Significance 
Sample Design – Meaning and Significance Essentials of a good sampling Stages in 
Sample Design Sampling methods/techniques Sampling Errors 
07 
04 
Research 
Methodology 
4.1 Meaning of Research Methodology 
4.2."
MHSSCE_00196,BE SYLLABUS.pdf,syllabus,116,2,,"– Meaning, Types and Significance 
Sample Design – Meaning and Significance Essentials of a good sampling Stages in 
Sample Design Sampling methods/techniques Sampling Errors 
07 
04 
Research 
Methodology 
4.1 Meaning of Research Methodology 
4.2.

Stages in Scientific Research Process: 
a. Identification and Selection of Research Problem 
b. Formulation of Research Problem 
c. Review of Literature 
d. Formulation of Hypothesis 
e. Formulation of research Design 
f. Sample Design 
g. Data Collection 
h. Data Analysis 
i. Hypothesis testing and Interpretation of Data 
 
 
 
 
08"
MHSSCE_00197,BE SYLLABUS.pdf,syllabus,117,1,,"j. Preparation of Research Report 
05 
Formulating Research Problem 
5.1 Considerations: Relevance, Interest, Data Availability, Choice of data, Analysis of 
data, Generalization and Interpretation of analysis 
04 
06 
Outcome of Research 
04 
Preparation of the report on conclusion reached 
Validity Testing & Ethical Issues 
Suggestions and Recommendation 
 
 
 
 
REFERENCES: 
 
1. Dawson, Catherine, 2002, Practical Research Methods, New Delhi, UBS Publishers Distributors. 2. Kothari, C.R.,1985, Research Methodology-Methods and Techniques, New Delhi, Wiley Eastern 
Limited. 3. Kumar, Ranjit, 2005, Research Methodology-A Step-by-Step Guide for Beginners, (2nded), Singapore, 
Pearson Education 
 
 
 
Assessment: 
 
Internal: 
Assessment consists of two tests out of which; one should be compulsory class test and the other is either a 
class test or at least 6 assignment on complete syllabus or course project. End Semester Theory Examination: 
Some guidelines for setting up the question paper. Minimum 80% syllabus should be covered in question papers 
of end semester examination. In question paper weightage of each module will be proportional to number of 
respective lecture hours as mention in the syllabus. 1. Question paper will comprise of total six question 
2. All question carry equal marks 
3. Questions will be mixed in nature (for example supposed Q.2 has part (a) from module 3 then part (b) 
will be from any module other than module 3) 
4."
MHSSCE_00198,BE SYLLABUS.pdf,syllabus,117,2,,"1. Question paper will comprise of total six question 
2. All question carry equal marks 
3. Questions will be mixed in nature (for example supposed Q.2 has part (a) from module 3 then part (b) 
will be from any module other than module 3) 
4.

Only Four question need to be solved."
MHSSCE_00199,BE SYLLABUS.pdf,syllabus,118,1,,"Course Code 
Course Name 
Credits 
ILO8027 
IPR and Patenting 
03 
 
Objectives: 
1. To understand intellectual property rights protection system 
2. To promote the knowledge of Intellectual Property Laws of India as well as International treaty 
procedures 
3. To get acquaintance with Patent search and patent filing procedure and applications 
 
Outcomes: Learner will be able to… 
1. understand Intellectual Property assets 
2. assist individuals and organizations in capacity building 
3. work for development, promotion, protection, compliance, and enforcement of Intellectual Property and 
Patenting 
 
Module 
Detailed Contents 
Hr 
01 
Introduction to Intellectual Property Rights (IPR): Meaning of IPR, Different 
category of IPR instruments - Patents, Trademarks,Copyrights, Industrial Designs, Plant 
variety protection, Geographical indications,Transfer of technology etc. Importance of IPR in Modern Global Economic Environment: Theories of IPR, 
Philosophical aspects of IPR laws, Need for IPR, IPR as an instrument of 
development 
 
 
05 
02 
Enforcement of Intellectual Property Rights: Introduction, Magnitude of problem, 
Factors that create and sustain counterfeiting/piracy, International agreements, 
International organizations (e.g."
MHSSCE_00200,BE SYLLABUS.pdf,syllabus,118,2,,"IPR as an instrument of 
development 
 
 
05 
02 
Enforcement of Intellectual Property Rights: Introduction, Magnitude of problem, 
Factors that create and sustain counterfeiting/piracy, International agreements, 
International organizations (e.g.

WIPO, WTO) activein IPR enforcement 
Indian Scenario of IPR:Introduction, History of IPR in India, Overview of IP laws in 
India, Indian IPR, Administrative Machinery, Major international treaties signed by India, 
Procedure for submitting patent and Enforcement of IPR at 
national level etc. 07 
03 
Emerging Issues in IPR:Challenges for IP in digital economy, e-commerce, 
human genome,biodiversity and traditional knowledge etc. 05 
04 
Basics of Patents:Definition of Patents, Conditions of patentability, Patentable and non- 
patentable inventions, Types of patent applications (e.g. Patent of addition etc), Process 
Patent and Product Patent, Precautions while patenting, Patent specification Patent claims, 
Disclosures and non-disclosures, Patent rights 
and infringement, Method of getting a patent 
 
07 
05 
Patent Rules: Indian patent act, European scenario, US scenario, Australia scenario, 
Japan scenario, Chinese scenario, Multilateral treaties where India is a 
member (TRIPS agreement, Paris convention etc.) 
08 
06 
Procedure for Filing a Patent (National and International): Legislation and Salient 
Features, Patent Search, Drafting and Filing Patent Applications, Processing of patent, 
Patent Litigation, Patent Publicationetc, Time frame and 
cost, Patent Licensing, Patent Infringement 
07"
MHSSCE_00201,BE SYLLABUS.pdf,syllabus,119,1,,"Patent databases: Important websites, Searching international databases 
 
 
REFERENCE BOOKS: 
 
1. Rajkumar S. Adukia, 2007, A Handbook on Laws Relating to Intellectual Property Rights in India, The 
Institute of Chartered Accountants of India 
2. Keayla B K, Patent system and related issues at a glance, Published by National Working Group on 
Patent Laws 
3. T Sengupta, 2011, Intellectual Property Law in India, Kluwer Law International 
4. Tzen Wong and Graham Dutfield, 2010, Intellectual Property and Human Development: Current Trends 
and Future Scenario, Cambridge University Press 
5. Cornish, William Rodolph & Llewelyn, David. 2010, Intellectual Property: Patents, Copyrights, Trade 
Marks and Allied Right, 7th Edition, Sweet & Maxwell 
6. Lous Harns, 2012, The enforcement of Intellactual Property Rights: A Case Book, 3rd Edition, WIPO 
7. Prabhuddha Ganguli, 2012, Intellectual Property Rights, 1st Edition, TMH 
8. R Radha Krishnan & S Balasubramanian, 2012, Intellectual Property Rights, 1st Edition, Excel Books 
9. M Ashok Kumar and mohd Iqbal Ali, 2-11, Intellectual Property Rights, 2nd Edition, Serial Publications 
10. Kompal Bansal and Praishit Bansal, 2012, Fundamentals of IPR for Engineers, 1st Edition, BS 
Publications 
11. Entrepreneurship Development and IPR Unit, BITS Pilani, 2007, A Manual on Intellectual Property 
Rights, 
12. Mathew Y Maa, 2009, Fundamentals of Patenting and Licensing for Scientists and Engineers, World 
Scientific Publishing Company 
13."
MHSSCE_00202,BE SYLLABUS.pdf,syllabus,119,2,,"11. Entrepreneurship Development and IPR Unit, BITS Pilani, 2007, A Manual on Intellectual Property 
Rights, 
12. Mathew Y Maa, 2009, Fundamentals of Patenting and Licensing for Scientists and Engineers, World 
Scientific Publishing Company 
13.

N S Rathore, S M Mathur, Priti Mathur, Anshul Rathi, IPR: Drafting,Interpretation of Patent 
Specifications and Claims, New India Publishing Agency 
14. Vivien Irish, 2005, Intellectual Property Rights for Engineers,IET 
15. Howard B Rockman, 2004, Intellectual Property Law for Engineers and scientists, Wiley-IEEE Press 
Assessment: 
 
Internal: 
Assessment consists of two tests out of which; one should be compulsory class test and the other is either a 
class test or at least 6 assignment on complete syllabus or course project. End Semester Theory Examination: 
Some guidelines for setting up the question paper. Minimum 80% syllabus should be covered in question papers 
of end semester examination. In question paper weightage of each module will be proportional to number of 
respective lecture hours as mention in the syllabus. 1. Question paper will comprise of total six question 
2. All question carry equal marks 
3. Questions will be mixed in nature (for example supposed Q.2 has part (a) from module 3 then part (b) 
will be from any module other than module 3) 
4. Only Four question need to be solved."
MHSSCE_00203,BE SYLLABUS.pdf,syllabus,120,1,,"Course Code 
Course Name 
Credits 
ILO8028 
Digital Business Management 
03 
 
Objectives: 
1. To familiarize with digital business concept 
2. To acquaint with E-commerce 
3. To give insights into E-business and its strategies 
 
Outcomes: The learner will be able to ….. 1. Identify drivers of digital business 
2. Illustrate various approaches and techniques for E-business and management 
3."
MHSSCE_00204,BE SYLLABUS.pdf,syllabus,120,2,,"acquaint with E-commerce 
3. To give insights into E-business and its strategies 
 
Outcomes: The learner will be able to ….. 1. Identify drivers of digital business 
2. Illustrate various approaches and techniques for E-business and management 
3.

Prepare E-business plan 
 
Module 
Detailed content 
Hours 
1 
Introduction to Digital Business- 
Introduction, Background and current status, E-market places, structures, 
mechanisms, economics and impacts 
Difference between physical economy and digital economy, 
Drivers of digital business- Big Data & Analytics, Mobile, Cloud Computing, 
Social media, BYOD, and Internet of Things(digitally intelligent machines/services) 
Opportunities and Challenges in Digital Business, 
 
 
 
 
09 
2 
Overview of E-Commerce 
E-Commerce- Meaning, Retailing in e-commerce-products and services, consumer 
behavior, market research and advertisement 
B2B-E-commerce-selling and buying in private e-markets, public B2B exchanges 
and support services, e-supply chains, Collaborative Commerce, Intra business EC 
and Corporate portals 
Other E-C models and applications, innovative EC System-From E- government 
and learning to C2C, mobile commerce and pervasive computing 
EC Strategy and Implementation-EC strategy and global EC, Economics and 
Justification of EC, Using Affiliate marketing to promote your e- commerce 
business, Launching a successful online business and EC project, Legal, Ethics and 
Societal impacts of EC 
 
 
 
 
 
 
 
06"
MHSSCE_00205,BE SYLLABUS.pdf,syllabus,121,1,,"3 
Digital Business Support services: ERP as e –business backbone, knowledge 
Tope Apps, Information and referral system 
Application Development: Building Digital business Applications and 
Infrastructure 
06 
4 
Managing E-Business-Managing Knowledge, Management skills for e- 
business, Managing Risks in e –business 
Security Threats to e-business -Security Overview, Electronic Commerce Threats, 
Encryption, Cryptography, Public Key and Private Key Cryptography, Digital 
Signatures, Digital Certificates, Security Protocols over Public Networks: HTTP, 
SSL, Firewall as Security Control, Public Key Infrastructure (PKI) for Security, 
Prominent Cryptographic Applications 
 
 
 
06 
5 
E-Business Strategy-E-business Strategic formulation- Analysis of 
Company’s Internal and external environment, Selection of strategy, E- 
business strategy into Action, challenges and E-Transition (Process of 
Digital Transformation) 
 
04 
6 
Materializing e-business: From Idea to Realization-Business plan 
preparation 
Case Studies and presentations 
08 
 
 
References: 
 
1. A textbook on E-commerce, Er Arunrajan Mishra, Dr W K Sarwade,Neha Publishers & Distributors, 
2011 
2. E-commerce from vision to fulfilment, Elias M. Awad, PHI-Restricted, 2002 
3. Digital Business and E-Commerce Management, 6th Ed, Dave Chaffey, Pearson, August 2014 
4. Introduction to E-business-Management and Strategy, Colin Combe, ELSVIER, 2006 
5."
MHSSCE_00206,BE SYLLABUS.pdf,syllabus,121,2,,"from vision to fulfilment, Elias M. Awad, PHI-Restricted, 2002 
3. Digital Business and E-Commerce Management, 6th Ed, Dave Chaffey, Pearson, August 2014 
4. Introduction to E-business-Management and Strategy, Colin Combe, ELSVIER, 2006 
5.

Digital Business Concepts and Strategy, Eloise Coupey, 2nd Edition, Pearson 
6. Trend and Challenges in Digital Business Innovation, VinocenzoMorabito, Springer 
7. Digital Business Discourse Erika Darics, April 2015, Palgrave Macmillan 
8. E-Governance-Challenges and Opportunities in: Proceedings in 2nd International Conference theory and 
practice of Electronic Governance 
9. Perspectives the Digital Enterprise –A framework for Transformation, TCS consulting journal Vol.5 
10. Measuring Digital Economy-A new perspective -DOI:10.1787/9789264221796-enOECD Publishing 
 
 
Assessment: 
 
Internal: 
Assessment consists of two tests out of which; one should be compulsory class test and the other is either a 
class test or at least 6 assignment on complete syllabus or course project."
MHSSCE_00207,BE SYLLABUS.pdf,syllabus,122,1,,"End Semester Theory Examination: 
Some guidelines for setting up the question paper. Minimum 80% syllabus should be covered in question papers 
of end semester examination. In question paper weightage of each module will be proportional to number of 
respective lecture hours as mention in the syllabus. 
1. Question paper will comprise of total six question 
2. All question carry equal marks 
3. Questions will be mixed in nature (for example supposed Q.2 has part (a) from module 3 then part (b) 
will be from any module other than module 3) 
4. Only Four question need to be solved."
MHSSCE_00208,BE SYLLABUS.pdf,syllabus,123,1,,"Course Code 
Course Name 
Credits 
ILO8029 
Environmental Management 
03 
 
 
Objectives: 
1. Understand and identify environmental issues relevant to India and global concerns 
2. Learn concepts of ecology 
3. Familiarise environment related legislations 
 
Outcomes: Learner will be able to… 
1. Understand the concept of environmental management 
2. Understand ecosystem and interdependence, food chain etc. 3. Understand and interpret environment related legislations 
 
 
Module 
Detailed Contents 
Hrs 
01 
Introduction and Definition of Environment: Significance of Environment 
Management for contemporary managers, Career opportunities. Environmental issues relevant to India, Sustainable Development, The Energy 
scenario. 10 
02 
Global Environmental concerns: Global Warming, Acid Rain, Ozone Depletion, 
Hazardous Wastes, Endangered life-species, Loss of Biodiversity, Industrial/Man-made 
disasters, Atomic/Biomedical hazards, etc. 06 
03 
Concepts of Ecology: Ecosystems 
and interdependence between living 
organisms, habitats, limiting factors, carrying capacity, food chain, etc. 05 
04 
Scope of Environment Management, Role & functions of Government as a planning 
and regulating agency. Environment Quality Management and Corporate Environmental Responsibility 
10 
05 
Total Quality Environmental Management, ISO-14000, EMS certification."
MHSSCE_00209,BE SYLLABUS.pdf,syllabus,123,2,,"of Environment Management, Role & functions of Government as a planning 
and regulating agency. Environment Quality Management and Corporate Environmental Responsibility 
10 
05 
Total Quality Environmental Management, ISO-14000, EMS certification.

05 
06 
General overview of major legislations like Environment Protection Act, Air (P & CP) 
Act, Water (P & CP) Act, Wildlife Protection Act, Forest Act, Factories Act, etc. 03 
 
 
REFERENCES: 
 
1. Environmental Management: Principles and Practice, C J Barrow, Routledge Publishers 
London, 1999 
2. A Handbook of Environmental Management Edited by Jon C. Lovett and David G. Ockwell, Edward 
Elgar Publishing 
3. Environmental Management,T V Ramachandra and Vijay Kulkarni, TERI Press 
4. Indian Standard Environmental Management Systems — Requirements With Guidance For Use, 
Bureau Of Indian Standards, February 2005 
5. Environmental Management: An Indian Perspective, S N Chary and Vinod Vyasulu, Maclillan India, 
2000"
MHSSCE_00210,BE SYLLABUS.pdf,syllabus,124,1,,"6. Introduction to Environmental Management, Mary K Theodore and Louise Theodore, 
CRC Press 
7. Environment and Ecology, Majid Hussain, 3rd Ed. Access Publishing.2015 
 
 
 
Assessment: 
 
Internal: 
Assessment consists of two tests out of which; one should be compulsory class test and the other 
is either a class test or assignment on live problems or course project. 
 
End Semester Theory Examination: 
Some guidelines for setting up the question paper. Minimum 80% syllabus should be covered in 
question papers of end semester examination. In question paper weightage of each module will be 
proportional to number of respective lecture hours as mention in the syllabus. 
1. Question paper will comprise of total six question 
2. All question carry equal marks 
3. Questions will be mixed in nature (for example supposed Q.2 has part (a) from module 3 
then part (b) will be from any module other than module 3) 
4. Only Four question need to be solved."
MHSSCE_00211,BE SYLLABUS.pdf,syllabus,125,1,,"Course Code: 
Lab Name 
Credit 
CSL801 
Advanced AI Lab 
01 
 
 
Prerequisite: C/C++/Java/MATLAB/Python 
Lab Objectives: 
1 
To implement Generative and Probabilistic models and understand its working 
2 
To analyse the Architecture and Training process of Autoencoders. 
3 
To apply the concepts of transfer learning towards useful outcomes. 
4 
To demonstrate the application of ensemble learning. 
5 
To realise the penetration of Nascent AI technologies in real life applications. 
Lab Outcomes: At the end of the course, the students will be able to 
1 
Implement Generative and Probabilistic models and understand its working. 
2 
Build and Train Autoencoders models. 
3 
Solving real life problems using transfer learning. 
4 
Design models based on ensemble learning approach. 
5 
Conceptualise the designs and advancement of AI technologies in real life applications. 
 
Suggested Experiments: 
Sr. No. 
Name of the Experiment 
1 
Design and implement a Hidden Markov Models for outcome prediction. 
2 
Design and implement a Bayesian Network for outcome prediction. 
3 
Design and implement a Gaussian Mixture Models for outcome prediction. 
4 
Build and Train a Generative Multi-Layer Network Model using appropriate dataset. 
5 
Build and Train a Deep Convolution Generative Multi-Layer (DCGAN) Network Model 
for an image based dataset."
MHSSCE_00212,BE SYLLABUS.pdf,syllabus,126,1,,"6 
Develop a Conditional GAN (CGAN) Network to direct the image generation process of 
the generator model. 
7 
Train a variational autoencoder using Tensorflow on dataset of your choice. 
8 
Explore the working of any pre-trained model towards outcome generation. 
9 
Implement the KNN algorithm. 
10 
Implement XGBoost for (any one task) 
- 
Classification 
- 
Regression 
11 
Case-study on the emerging technologies in AI like Metaverse, Augmented reality etc. 
12 
Mini Project Report: For any one chosen real world application as per the syllabus of 
CSC801: Advanced AI. 
13 
Implementation and Presentation of Mini Project 
 
 
Useful Links 
1 
https://nptel.ac.in/courses/106106224 
2 
https://www.tensorflow.org/tutorials/generative/cvae 
3 
https://onlinecourses.nptel.ac.in/noc20_cs62/preview 
4 
https://machinelearningmastery.com/what-are-generative-adversarial-networks-gans/ 
 
 
Term Work: 
1 
Term work should consist of any 06 experiments, 1 case study, Mini Project. 
2 
Journal must include at least 2 assignments based on Theory and Practical’s. 
3 
The final certification and acceptance of term work ensures satisfactory performance of 
laboratory work and minimum passing marks in term work. 
4 
Total 25 Marks (Experiments: 15-marks, Attendance Theory & Practical: 05-marks, 
Assignments: 05-marks) 
Oral exam 
 
Oral examination on the entire syllabus of CSC801 and CSL801"
MHSSCE_00213,BE SYLLABUS.pdf,syllabus,127,1,,"Lab Code 
Lab Name 
Credit 
CSDOL8011 
AI for financial & Banking 
application Lab 
1 
 
 
Prerequisite: Python Programming, Deep Learning, Machine Learning. Lab Objectives: Students will try 
1 
To implement digital money transfer systems in the banking sector. 2 
To calculate risk-adjusted performance measures for investment portfolios. 3 
To apply cluster analysis to identify patterns in financial data. 4 
To analyze market sentiment using the Markov regime switching model. 5 
To design and backtest trading algorithms for financial markets 
6 
To detect and prevent fraudulent activities using fraud analytics techniques 
Lab Outcomes: At the end of the course, the students will be able to 
1 
Proficiency in implementing secure and efficient digital money transfer systems. 2 
Ability to assess investment performance using risk-adjusted measures. 3 
Competence in identifying meaningful patterns and segments in financial data. 4 
Understanding of market sentiment and its impact on trading decisions. 5 
Practical skills in developing and evaluating trading algorithms. 6 
Knowledge of fraud detection methods for financial systems. Suggested List of Experiments 
1. Setting up a Digital Money Transfer System 
2. Calculating Sharpe Ratios for Investment Portfolios 
3, 
Cluster Analysis of Financial Data for Market Segmentation 
4. Analyzing Market Sentiment using the Markov Regime Switching Model 
5. Developing and Backtesting a Simple Trading Algorithm 
6."
MHSSCE_00214,BE SYLLABUS.pdf,syllabus,127,2,,"Calculating Sharpe Ratios for Investment Portfolios 
3, 
Cluster Analysis of Financial Data for Market Segmentation 
4. Analyzing Market Sentiment using the Markov Regime Switching Model 
5. Developing and Backtesting a Simple Trading Algorithm 
6.

Implementing Advanced Risk Management Techniques in Trading Algorithms 
7. Fraud Detection using Machine Learning Algorithms 
8. Visualizing Fraud Patterns and Analytics 
9. Designing and Backtesting Complex Trading Strategies 
10. Evaluating and Enhancing the Performance of Trading Algorithms 
11. Applying Machine Learning for Predictive Fraud Analytics"
MHSSCE_00215,BE SYLLABUS.pdf,syllabus,128,1,,"Textbooks: 
1 
Financial Analytics with R Building a Laptop Laboratory for Data Science MARK J. 
BENNETT University of Chicago DIRK L. HUGEN University of Iowa 
2 
Artificial Intelligence in Finance A Python-Based Guide, Yves Hilpisch A 
3 
Fraud Analytics Using Descriptive, Predictive, and Social Network Techniques: A 
Guide to Data Science for Fraud Detection, Bart Baesens, Veronique Van Vlasselaer, 
Wouter Verbeke 
 
References: 
1 
“ Machine Learning for Asset Managers"" by Marcos López de Prado 
2 
""Advances in Financial Machine Learning"" by Marcos López de Prado. 
Digital References: 
1. https://www.eastnets.com/newsroom/digital-transformation-in-the-banking-and-financial-services-sector 
2. https://www.techopedia.com/definition/34633/generative-ai 
 
 
 
Term Work: 
1 
Term work should consist of 10 experiments and 2 assignments. 
2 
The final certification and acceptance of term work ensures satisfactory performance of 
laboratory work and minimum passing marks in term work. 
3 
The final certification and acceptance of term work ensures satisfactory performance of 
laboratory work and minimum passing marks in term work. Total 25 Marks (Experiments and 
Project: 15-marks, Attendance(Theory & Practical): 05-marks, Assignment: 05-marks) 
Practical and Oral exam 
Oral examination on the entire syllabus of CSDO8011 & CSDOL8011"
MHSSCE_00216,BE SYLLABUS.pdf,syllabus,129,1,,"Lab Code 
Lab Name 
Credit 
CSDOL8012 
Quantum Computing Lab 
1 
 
Prerequisite: Python Programming Language. Lab Objectives: 
1 To implement fundamental quantum computing concepts 
2 To learn quantum computation and quantum information 
3 To understand quantum entanglement, quantum algorithms 
4 To understand quantum information theory and channels 
Lab Outcomes: Students will be able to 
1 Implement basic quantum computing logic by building dice and random numbers using open 
source simulation tools. 2 Understand quantum logic gates using open source simulation tools. 3 Implement quantum circuits using open source simulation tools. 4 I implement quantum algorithms using open source simulation tools. Suggested Experiments: Students are required to complete at least 10 experiments.Faculty may 
develop their own set of experiments for students. List below is only suggestive. Sr. No. Name of the Experiment 
1 
Building Quantum dice 
2 
Building Quantum Random No. Generation 
3 
Composing simple quantum circuits with q-gates and measuring the output into 
classical bits."
MHSSCE_00217,BE SYLLABUS.pdf,syllabus,129,2,,"for students. List below is only suggestive. Sr. No. Name of the Experiment 
1 
Building Quantum dice 
2 
Building Quantum Random No. Generation 
3 
Composing simple quantum circuits with q-gates and measuring the output into 
classical bits.

4 
Implementation of Shor‘s Algorithms 
5 
Implementation of Grover‘s Algorithm 
6 
Implementation of Deutsch‘s Algorithm 
7 
Implementation of Deutsch-Jozsa‘s Algorithm 
8 
Quantum Circuits 
9 
Qubit Gates 
10 
Bell Circuit & GHZ Circuit 
11 
Accuracy of Quantum Phase Estimation 
12 
Mini Project such as implementing an API for efficient search using Grover‘s 
Algorithms or Integer factorization using Shor‘s Algorithm. Useful Links: 
1 
IBM Experience: https://quantum-computing.ibm.com/ 
2 
Microsoft Quantum Development Kit 
https://azure.microsoft.com/en-us/resources/development-kit/quantum-computing/#overview 
3 
Forest SDK PyQuil: https://pyquil-docs.rigetti.com/en/stable/ 
4 
Google Quantum CIRQ https://quantumai.google/cirq 
5 
Qiskit Labs IBM https://learn.qiskit.org/course/ch-labs/lab-1-quantum-circuits"
MHSSCE_00218,BE SYLLABUS.pdf,syllabus,130,1,,"Term Work: 
1 Term work should consist of 10 experiments. 
2 Journal must include at least 2 assignments. 
3 The final certification and acceptance of term work ensures that satisfactory performance of 
laboratory work and minimum passing marks in term work. 
4 Total 25 Marks (Experiments: 15-marks, Attendance Theory & Practical: 05-marks, 
Assignments: 05-marks) 
Oral & Practical exam: 
Oral examination based on the entire syllabus of CSDO8012 and CSDOL8012"
MHSSCE_00219,BE SYLLABUS.pdf,syllabus,131,1,,"Course Code: 
Course Title 
Credit 
CSDOL8013 
Reinforcement Learning Lab 
1 
 
 
Prerequisite: Python Programming, Deep Learning, Machine Learning. Lab Objectives: Students will try 
1 Introduce the fundamentals of reinforcement learning and problem formulation using MDPs 
and Bandit problems 
2 Explode different exploration strategies and their impact on online leaning scenarios. 3 Understand dynamic programming algorithms for solving Markov Decision Processes. 4 Apply dynamic programming techniques to solve small-scale MDP problems 
5 Implement and compare Monte Carlo methods and Temporal-Difference learning algorithms. 6 Explore real-world applications of reinforcement learning in domains such as autonomous 
driving or robotics 
Lab Outcomes: At the end of the course, the students will be able to 
1 Gain a solid understanding of reinforcement learning concepts and problem formulation. 2 Evaluate and compare exploration strategies in online learning scenarios. 3 Solve Markov Decision Processes using dynamic programming algorithms 
4 Apply dynamic programming techniques to solve small-scale MDP problems. 5 Implement and analyze Monte Carlo methods and Temporal-Difference learning algorithms 
6 Explore practical applications of reinforcement learning in real-world domains. Suggested List of Experiments 
1. Implementing a simple grid-world environment and training an agent using basic Q- 
learning 
2."
MHSSCE_00220,BE SYLLABUS.pdf,syllabus,131,2,,"learning algorithms 
6 Explore practical applications of reinforcement learning in real-world domains. Suggested List of Experiments 
1. Implementing a simple grid-world environment and training an agent using basic Q- 
learning 
2.

Implementing a multi-armed bandit problem and comparing different exploration strategies 
like epsilon-greedy and UCB. 3, 
Implementing a basic grid-world environment as an MDP and applying policy iteration 
and value iteration algorithms to find optimal policies. 4. Applying dynamic programming algorithms, such as policy evaluation and policy 
improvement, to solve a small-scale MDP problem. 5. Implementing Monte Carlo control and Temporal Difference (TD) learning algorithms to 
train an agent in a grid-world environment. 6. Exploration vs. Exploitation Trade-off: Experimenting with different exploration strategies 
and analyzing their impact on the learning performance of an agent in a bandit problem. 7. Function Approximation in Reinforcement Learning: Using function approximation"
MHSSCE_00221,BE SYLLABUS.pdf,syllabus,132,1,,"techniques, such as linear regression or neural networks, to approximate value functions in 
reinforcement learning problems. 8. Deep Reinforcement Learning: Implementing a deep Q-network (DQN) to train an agent to 
play a popular Atari game, such as Pong or Space Invaders. 9. Transfer Learning and Multi-Task Reinforcement Learning: Investigating transfer learning 
in reinforcement learning by training an agent in one environment and transferring its 
knowledge to a different but related environment 
10. Policy Gradient Methods: 
Implementing policy gradient methods, such as REINFORCE or Proximal Policy 
Optimization (PPO), to train an agent in a continuous control environment. *11. Applications and Case Studies: 
Applying reinforcement learning techniques to solve a real-world problem, such as training 
a self-driving car to navigate a simulated road environment. Text Books: 
 
1. Reinforcement Learning: An Introduction, by Richard S. Sutton and Andrew G. Barto 
2. Alessandro Palmas, Dr. Alexandra Galina Petre, Emanuele Ghelfi, The Reinforcement 
Learning Workshop: Learn how to Apply Cutting-edge Reinforcement Learning Algorithms 
to a Wide Range of Control Problems, 2020 Packt publishing. 3. Phil Winder, Reinforcement Learning Industrial Applications with Intelligent Agents, O’Reilly 
4. Dr Engr S M Farrukh Akhtar, Practical Reinforcement Learning, Packt Publishing, 2017. References Books: 
 
1."
MHSSCE_00222,BE SYLLABUS.pdf,syllabus,132,2,,"Problems, 2020 Packt publishing. 3. Phil Winder, Reinforcement Learning Industrial Applications with Intelligent Agents, O’Reilly 
4. Dr Engr S M Farrukh Akhtar, Practical Reinforcement Learning, Packt Publishing, 2017. References Books: 
 
1.

Maxim Lapan, Deep Reinforcement Learning Hands-On: Apply modern RL methods, with 
deep Q-networks, value iteration, policy gradients, TRPO, AlphaGo Zero. 2. Csaba Szepesv´ari, Algorithms for Reinforcement Learning, Morgan & Claypool Publishers 
3. Alberto Leon-Garcia, Probability, Statistics and Random Processes for Electrical 
Engineering, Third Edition, Pearson Education, Inc. Useful Links 
1. Machine Learning and Friends at Carnegie Mellon University 
2. Reinforcement Learning: A Survey 
3. Bibliography on Reinforcement Learning 
4. David J. Finton's Reinforcement Learning Page 
 
 
 
Term Work: 
1 Term work should consist of any 8 experiments, 1 case study and 2 assignments. 2 The final certification and acceptance of term work ensures satisfactory performance o"
MHSSCE_00223,BE SYLLABUS.pdf,syllabus,133,1,,"laboratory work and minimum passing marks in term work. 
3 The final certification and acceptance of term work ensures satisfactory performance of 
laboratory work and minimum passing marks in term work. Total 25 Marks (Experiments and 
Project: 15-marks, Attendance(Theory & Practical): 05-marks, Assignment: 05-marks) 
Oral exam 
Oral Examination based on the entire syllabus of CSDO8011 and CSL8011"
MHSSCE_00224,BE SYLLABUS.pdf,syllabus,134,1,,"Lab Code 
Lab Name 
Credit 
CSDOL8021 
Graph Data Science 
Lab 
1 
 
 
Lab Objectives: Students will try 
1 To understand graph database fundamentals and their advantages. 
2 To design and implement effective data models using the labeled property graph model. 
3 To develop proficiency in querying and analyzing graph data using Cypher. 
4 To gain knowledge of graph database administration tasks and data management. 
5 To apply graph database techniques to real-world use cases. 
6 To develop practical skills in graph database application development. 
Lab Outcomes: At the end of the course, the students will be able to 
1 Comprehensive understanding of graph databases and their benefits. 
2 Proficiency in creating data models for representing complex relationships. 
3 Ability to write efficient queries and analyze graph data effectively. 
4 Competence in administering and managing graph databases. 
5 Application of graph database techniques to solve real-world problems. 
6 Understand developing graph database applications. 
 
 
 
 
Suggested List of Experiments 
1. Graph Database Fundamentals: 
○ 
Install and set up a graph database system (e.g., Neo4j) on a local machine. 
○ 
Familiarize yourself with the graph database environment, including the 
query language (Cypher) and browser interface. 
Prerequisite: Python Programming, Deep Learning, Machine Learning."
MHSSCE_00225,BE SYLLABUS.pdf,syllabus,135,1,,"2. Data Modeling with Graphs: 
○ 
Design a data model using the labeled property graph model for a specific 
domain (e.g., social network, e-commerce). ○ 
Implement the data model in the graph database and populate it with sample 
data. 3, Basic Graph Queries: 
○ 
Perform basic graph queries using Cypher to retrieve nodes, relationships, 
and their properties. ○ 
Explore different query patterns, such as finding paths, filtering nodes, and 
ordering results. 4. Advanced Graph Queries: 
○ 
Extend your query knowledge by performing more complex graph queries, 
including subgraph matching, aggregation, and conditional filtering. ○ 
Optimize query performance by understanding and utilizing indexes. 5. Graph Database Administration: 
○ 
Learn and practice essential administrative tasks, such as managing users, 
roles, and access control. ○ 
Perform backup and restore operations to ensure data integrity. 6. Importing and Exporting Data: 
○ 
Import data from external sources (e.g., CSV files) into the graph database. ○ 
Export graph data to different formats for analysis or sharing. 7. Graph Algorithms and Analytics: 
○ 
Explore the built-in graph algorithms provided by the graph database system 
(e.g., centrality, community detection). ○ 
Apply graph algorithms to analyze and extract insights from your graph data 
8. Graph Visualization and Exploration: 
○ 
Utilize visualization tools and libraries to visualize your graph data."
MHSSCE_00226,BE SYLLABUS.pdf,syllabus,135,2,,"system 
(e.g., centrality, community detection). ○ 
Apply graph algorithms to analyze and extract insights from your graph data 
8. Graph Visualization and Exploration: 
○ 
Utilize visualization tools and libraries to visualize your graph data.

○ 
Explore and navigate the graph visually to gain a better understanding of its 
structure and relationships. 9. Performance Optimization: 
○ 
Identify and address performance bottlenecks in your graph database 
application. ○ 
Optimize queries, indexes, and data modeling to improve overall system"
MHSSCE_00227,BE SYLLABUS.pdf,syllabus,136,1,,"performance. 
10. Scaling and Replication: 
○ 
Learn techniques for scaling and replicating a graph database to handle 
larger datasets and higher workloads. 
○ 
Implement and test replication strategies to ensure data availability and fault 
tolerance. 
*11. Real-World Use Cases: 
○ 
Choose a specific real-world use case (e.g., recommendation systems, fraud 
detection) and apply graph database techniques to solve the problem. 
○ 
Design and implement a graph database application that addresses the unique
requirements of the chosen use case. 
 
 
 
Textbooks: 
1 
Introduction to Graph Theory Fourth edition, Robin J. Wilson 
2 
Daphne Koller and Nir Friedman, ""Probabilistic Graphical Models: Principles and 
Techniques”, Cambridge, MA: The MIT Press, 2009 (ISBN 978-0-262-0139- 2). 
3 
Graph databases, Ian Robinson, Jim Webber & Emil Eifrem 
 
References: 
1 
""Graph Databases: New Opportunities for Connected Data"" by Ian Robinson, Jim 
Webber, and Emil Eifrém. 
2 
""Neo4j in Action"" by Aleksa Vukotic, Nicki Watt, and Tareq Abedrabbo. 
3 
""Graph Databases for Beginners"" by Mark Needham and Amy E. Hodler. 
4 
""Practical Neo4j"" by Gregory Jordan. 
5 
""Learning Neo4j"" by Rik Van Bruggen. 
6 
""Graph Database Applications and Concepts with Neo4j"" by Dionysios Synodinos. 
Digital References:"
MHSSCE_00228,BE SYLLABUS.pdf,syllabus,137,1,,"Term Work: 
1 Term work should consist of any 8 experiments, 1 case study and 2 assignments. 
2 The final certification and acceptance of term work ensures satisfactory performance of 
laboratory work and minimum passing marks in term work. 
3 The final certification and acceptance of term work ensures satisfactory performance of 
laboratory work and minimum passing marks in term work. Total 25 Marks (Experiments and 
Project: 15-marks, Attendance(Theory & Practical): 05-marks, Assignment: 05-marks) 
Oral exam 
Oral examination on the entire syllabus of CSDO8021 and CSDOL8021 
2. https://www.quackit.com/neo4j/tutorial/ 
1. https://web4.ensiie.fr/~stefania.dumbrava/OReilly_Graph_Databases.pdf"
MHSSCE_00229,BE SYLLABUS.pdf,syllabus,138,1,,"Course Code: 
Course Title 
Credit 
CSDOL8022 
Recommendation Systems Lab 
1 
 
 
Prerequisite: Java/Python 
Lab Objectives: 
1 To understand the key concepts of Recommendation systems. 2 Design and implement cluster-based approaches for recommendation systems. 3 Design, implement and analyze classification algorithms for recommendation systems. 4 To understand various Recommendation system Algorithms. 5 To understand data processing for Recommendation system Algorithms 
Lab Outcomes: At the end of the course, the students will be able to 
1 Understand mathematics and representation of data for recommendation systems. 2 Design, implement and analyze Collaborative filtering based for recommendation systems. 3 Design, implement and analyze Content-based recommendation systems. 4 Design, implement and analyze Knowledge-based recommendation systems. 5 Understanding feature engineering and pre-processing for recommendation systems. 6 To solve real world problems using recommendation systems. Suggested Experiments: 
Sr. No. Name of the Experiment 
1 
Implementation of Matrix operations and data representation towards understanding 
mathematics for recommendation system 
2 
Experiment on the role of clustering methods with respect to recommendation systems 
3 
Feature engineering and pre-processing of data for recommendation systems. 4 
Implementation of Bayes classifier for recommendation. 5 
Implement User-based Nearest neighbor recommendation."
MHSSCE_00230,BE SYLLABUS.pdf,syllabus,138,2,,"methods with respect to recommendation systems 
3 
Feature engineering and pre-processing of data for recommendation systems. 4 
Implementation of Bayes classifier for recommendation. 5 
Implement User-based Nearest neighbor recommendation.

6 
Implement Item-based Nearest neighbor recommendation 
7 
Implement Content-based recommendation system. 8 
Implement Knowledge-based recommendation system."
MHSSCE_00231,BE SYLLABUS.pdf,syllabus,139,1,,"9 
Implementation of a recommendation system using Hybrid approach. 
10 
Implementation of a recommendation system using Ensembled approach. 
11 
Implementation of a Regression based recommendation system. 
12 
Analyze results on the basis of different evaluation parameters and graphical 
representations for recommendation systems. 
13 
Mini Project Report: For any one chosen real world Recommendation systems 
application. 
14 
Implementation and Presentation of Mini Project 
 
Useful Links 
1 
https://towardsdatascience.com/recommendation-systems-explained-a42fc60591ed 
2 
https://www.coursera.org/specializations/recommender-systems 
 
 
Term Work: 
1 
Term work should consist of any 08 experiments and mini project 
2 
Journal must include at least 2 assignments based on Theory and Practical’s 
3 
The final certification and acceptance of term work ensures satisfactory performance of 
laboratory work and minimum passing marks in term work. 
4 
Total 25 Marks (Experiments: 15-marks, Attendance Theory & Practical: 05-marks, 
Assignments: 05-marks) 
Oral exam: 
Oral examination based on the entire syllabus of CSDO8022 and CSL8022"
MHSSCE_00232,BE SYLLABUS.pdf,syllabus,140,1,,"Lab Code 
Lab Name 
Credit 
CSDOL8023 
Social Media Analytics Lab 
1 
 
 
Prerequisite: Types of Graphs, Data Mining, Data Analytics 
Lab Objectives: 
1 
To understand the fundamental concepts of social media networks. 2 
To learn various social media analytics tools and evaluation matrices. 3 
To collect and store social media data. 4 
To analyze and visualize social media data 
5 
To design and develop social media analytics models. 6 
To design and build a social media analytics application. Lab Outcomes: The students will be able to 
1 
Understand characteristics and types of social media networks. 2 
Use social media analytics tools for business 
3 
Collect, monitor, store and track social media data 
4 
Analyze and visualize social media data from multiple platforms 
5 
Design and develop content and structure based social media analytics models. 6. Design and implement social media analytics applications for business. Suggested Experiments: 
Sr. No. Name of the Experiment 
1 
Study various - 
i) 
Social Media platforms ( Facebook, twitter, YouTubeetc) 
ii) 
Social Media analytics tools ( Facebook insights, google analytics 
net lyticetc) 
iii) 
Social Media Analytics techniques and engagement metrics (page level, 
post level, member level) 
iv) 
Applications of Social media analytics for business. e.g."
MHSSCE_00233,BE SYLLABUS.pdf,syllabus,140,2,,"Media analytics tools ( Facebook insights, google analytics 
net lyticetc) 
iii) 
Social Media Analytics techniques and engagement metrics (page level, 
post level, member level) 
iv) 
Applications of Social media analytics for business. e.g.

Google Analytics 
https://marketingplatform.google.com/about/analytics/ 
https://netlytic.org/ 
2 
Data Collection-Select the social media platforms of your choice (Twitter, 
Facebook, LinkedIn, YouTube, Web blogs etc),connect to and capture social media 
data for business ( scraping, crawling, parsing)."
MHSSCE_00234,BE SYLLABUS.pdf,syllabus,141,1,,"3 
Data Cleaning and Storage- Preprocess, filter and store social media data for 
business (Using Python, MongoDB, R, etc). 4 
Exploratory Data Analysis and visualizationof Social Media Data for business. 5 
Develop Content (text, emoticons, image, audio, video) based social media 
analytics model for business. (e.g. Content Based Analysis:Topic, Issue,Trend, sentiment/opinion analysis, 
audio, video, image analytics) 
6 
Develop Structure based social media analytics model for any business. ( e.g. Structure Based Models -community detection, influence analysis) 
7 
Develop a dashboard and reporting tool based on real time social media data. 8 
Design the creative content for promotion of your business on social media 
platform. 9 
Analyze competitor activities using social media data. 10 
Develop social media text analytics models for improving existing product/ service 
by analyzing customer‘s reviews/comments. Reference Books: 
1 
Python Social Media Analytics: Analyze and visualize data from Twitter, YouTube, 
GitHub, and more Kindle Edition by Siddhartha Chatterjee, Michal Krystyanczuk 
2 
Learning Social Media Analytics with R,byRaghav Bali, Dipanjan Sarkar, Tushar 
Sharma. 3 
Jennifer Golbeck, Analyzing the social web, Morgan Kaufmann, 2013 
4 
Matthew A. Russell."
MHSSCE_00235,BE SYLLABUS.pdf,syllabus,141,2,,"more Kindle Edition by Siddhartha Chatterjee, Michal Krystyanczuk 
2 
Learning Social Media Analytics with R,byRaghav Bali, Dipanjan Sarkar, Tushar 
Sharma. 3 
Jennifer Golbeck, Analyzing the social web, Morgan Kaufmann, 2013 
4 
Matthew A. Russell.

Mining the Social Web: Data Mining Facebook, Twitter, 
Linkedin, Google+, Github, and More, 2nd Edition, O'Reilly Media, 2013 
5 
Charu Aggarwal (ed.), Social Network Data Analytics, Springer, 2011 
 
Term Work: 
1 
Term work should consist of 10 experiments. 2 
Journal must include at least 2 assignments. 3 
The final certification and acceptance of term work ensures satisfactory performance 
of laboratory work and minimum passing marks in term work. 4 
Total 25 Marks (Experiments: 15-marks, Attendance Theory & Practical: 05-marks, 
Assignments: 05-marks) 
Practical and Oral Exam 
Oral examination based on the entire syllabus of CSDC8023 and CSDL80223"
MHSSCE_00236,BE SYLLABUS.pdf,syllabus,142,1,,"Course Code: 
Course Title 
Credit 
CSP801 
Major Project 2 
6 
 
 
Course Objectives: 
1 To acquaint with the process of identifying the needs and converting it into the problem. 2 To familiarize the process of solving the problem in a group. 3 To acquaint with the process of applying basic engineering fundamentals to attempt solutions to the 
problems. 4 To inculcate the process of self-learning and research. Course Outcomes: 
1 Identify problems based on societal /research needs. 2 Apply Knowledge and skill to solve societal problems in a group 
3 Draw the proper inferences from available results through theoretical/ experimental/simulations 
4 Analyse the impact of solutions in societal and environmental context for sustainable development. 5 Demonstrate capabilities of self-learning in a group, which leads to lifelong learning. 6 Demonstrate project management principles during project work. Guidelines: 
1. Internal guide has to keep track of the progress of the project and also has to maintainattendance 
report. This progress report can be used for awarding term work marks. 2. Project Report Format: 
At the end of semester, each group needs to prepare a project report as per the guidelines issued by the 
University of Mumbai. Report should be submitted in hardcopy. Also, each group should submit 
softcopy of the report along with project documentation, implementation code, required utilities, 
software and user Manuals."
MHSSCE_00237,BE SYLLABUS.pdf,syllabus,142,2,,"the guidelines issued by the 
University of Mumbai. Report should be submitted in hardcopy. Also, each group should submit 
softcopy of the report along with project documentation, implementation code, required utilities, 
software and user Manuals.

A project report should preferably contain at least following details: 
o Abstract 
o Introduction 
o Literature Survey/ Existing system 
o Limitation Existing system or research gap 
o Problem Statement and Objective 
o Proposed System 
o Analysis/Framework/ Algorithm 
o Design details 
o Methodology (your approach to solve the problem) Proposed System 
o Experimental Set up"
MHSSCE_00238,BE SYLLABUS.pdf,syllabus,143,1,,"o Details of Database or details about input to systems or selected data 
o Performance Evaluation Parameters (for Validation) 
o Software and Hardware Setup 
o Results and Discussion 
o Conclusion and Future Work 
o References 
o Appendix – List of Publications or certificates 
 
Desirable: 
Students should be encouraged - 
o to participate in various project competition. 
o to write minimum one technical paper & publish in good journal. 
o to participate in national / international conference. 
3. Term Work: 
 
Distribution of marks for term work shall be done based on following: 
a. Weekly Log Report 
b. Completeness of the project and Project Work Contribution 
c. Project Report (Black Book) (both side print) 
d. Term End Presentation (Internal) 
 
The final certification and acceptance of TW ensures the satisfactory performance on 
the above aspects. 
 
4. Oral & Practical: 
 
Oral &Practical examination (Final Project Evaluation) of Project 2 should be conducted by 
Internal and External examiners approved by University of Mumbai at the end of the semester. 
 
Suggested quality evaluation parameters are as following: 
a. 
Relevance to the specialization / industrial trends 
b. 
Modern tools used 
c. 
Innovation 
d. 
Quality of work and completeness of the project 
e. 
Validation of results 
f. 
Impact and business value 
g. 
Quality of written and oral presentation 
h. 
Individual as well as teamwork"
MHSSCE_00239,Dform 2025-26.pdf,admission_form,1,1,2025-2026,"SR. NO.: 
 
 
To, 
THEPRINCIPAL, 
ANJUMAN-I-ISLAM’S 
M. H. SABOO SIDDIK 
COLLEGEOFENGINEERING 
 FORM- D 
 
 
 
Sir, 
I am desirous of continuing my studies in 
semester, 
Of degree course in 
(mention branch) 
for academic year 2025-2026. I agree to abide by the rules and regulations, and shall respect the general discipline of 
the institution in force and as may be modified from time to time. 
 
 
1. 
Name:(CAPITAL LETTER) 
 
(As on Lower Semester Mark Sheet/Grade Card) 
 
2. 
Aadhaar Card No.: 
 
 
E-mail: 
Mobile: 
 
 
3. 
(A)Month & Year of registration of Semester-I for candidate admitted in First Year (FE) 
 
 
(B)Month & Year of registration of Semester-III for candidate admitted to Direct Second Year (SE) 
 
 
4. 
Religion: 
Caste: 
 
 
5. 
 
 
Tick in appropriate box. 
(attach relevant documents if any) 
 
5. 
Father's/Guardian's Name: 
 
 
6. 
Father's/Guardian's Profession: 
 
 
7. 
Relationship with the Guardian: 
 
 
8. 
Local Address for communication: 
 
 
 
9. 
Permanent Home address: 
 
 
 
Telephone No.(if any)Office: 
Residence: 
 
 
E-mail: 
Mobile: 
 
P.T.O. 
UPRN 
 
 
 
 
 
 
 
 
 
 
 
 
 
 
 
CPRN 
 
 
 
 
 
 
YOUR NAME DATE OF 
TAKING THE PHOTO 
YEAR: 2025–2026 
1 
 
MALE 
2 
 
FEMALE
1 
OPEN 
2 
OBC/EBC 
3 
SC/ST/NT/SBC 
4 
LEARNINGDISABILITY 
5 
PWD"
MHSSCE_00240,Dform 2025-26.pdf,admission_form,2,1,2025-26,"DETAILOFEXAMINATIONS(C-SchemeR-19)/NEP-20 
 
Semester 
Month/Year
Appearance of 
examination 
Seat No. 
No. of Heads Failed 
Eligible for
Admission to 
IInd / IIIrd / IVth Yr.
Verified by 
IA/TW/OR/PR
ESE 
Total 
I 
 
 
 
 
 
 
 
II 
 
 
 
 
 
 
III 
 
 
 
 
 
 
IV 
 
 
 
 
 
 
V 
 
 
 
 
 
 
VI 
 
 
 
 
 
 
VII 
 
 
 
 
 
 
VIII 
 
 
 
 
 
 
 
 
 
Date 
 
Signature of the Applicant 
 
(FOROFFICEUSEONLY) 
 
Fees Receipt No. 
Roll No. 
 Admission granted/refused 
to 
G.R. No. 
 
 
Date 
 
Signature of Fees Clerk 
 
 
Date 
 
Principal 
Note: 1) The management reserves the right of admission. 2) The Original statement of marks/grade cards obtained in all previous 
semester examinations in engineering must be produced at the time of verification of the form. 
3) Application with in correct /incomplete particulars will be rejected."
MHSSCE_00241,EOA Report_2025-26.PDF,eoa_report,1,1,2025-26,"Application No:1-44641916390
ALL INDIA COUNCIL FOR TECHNICAL EDUCATION
 Page 1 of 4
 Note: This is a Computer generated Report. No signature is required. Printed By: ae2198351
Letter Printed On:3 May 2025
 All India Council for Technical Education
 (A Statutory body under Ministry of Education, Govt. of India)
 Nelson Mandela Marg,Vasant Kunj, New Delhi-110070 Website: www.aicte-india.org
APPROVAL PROCESS 2025-26
-
Extension of Approval (EoA)
F.No. Western/1-44641916390/2025/EOA
 Date of Approval: 10-Apr-2025
To, 
 
The Secretary, 
Tech. & Higher Education Deptt. Govt. of Maharashta, Mantralaya,
Annexe Building, Mumbai-400032
Sub: Extension of Approval for the Academic Year 2025-26
Ref: Online application of the Institution submitted for Extension of Approval for the Academic Year 2025-26
Sir/Madam, 
In terms of the provisions under the All India Council for Technical Education (Grant of Approvals for Technical Education), Powers 
delegated in AICTE ACT 1987, (No 52 of 1987) chapter II - u/s 2(g) to regulate Technical and subsequent Regulations of AICTE, I am 
directed to convey the approval to:
Permanent Id
1-6552785
Application Id
1-44641916390
Name of the Institution
ANJUMAN-I-ISLAM'S M. H."
MHSSCE_00242,EOA Report_2025-26.PDF,eoa_report,1,2,2025-26,"ACT 1987, (No 52 of 1987) chapter II - u/s 2(g) to regulate Technical and subsequent Regulations of AICTE, I am 
directed to convey the approval to:
Permanent Id
1-6552785
Application Id
1-44641916390
Name of the Institution
ANJUMAN-I-ISLAM'S M. H.

SABOO 
SIDDIK COLLEGE OF 
ENGINEERING
Name of the Society/Trust
ANJUMAN-I-ISLAM
Institution Address
8, SABOO SIDDIK POLYTECHNIC 
ROAD, BYCULLA, MUMBAI, 
MUMBAI, MUMBAI CITY, 
Maharashtra, 400008
Society/Trust Address
92 DN ROAD OFF BADRUDDIN 
TAYABJI MARG CST MUMBAI-
400001,MUMBAI,MUMBAI 
CITY,Maharashtra,400001
Institution Type
Private-Self Financing
Region
Western
Year of Establishment
1984
 
Opted for Introduction of 
New Program/Level
Yes
Introduction of 
Program/Level Approved or 
Not
Approved 
To conduct following Programs/Courses with the Intake indicated below for the Academic Year 2025-26
Level
Program
Course
Affiliating Body 
(University 
/Body)
Intake 
Approved 
for 2024-25
Intake 
Approved 
for 2025-26
NRI 
Approval 
Status
 FN / Gulf 
quota/ OCI/ 
Approval 
Status
UNDER 
GRADUATE 
ENGINEERI
NG AND 
TECHNOLO
GY
CIVIL 
ENGINEERING 
Mumbai University,
Mumbai
60
60 
NA
NA
UNDER 
GRADUATE 
ENGINEERI
NG AND 
TECHNOLO
GY
COMPUTER 
ENGINEERING 
Mumbai University,
Mumbai
60
120 
No
No"
MHSSCE_00243,EOA Report_2025-26.PDF,eoa_report,2,1,2025-26,"Application No:1-44641916390
ALL INDIA COUNCIL FOR TECHNICAL EDUCATION
 Page 2 of 4
 Note: This is a Computer generated Report. No signature is required."
MHSSCE_00244,EOA Report_2025-26.PDF,eoa_report,2,2,2025-26,"No:1-44641916390
ALL INDIA COUNCIL FOR TECHNICAL EDUCATION
 Page 2 of 4
 Note: This is a Computer generated Report. No signature is required.

Printed By: ae2198351
Letter Printed On:3 May 2025
Level
Program
Course
Affiliating Body 
(University 
/Body)
Intake 
Approved 
for 2024-25
Intake 
Approved 
for 2025-26
NRI 
Approval 
Status
 FN / Gulf 
quota/ OCI/ 
Approval 
Status
UNDER 
GRADUATE 
ENGINEERI
NG AND 
TECHNOLO
GY
COMPUTER 
SCIENCE AND 
ENGINEERING 
(INTERNET OF 
THINGS AND 
CYBER 
SECURITY 
INCLUDING 
BLOCK CHAIN 
TECHNOLOGY) 
Mumbai University,
Mumbai
60
60 
NA
NA
UNDER 
GRADUATE 
ENGINEERI
NG AND 
TECHNOLO
GY
COMPUTER 
SCIENCE AND 
ENGINEERING(A
RTIFICIAL 
INTELLIGENCE 
AND MACHINE 
LEARNING) 
University of 
Mumbai, Mumbai
60
120 
No
No
UNDER 
GRADUATE 
ENGINEERI
NG AND 
TECHNOLO
GY
ELECTRONICS 
AND 
TELECOMMUNIC
ATIONS 
ENGINEERING 
Mumbai University,
Mumbai
60
60 
NA
NA
UNDER 
GRADUATE 
ENGINEERI
NG AND 
TECHNOLO
GY
INFORMATION 
TECHNOLOGY 
Mumbai University,
Mumbai
60
60 
NA
NA
UNDER 
GRADUATE 
ENGINEERI
NG AND 
TECHNOLO
GY
MECHANICAL 
ENGINEERING 
Mumbai University,
Mumbai
30
30 
NA
NA
UNDER 
GRADUATE 
ENGINEERI
NG AND 
TECHNOLO
GY
MECHANICAL 
ENGINEERING 
AUTOMOBILE 
University of 
Mumbai, Mumbai
30
30 
NA
NA
POST 
GRADUATE 
ENGINEERI
NG AND 
TECHNOLO
GY
CONSTRUCTION
ENGINEERING 
AND 
MANAGEMENT 
Mumbai University,
Mumbai
0
18## 
No
No
 
## Approved New Course(s)
 
All AICTE approved Institutions are empowered to nurture ecosystems for Skilling (through Vocational courses) via making effective use of 
existing infrastructure facilities and human resources."
MHSSCE_00245,EOA Report_2025-26.PDF,eoa_report,2,3,2025-26,"No
No
 
## Approved New Course(s)
 
All AICTE approved Institutions are empowered to nurture ecosystems for Skilling (through Vocational courses) via making effective use of 
existing infrastructure facilities and human resources.

It is mandatory to comply with all the essential requirements as given in APH 2024-27 (Chapter-VI)
The Institution/ University is having the following deficiencies as per the online application submitted to AICTE and the same shall be complied"
MHSSCE_00246,EOA Report_2025-26.PDF,eoa_report,3,1,2025-26,"Application No:1-44641916390
ALL INDIA COUNCIL FOR TECHNICAL EDUCATION
 Page 3 of 4
 Note: This is a Computer generated Report. No signature is required. Printed By: ae2198351
Letter Printed On:3 May 2025
within Six Months from the date of issue of this EoA. Deficiencies Noted based on Self Disclosure
Particulars
Deficiency
1. Faculty Deficiency
Yes
*Please refer Deficiency Report for details
Important Instructions
1. As per mandatory Disclosure of APH 2024-27(Annexure-18, page180) Institutions must disclose the following information
submitted to Council at the Prominent location on its website. i. Department wise availability of Infrastructure along with approved courses and intake approved by the Council. ii. Faculty details: Department wise: Name& Designation of the faculty members/teaching staff along with their qualification,
tenure of service in your organization, total experience, Institution should also disclose Student Faculty Ratio, Cadre Ratio. iii. Additionally Audited Financial Statements for last 3 Financial years. 2. Reservation Policy of the Central Government (Including EWS) / Respective State Government/ UT as the case shall be applicable
to all the Programmes. The concerned State Government/ UT Admission authority shall decide Modalities of Admission. 3."
MHSSCE_00247,EOA Report_2025-26.PDF,eoa_report,3,2,2025-26,"2. Reservation Policy of the Central Government (Including EWS) / Respective State Government/ UT as the case shall be applicable
to all the Programmes. The concerned State Government/ UT Admission authority shall decide Modalities of Admission. 3.

The Institution offering courses earlier in the Regular Shift, First Shift, Second Shift/Part Time are now amalgamated as total
intake and shall have to fulfil all facilities such as Infrastructure, Faculty and other requirements as per the norms specified in the
Approval Process Handbook 2024-25 to 2027 for the Total Approved Intake. 4. In case of any differences in content in this Computer generated Extension of Approval Letter, the content/information as approved
by the Executive Council / General Council as available on the record of AICTE shall be final and binding. 5. All AICTE institutions are highly encouraged to get NBA/NAAC accreditation. All eligible AICTE institutions are thoroughly
encouraged to participate in NIRF ranking process. 6. Deemed to be University: Institutions Deemed to be Universities (Running Technical Education Programmes), it is mandatory to
have AICTE approval from the Academic Year 2018-19 in compliance of the Hon'ble Supreme Court Order dated 03-11-2017
passed in CA No.17869- 17870 /2017. 7. AICTE Approved Institutes are encouraged to utilize SWAYAM PLUS Courses up-to 40%
8. Internship is mandatory for all admitted students. 9. AICTE Approved Institutes are encouraged to make efficient use of the flagship schemes like:
a. Parakh: Student Gap analysis portal bases services. b. Students Scholarship schemes like Pragati, Saksham, Swanath, ADF, etc. c. Course in Indian Languages. d."
MHSSCE_00248,EOA Report_2025-26.PDF,eoa_report,3,3,2025-26,"Approved Institutes are encouraged to make efficient use of the flagship schemes like:
a. Parakh: Student Gap analysis portal bases services. b. Students Scholarship schemes like Pragati, Saksham, Swanath, ADF, etc. c. Course in Indian Languages. d.

ATAL FDPs: Faculty training for Emerging areas and cutting edge Technologies. e. Augmenting Utilization of Research Assets (AURA). f. Smart India Hackathon: World's largest Open Innovation Platform. Prof.Rajive Kumar
 Member Secretary, AICTE"
MHSSCE_00249,EOA Report_2025-26.PDF,eoa_report,4,1,2025-26,"Application No:1-44641916390
ALL INDIA COUNCIL FOR TECHNICAL EDUCATION
 Page 4 of 4
 Note: This is a Computer generated Report. No signature is required. 
Printed By: ae2198351
Letter Printed On:3 May 2025
Copy to:
1.
The Director Of Technical Education**, Maharashtra
 
2. The Registrar**,
Mumbai University, Mumbai
 
3. The Principal / Director,
ANJUMAN-I-ISLAM'S M. H. SABOO SIDDIK COLLEGE OF ENGINEERING
8, Saboo Siddik Polytechnic Road, Byculla, Mumbai,
Mumbai,Mumbai City,
Maharashtra,400008
4. The Secretary / Chairman,
92 DN ROAD OFF BADRUDDIN TAYABJI MARG CST MUMBAI-400001
MUMBAI,MUMBAI CITY
Maharashtra,400001
5. Guard File(AICTE)
Note: Validity of the Course details may be verified at http://www.aicte-india.org/
** Individual Approval letter copy will not be communicated through Post/Email. However, a consolidated list of Approved Institutions(bulk) may be downloaded 
from the respective login id's.
This is a computer generated Statement. No signature Required"
MHSSCE_00250,EOA-Report_2026-27.PDF,eoa_report,1,1,2026-27,"Application No:1-46226642818
ALL INDIA COUNCIL FOR TECHNICAL EDUCATION
 Page 1 of 5
 Note: This is a Computer generated Report. No signature is required. Printed By: ae2198351
Letter Printed On:10 May 2026
 All India Council for Technical Education
 (A Statutory body under Ministry of Education, Govt. of India)
 Nelson Mandela Marg,Vasant Kunj, New Delhi-110070 Website: www.aicte-india.org
APPROVAL PROCESS 2026-27
-
Extension of Approval (EoA)
F.No. Western/1-46226642818/2026/EOA
 Date of Approval: 07-May-2026
To, 
 
The Secretary, 
Tech. & Higher Education Deptt. Govt. of Maharashta, Mantralaya,
Annexe Building, Mumbai-400032
Sub: Extension of Approval for the Academic Year 2026-27
Ref: Online application of the Institution submitted for Extension of Approval for the Academic Year 2026-27
Sir/Madam, 
In terms of the provisions under the All India Council for Technical Education (Grant of Approvals for Technical Education), Powers 
delegated in AICTE ACT 1987, (No 52 of 1987) chapter II - u/s 2(g) to regulate Technical and subsequent Regulations of AICTE, I am 
directed to convey the approval to:
Permanent Id
1-6552785
Application Id
1-46226642818
Name of the Institution
ANJUMAN-I-ISLAM'S M. H."
MHSSCE_00251,EOA-Report_2026-27.PDF,eoa_report,1,2,2026-27,"ACT 1987, (No 52 of 1987) chapter II - u/s 2(g) to regulate Technical and subsequent Regulations of AICTE, I am 
directed to convey the approval to:
Permanent Id
1-6552785
Application Id
1-46226642818
Name of the Institution
ANJUMAN-I-ISLAM'S M. H.

SABOO 
SIDDIK COLLEGE OF 
ENGINEERING
Name of the Society/Trust
ANJUMAN-I-ISLAM
Institution Address
8, SABOO SIDDIK POLYTECHNIC 
ROAD, BYCULLA, MUMBAI, 
MUMBAI, MUMBAI CITY, 
Maharashtra, 400008
Society/Trust Address
92 DN ROAD OFF BADRUDDIN 
TAYABJI MARG CST MUMBAI-
400001,MUMBAI,MUMBAI CITY,
Maharashtra,400001
Institution Type
Private-Self Financing
Region
Western
Year of Establishment
1984
 
To conduct following Programs/Courses with the Intake indicated below for the Academic Year 2026-27
Level
Program
Course
Affiliating Body 
(University 
/Body)
Intake 
Approved 
for 2025-26
Intake 
Approved 
for 2026-27
NRI 
Approval 
Status
 International
Students 
Approval 
Status
UNDER 
GRADUATE 
ENGINEERI
NG AND 
TECHNOLO
GY
CIVIL 
ENGINEERING 
Mumbai University,
Mumbai
60
60 
No
No
UNDER 
GRADUATE 
ENGINEERI
NG AND 
TECHNOLO
GY
COMPUTER 
ENGINEERING 
Mumbai University,
Mumbai
120
120 
No
No"
MHSSCE_00252,EOA-Report_2026-27.PDF,eoa_report,2,1,2026-27,"Application No:1-46226642818
ALL INDIA COUNCIL FOR TECHNICAL EDUCATION
 Page 2 of 5
 Note: This is a Computer generated Report. No signature is required."
MHSSCE_00253,EOA-Report_2026-27.PDF,eoa_report,2,2,2026-27,"No:1-46226642818
ALL INDIA COUNCIL FOR TECHNICAL EDUCATION
 Page 2 of 5
 Note: This is a Computer generated Report. No signature is required.

Printed By: ae2198351
Letter Printed On:10 May 2026
To conduct following Programs/Courses with the Intake indicated below for the Academic Year 2026-27
Level
Program
Course
Affiliating Body 
(University 
/Body)
Intake 
Approved 
for 2025-26
Intake 
Approved 
for 2026-27
NRI 
Approval 
Status
 International
Students 
Approval 
Status
UNDER 
GRADUATE 
ENGINEERI
NG AND 
TECHNOLO
GY
COMPUTER 
SCIENCE AND 
ENGINEERING 
(INTERNET OF 
THINGS AND 
CYBER 
SECURITY 
INCLUDING 
BLOCK CHAIN 
TECHNOLOGY) 
Mumbai University,
Mumbai
60
60 
No
No
UNDER 
GRADUATE 
ENGINEERI
NG AND 
TECHNOLO
GY
COMPUTER 
SCIENCE AND 
ENGINEERING
(ARTIFICIAL 
INTELLIGENCE 
AND MACHINE 
LEARNING) 
University of 
Mumbai, Mumbai
120
120 
No
No
UNDER 
GRADUATE 
ENGINEERI
NG AND 
TECHNOLO
GY
ELECTRONICS 
AND 
TELECOMMUNIC
ATIONS 
ENGINEERING 
Mumbai University,
Mumbai
60
60 
No
No
UNDER 
GRADUATE 
ENGINEERI
NG AND 
TECHNOLO
GY
INFORMATION 
TECHNOLOGY 
Mumbai University,
Mumbai
60
60 
No
No
UNDER 
GRADUATE 
ENGINEERI
NG AND 
TECHNOLO
GY
MECHANICAL 
ENGINEERING 
Mumbai University,
Mumbai
30
60 
No
No
UNDER 
GRADUATE 
ENGINEERI
NG AND 
TECHNOLO
GY
MECHANICAL 
ENGINEERING 
AUTOMOBILE 
University of 
Mumbai, Mumbai
30
30 
No
No
POST 
GRADUATE 
ENGINEERI
NG AND 
TECHNOLO
GY
CONSTRUCTION
ENGINEERING 
AND 
MANAGEMENT 
Mumbai University,
Mumbai
18
18 
No
No
 
POST 
GRADUATE 
ENGINEERI
NG AND 
TECHNOLO
GY
COMPUTER 
SCIENCE AND 
ENGINEERING 
(ARTIFICIAL 
INTELLIGENCE 
AND MACHINE 
LEARNING) 
Mumbai University,
Mumbai
0
12##"
MHSSCE_00254,EOA-Report_2026-27.PDF,eoa_report,2,3,2026-27,"AND 
MANAGEMENT 
Mumbai University,
Mumbai
18
18 
No
No
 
POST 
GRADUATE 
ENGINEERI
NG AND 
TECHNOLO
GY
COMPUTER 
SCIENCE AND 
ENGINEERING 
(ARTIFICIAL 
INTELLIGENCE 
AND MACHINE 
LEARNING) 
Mumbai University,
Mumbai
0
12##

CONSTRUCTION
ENGINEERING 
AND 
MANAGEMENT 
Mumbai University,
Mumbai
18
18 
No
No
 
POST 
GRADUATE 
ENGINEERI
NG AND 
TECHNOLO
GY
COMPUTER 
SCIENCE AND 
ENGINEERING 
(ARTIFICIAL 
INTELLIGENCE 
AND MACHINE 
LEARNING) 
Mumbai University,
Mumbai
0
12## 
No
No
 
## Approved New Course(s)"
MHSSCE_00255,EOA-Report_2026-27.PDF,eoa_report,3,1,2026-27,"Application No:1-46226642818
ALL INDIA COUNCIL FOR TECHNICAL EDUCATION
 Page 3 of 5
 Note: This is a Computer generated Report. No signature is required. 
Printed By: ae2198351
Letter Printed On:10 May 2026
All AICTE approved Institutions are empowered to nurture ecosystems for Skilling (through Vocational courses) via making effective use of 
existing infrastructure facilities and human resources.
It is mandatory to comply with all the essential requirements as given in APH 2024-27 (Chapter-VI)
The Institution/ University is having the following deficiencies as per the online application submitted to AICTE and the same shall be complied
within Six Months from the date of issue of this EoA.
Deficiencies Noted based on Self Disclosure
Particulars
Deficiency
1. Faculty Deficiency
Yes
*Please refer Deficiency Report for details"
MHSSCE_00256,EOA-Report_2026-27.PDF,eoa_report,4,1,2026-27,"Application No:1-46226642818
ALL INDIA COUNCIL FOR TECHNICAL EDUCATION
 Page 4 of 5
 Note: This is a Computer generated Report. No signature is required. Printed By: ae2198351
Letter Printed On:10 May 2026
Important Instructions
1. As per mandatory Disclosure of APH 2024-27(Annexure-18, page180) Institutions must disclose the following information
submitted to Council at the Prominent location on its website. i. Department wise availability of Infrastructure along with approved courses and intake approved by the Council. ii. Faculty details: Department wise: Name& Designation of the faculty members/teaching staff along with their qualification,
tenure of service in your organization, total experience, Institution should also disclose Student Faculty Ratio, Cadre Ratio. iii. Additionally Audited Financial Statements for last 3 Financial years. 2. Reservation Policy of the Central Government (Including EWS) / Respective State Government/ UT as the case shall be applicable
to all the Programmes. The concerned State Government/ UT Admission authority shall decide Modalities of Admission. 3. The Institution offering courses earlier in the Regular Shift, First Shift, Second Shift/Part Time are now amalgamated as total
intake and shall have to fulfil all facilities such as Infrastructure, Faculty and other requirements as per the norms specified in the
Approval Process Handbook 2024-25 to 2027 for the Total Approved Intake. 4."
MHSSCE_00257,EOA-Report_2026-27.PDF,eoa_report,4,2,2026-27,"Time are now amalgamated as total
intake and shall have to fulfil all facilities such as Infrastructure, Faculty and other requirements as per the norms specified in the
Approval Process Handbook 2024-25 to 2027 for the Total Approved Intake. 4.

In case of any differences in content in this Computer-generated Extension of Approval Letter, the content/information as approved
by the Executive Council / General Council as available on the record of AICTE shall be final and binding. 5. All AICTE institutions are highly encouraged to get NBA/NAAC accreditation. All eligible AICTE institutions are thoroughly
encouraged to participate in NIRF ranking process. 6. Deemed to be University: Institutions Deemed to be Universities (Running Technical Education Programmes), it is mandatory to
have AICTE approval from the Academic Year 2018-19 in compliance of the Hon'ble Supreme Court Order dated 03-11-2017
passed in CA No.17869- 17870 /2017. 7. AICTE Approved Institutes are encouraged to utilize SWAYAM PLUS Courses up-to 40%
8. Internship is mandatory for all admitted students. 9. AICTE Approved Institutes are encouraged to make efficient use of the flagship schemes like:
a. Parakh: Student Gap analysis portal bases services. b. Students Scholarship schemes like Pragati, Saksham, Swanath, ADF, etc. c. Course in Indian Languages. d. ATAL FDPs: Faculty training for Emerging areas and cutting edge Technologies. e. Augmenting Utilization of Research Assets (AURA). f. Smart India Hackathon: World's largest Open Innovation Platform. 10. AICTE gives approval to Institutions based on the norms / standards prescribed by the Council from time to time."
MHSSCE_00258,EOA-Report_2026-27.PDF,eoa_report,4,3,2026-27,"e. Augmenting Utilization of Research Assets (AURA). f. Smart India Hackathon: World's largest Open Innovation Platform. 10. AICTE gives approval to Institutions based on the norms / standards prescribed by the Council from time to time.

To get permission
from State Government/ Affiliating University /Board to conduct all approved intake by AICTE is the sole responsibility of the
Institution. Prof. Shyama Rath
Member Secretary
Copy to:
1. The Director Of Technical Education**, Maharashtra
 
2. The Registrar**,
Mumbai University, Mumbai"
MHSSCE_00259,EOA-Report_2026-27.PDF,eoa_report,5,1,2026-27,"Application No:1-46226642818
ALL INDIA COUNCIL FOR TECHNICAL EDUCATION
 Page 5 of 5
 Note: This is a Computer generated Report. No signature is required. 
Printed By: ae2198351
Letter Printed On:10 May 2026
 
3. The Principal / Director,
ANJUMAN-I-ISLAM'S M. H. SABOO SIDDIK COLLEGE OF ENGINEERING
8, Saboo Siddik Polytechnic Road, Byculla, Mumbai,
Mumbai,Mumbai City,
Maharashtra,400008
4. The Secretary / Chairman,
92 DN ROAD OFF BADRUDDIN TAYABJI MARG CST MUMBAI-400001
MUMBAI,MUMBAI CITY
Maharashtra,400001
5. Guard File(AICTE)
Note: Validity of the Course details may be verified at http://www.aicte-india.org/
** Individual Approval letter copy will not be communicated through Post/Email. However, a consolidated list of Approved Institutions(bulk) may be downloaded 
from the respective login id's.
This is a computer generated Statement. No signature Required"
MHSSCE_00260,INTERNSHIP-LIST-24SUMMER.pdf,internship,1,1,,"INTERNSHIP-SUMMER 2024 
Sr. No 
NAME OF THE CANDIDATE 
SEM 
NAME OF THE COMPANY 
LETTER NO 
DURATI
ON 
DA
YS 
CERTIFI
CATE 
INTERNSH
IP REPORT 
1
VINAY ANIL BHANGRE - 8452856792
VI 
Shri Pravin Ingle, 
Sr."
MHSSCE_00261,INTERNSHIP-LIST-24SUMMER.pdf,internship,1,2,,"2024 
Sr. No 
NAME OF THE CANDIDATE 
SEM 
NAME OF THE COMPANY 
LETTER NO 
DURATI
ON 
DA
YS 
CERTIFI
CATE 
INTERNSH
IP REPORT 
1
VINAY ANIL BHANGRE - 8452856792
VI 
Shri Pravin Ingle, 
Sr.

HR and Administrator, 
KPM Design Services Private 
Limited, 
Sakinaka, Andheri (E), Mumbai-
400072
TPO/TRG/251 
dated 30-5-24 
3-6-24 to 
2-7-24 
30 
Y
2
ABDUL KAHAF - 9696259266
Y
3 
NILOFAR AKHTAR SHAIKH - 7039152811 
Y 
 
4
MOHAMMED ADIL M SALIM SHAIKH
VI 
To 
Executive Engineer 
City and Industrial Development 
Corporation 
8th Floor, Raigad Bhavan, Sion-
Panvel Road, 
CBD Belapur, Navi Mumbai - 
400614 
 
TPO/TRG/250 
dated 30-5-24 
3-6-24 to 
2-7-24 
30 
In Progress
5 
ANSARI MOHAMMED KHALID MOHD 
AYAZ
In Progress 
 
6
ABDUL REHMAN CHAWHAN
In Progress
7 
KHOKAR MOHAMMED RAYYAN ABDUL 
WAHID
In Progress 
 
8
ABREZ SALIM KAROL 
In Progress
9
SAYYED MOHAMMED AMAN AYAZ
In Progress
10 
SHAIKH MD NASIR HUSSAIN MOMINUR 
RAHMAN 
In Progress 
 
11
ANIS ASLAM MUJAWAR
In Progress
12
DANISH ASLAM DARVESH
In Progress
13
PRAGATI SHARAD KAMBLE
In Progress
14
DNYANDEV BHOIR
In Progress
15
SHAIKH NAUMAN SAJID
VIII 
Shri Deepak Karadkar, 
Senior Manager HR 
M/s J Kumar Infra Projects 
Limited 
J Kumar House, Subhash Road, 
Vile Parle (East), Mumbai – 
400057
TPO/TRG/247 
dated 24-5-24 
3-6-24 to 
2-7-24 
30 
In Progress
16
NAKWA AFFAN SHAKEEL
In Progress
17
QURESHI HUDA MOBIN
In Progress
18
NEVEREKAR AFAN ANWAR 
In Progress
19 
NALAWADE AARYA SUSHIL 
In Progress 
 
20
KAZI SHAYAAN NAJMUDDIN
VI
The Engineer Incharge
30
Y"
MHSSCE_00262,INTERNSHIP-LIST-24SUMMER.pdf,internship,2,1,,"Coordinator TPO Head of the Department 
 Civil Engineering Civil Engineering 
 
21 
SAYED HASSAN FAHIM 
SBUT Redevelopment Project, 
Bhendi Bazar, Mumbai-03
TPO/TRG/245 
dated 8-5-24
3-6-24 to 
2-7-24
Y 
 
22 
KHAN MOHD ZAID MOHD WAIS 
VI 
Shri Amit Bhatkar 
HR M/s J Kumar Infra Projects 
Limited 
J Kumar House, Subhash Road, 
Vile Parle (East), Mumbai – 
400057
TPO/TRG/252 
dated 21-5-24 
3-6-24 to 
2-7-24 
[12-6-24 
to 11-7-
24] 
30 
In Progress"
MHSSCE_00263,IQAC-MoM.pdf,iqac,1,1,,"PRESENT 
Minutes of meeting of the Internal Quality Assurance Cell (1QAC) held on Wednesday, 
11 Otoher, 202"" in the Conference Room of the College. 9 
10 
11 
12 
13 
14 
3. 15 
16 
M. H. SABOO SIDDIK COLLEGE OF ENGINEERING 
8, Saboo Siddik Polytechnic Road, Byculla, Mumbaj-400008 
Dr. Shaikh Abdullah, Vice-President, Anjurman-1- Islarn 
and I/e Campus 
ANJUMAN-1-1SLAM'S 
Dr. Aslam Khan, zecutive Chairman BVTE, Anjurnan-1 
1slam and Poundler, 0ctavware Technologies 
Dr. Mohiuddin Ahmed, Director, MHSSCOE 
Dr. Ganeh Kame, I/C Principal 
Er. Zaheer Khan, Vice Principal 
Dr. lgbal Ahmed Shaikh, Associate Professor 
Dr. Irfan Landge, Associate Professor & Dean (A) 
Er. Abdul Sayeed, I/c HoD Extc. Engg. Dr. Mrs. Shagufta S., Associate Professor 
Dr, Bhaskar Gardas, Assistant Professor 
Ms. Ahlam Ansari, Assistant Professor 
Mrs. Rushali T, Assistant Professor 
Mr. Wajihuddin Sayyed, Registrar 
Mr. Shaikh Jahid 
Mr. Lazarus D'souza HR Manager Maxvel Technologies 
Pvt. Ltd. Dr. Ashok Dhale, NAAC Cp-ordinator 
1. To ratify the name of Chairman, IQAC 
2. To add Dr. Ashok Dhale on 1QAC as NAAC co-ordinator 
Representative of Management 
Date: 11.10.2023 
Representative of Industry 
Member 
Chairman 
Mr. Masud Mermon, Mr. Rais Shaikh, Dr. Zeenat Shaikh, members of 1QAC were absent. T'o discuss the academic audit and its implementation. Teacher's Representative 
Coordinator 
The meeting cornmenced with the recitation of verses from Holy Quran by Dr. Ahrar Ahmad. Dr."
MHSSCE_00264,IQAC-MoM.pdf,iqac,1,2,,"Rais Shaikh, Dr. Zeenat Shaikh, members of 1QAC were absent. T'o discuss the academic audit and its implementation. Teacher's Representative 
Coordinator 
The meeting cornmenced with the recitation of verses from Holy Quran by Dr. Ahrar Ahmad. Dr.

lqbal 
Shaikh welcomed all the members of 1QAC and highlighted the brief introduction, roles and 
responsibilities of 10AC. He introduced the internal and external members of the committee. A power 
point presentation (PPT) and the sarne is presented in the meeting agenda alongwith the notes prepared. Teachers Representative 
Teacher's Representative 
Teacher's Representative 
Teacher's Representative 
Teacher's Representative 
Teacher's Representative 
Representative of Administration 
Representative of Students 
Representative of Employer 
Special Invitee 
It was informed that Dr. Ganesh Kame has resigned and Dr. Javed Habib is acting as an l/c Principal of 
Anjuman--Islam's M.H. Saboo Siddik College of Engineering and he will be the Chairman, 1QAC. It is decided to include Dr. Ashok Dhale, 1/c HOD & Professor (Automobile Engineering) in IQAC as NAAC 
C0-ordinator. Dr. lqbal Shaikh informed that the academic audit is not linked with the academic audit portal available on 
portal of University of Mumnbai. Dr. Irfan Landge informed that practice so far is to take update of coverage 
01 syllabus, Laboratory Work in form of mid semester and end semester review. Dr. Irfan suggested that 
Academic audit draft should be presented in the HODs meeting."
MHSSCE_00265,IQAC-MoM.pdf,iqac,2,1,2023-24,"Dr. Shaikh Abdullah, Vice-President, Anjuman-1-Islam permitted to arrange a session/workshop by an 
eminent mentor from the field of academics to the teachers of our college acting as mentors. 5. ""To discuss and finalize the ways to train the mentors. 6. To discuss the discipline among the student. a) 
Dr. Shaikh Abdullah, Vice-President suggested to explore the utilization of Dr. Alma Latifi hall for 
students' lunch purpose during lunch hours. b) 
Dr qbal Shaikh suggested to circulate the code of conduct among the students. ) Dr. Aslam suggested that keep the I-card wearing to all the students compulsorily. To discuss the admissions and placement of Civil Engineering Department. Mr. Zaheer Khan informed that direct admission in Civil Engineering is quite satisfactory as far as lateral 
entry is concerned but First year admission is less than 50% for 2023-24. The matter was discussed to 
improve the admission and remove deficiencies for the next academic year 2024-25. He suggested that 
placement data for the current year should have been discussed. 7. Anything with the permission of the chair 
Remarks and suggestions by 
Mr. Lazarus 
D'souza HR Manager Maxvel Technologies PVT Ltd., 
Representative from the Employer are as under: 
Civil Engineering students are facing job problems due to casual habits, carelessness, students are overall 
good but not joining duty, only joining for experience. Some times students accepts offer letter but notjoined."
MHSSCE_00266,IQAC-MoM.pdf,iqac,2,2,,"the Employer are as under: 
Civil Engineering students are facing job problems due to casual habits, carelessness, students are overall 
good but not joining duty, only joining for experience. Some times students accepts offer letter but notjoined.

Some students are working for 3 months and then left. He suggested only the needy students should be sent 
for the interviews. Meeting ended with vote of thanks by Dr. lgbal Shaikh. Action Items: 
EGE OFE 
MUMBAI 
400 003 
(Dr. Shaikh Javed Habib) 
Chairman, IQAC 
1. Academic audit draft be discussed in HODs meeting and prepare the report 
2. Dr. lqbal Shaikh will arrange session/workshop from an eminent speaker on the issue of good 
mentoring. 3. Dr. Shakh Javed Habib, l/c Principal will arrange meeting of Principals of all units to discuss 
the Issue of indiscipline among students and to prevent students of other units roaming in 
premises of degree and using elevator, washrooms and consuming water. Copy to:All concerned staff members 
4. Dr. lqbal Shalkh wll prepare code of conduct of discipline for implementation. 5. I/c Principal will make it compulsory wearing I-card with lanyard for all the students."
MHSSCE_00267,IQAC-MoM.pdf,iqac,3,1,,"SR 
No 
2 
3 
5 
6 
7 
8 
9 
10 
11 
12 
13 
14 
15 
16 
17 
18 
19 
Name 
Dr. Shaikh Abdullah 
Attendance Sheet of IQAC meeting on 11th October 2023 
Dr. Aslam Khan 
Dr. Mohiuddin Ahmed 
Dr.Ganesh Kame 
Er. Zaheer Khan 
Dr. lgbal Ahmed 
Shaikh 
Dr. Irfan Landge 
Er. Abdul Sayeed 
Dr. Mrs. Shagufta S 
Dr. Bhaskar Gardas 
Ms. Ahlam Ansari 
Mrs. Rushali T 
Mr. Wajihuddin 
Sayyed 
Mr.Shaikh Jahid 
Mr.Masud Memon 
Mr Rais Shaikh 
Dr. Zeenat Shaikh 
Mr Lazarus D'souza 
Dr. Ashok Dhale 
Committee Position 
Representative of 
Management 
Representative of Industry 
Member 
Chairman 
Teacher's Representative 
Coordinator 
Teacher's Representative 
Teacher's Representative 
Teacher's Representative 
Teacher's Representative 
Teacher's Representative 
Teacher's Representative 
Representative of 
Administration 
Representative of Students 
Representative of Alumni 
Representative of Local 
Society 
Representative of Parents 
Representative of Employer 
Special Invitee 
Signature 
ABSEN 
ABSENT 
MUMBAI 
n 
400 
003 
ulsl2ez.3 
chairman Ta"
MHSSCE_00268,MHSSCOE-SSR.pdf,general,1,1,,"SELF STUDY REPORT
 FOR
1st CYCLE OF ACCREDITATION
 
 
ANJUMAN-I-ISLAM'S M.H. SABOO SIDDIK COLLEGE
OF ENGINEERING
MHSS POLYTECHNIC ROAD, BYCULLA
400008
www.mhssce.ac.in
Submitted To
NATIONAL ASSESSMENT AND ACCREDITATION COUNCIL
BANGALORE
February 2024
Page 1/76
22-03-2024 11:38:24"
MHSSCE_00269,MHSSCOE-SSR.pdf,general,2,1,,"1. EXECUTIVE SUMMARY
1.1 INTRODUCTION 
The Mohammed Haji Saboo Siddik Institute (A Muslim Minority Institution) owes its existence to the
munificence of late Mohammed, son of Haji Saboo Siddik, who bequeathed a large sum of money for
establishing, conducting and managing this Institution for imparting Vocational, Technical and Industrial
training and education. The value of the assets, so bequeathed, exceeded Rupees Three Crore at the time of
donation. The Institution is managed and administrated by the Anjuman-i-Islam as the sole trustee, appointed by the
Bombay High Court's decree and scheme framed and sanctioned there under. M.H. Saboo Siddik College of Engineering was estabbilshed in 1984. The very well laid out college building accommodates workshops, laboratories, classrooms, lecture halls,
drawing halls, students' common room, seminar hall, library, reading-rooms, offices, etc. with modern facilities. The College is accommodated in an exclusively newly-constructed spacious ground plus five floors building. The library of the College is housed in a separate building and is furnished with reference section and reading-
rooms for students and staff. A equiped Seminar Hall was inaugurated by Dr. Raja Ramanna, an eminent
scientist of our country on 9th April, 2001. A spacious cafeteria and a an extension counter of DCB Bank is
also operative in the campus."
MHSSCE_00270,MHSSCOE-SSR.pdf,general,2,2,,"reading-
rooms for students and staff. A equiped Seminar Hall was inaugurated by Dr. Raja Ramanna, an eminent
scientist of our country on 9th April, 2001. A spacious cafeteria and a an extension counter of DCB Bank is
also operative in the campus.

The college was established with a definte mission to disseminate a value-oriented quality technical education
among our youth to fulfil the increasing demand of human resources for the ever-growing engineering industry
of our nation, which it has truly proved to the core. Vision 
To be an institute of global repute committed to the cause of nation building through technology based
education. Mission 
To be enabler of creation and dissemination of futuristic knowledge in technology through research and quality
education. 1.2 Strength, Weakness, Opportunity and Challenges(SWOC)
Institutional Strength 
1. Located in prime area in Mumbai. 2. Connectivity by local train and by road. Page 2/76
22-03-2024 11:38:24"
MHSSCE_00271,MHSSCOE-SSR.pdf,general,3,1,,"3. Vast global Alumni network. 4. MoUs with Foreign Universities. 5. Fully Wi-Fi enabled campus. 6. EDC cell of the institute to promote knowledge based and technology-driven start-ups. 7. Skill Enhancements with industry. 8. Good staff Retention
9. Financial assistance through Zakat Fund. Institutional Weakness 
1.There is scope for registering patents and increasing number of publications. 2. Industry Supported Laboratories need to be Developed/increased. 3.Use of Alumni engagement for the overall development of the college need to be improved. 4.Less number of Consultancy Assignment. Institutional Opportunity 
1. There is scope for inter-disciplinary research challenges and new trends in multidisciplinary
professional education. 2. Explore the benefits of various R&D & faculty development centric policies available through various
funding agencies. 3. Good industry connect
4. Possibility of collaboration with National & Foreign universities and providing recognized degrees. Institutional Challenge 
1. Constrint of academic structure & curriculum being an affiliating institute. 2. Improving consultancy. 3. Placements in core industries. 4. Maintaining high percentage of attendance of students. 1.3 CRITERIA WISE SUMMARY 
Curricular Aspects 
M.H. Saboo Siddik College of Engineering is a premier institute affiliated with the University of Mumbai
(UOM)."
MHSSCE_00272,MHSSCOE-SSR.pdf,general,3,2,,"Placements in core industries. 4. Maintaining high percentage of attendance of students. 1.3 CRITERIA WISE SUMMARY 
Curricular Aspects 
M.H. Saboo Siddik College of Engineering is a premier institute affiliated with the University of Mumbai
(UOM).

The college is committed to the effective implementation of the curriculum designed by the University,
utilizing its own well-planned documented system. In addition, many of our faculty members actively
contribute to curriculum design and syllabus revision. The academic teaching-learning process is a significant component of curriculum delivery, encompassing
Page 3/76
22-03-2024 11:38:24"
MHSSCE_00273,MHSSCOE-SSR.pdf,general,4,1,,"academic preparedness. At the beginning of each semester, courses are allocated to faculty members based on
their subject expertise. Simultaneously, the institute and respective departments prepare academic calendars in
line with the university's provided schedule. As an affiliated institution, the college adheres to the curriculum designed by the UOM. However, the presence
of experienced faculties enables the institute to execute the curriculum effectively. To further enrich the
curriculum, the college provides additional facilities such as SWAYAM, FOSS, AWS Academy, and Oracle
Academy, enabling students to develop a range of skills. The college organizes expert talks and industrial visits for students' overall development. In alignment with
prevailing industry trends, the institute facilitates field projects and internships at various organizations for
students. Beyond academics, the college addresses social challenges, including gender equality, environmental
sustainability, human values, and professional ethics, fostering the overall development of creative and
divergent competencies. The dissemination of plans and content delivery is ensured through the Academic Review Process, conducted
twice in each semester and monitored by the academic dean. Timely feedback from different stakeholders of
the institute, using its own formulated mechanism, provides valuable inputs for the design and review of the
syllabus accordingly."
MHSSCE_00274,MHSSCOE-SSR.pdf,general,4,2,,"conducted
twice in each semester and monitored by the academic dean. Timely feedback from different stakeholders of
the institute, using its own formulated mechanism, provides valuable inputs for the design and review of the
syllabus accordingly.

Teaching-learning and Evaluation 
Being a Minority Institution reservation policy of the state government is implemented and non-minority
students are also enrolled. Detailed academic calendar which includes Schedule of Examinations and Test,
Parent teacher meeting, Guest lectures, Answer script review, co-curricular activities and other important dates
of academic relevance is provided to all departments on timely basis. Faculty members prepare an academic plan as per format provided by institute for their respective courses
before commencement of the semester. Systematic curricular implementation is achieved by consern faculty
allotment for courses, traditional and ICT based delivery methods, assessment methods including, formative
and summative methods, performance analysis based on attainment of course and program outcomes. Mentor,
faculty are assigned for their academic growth. The Institute conducts internal assessments transparently,
project assessments, internal exams as per university norms and results are declared. Institution introduced
valued answer scripts of End Semester Examination review by students to promote transparency and represent
grievances in evaluation. The holistic improvements in the teaching learning process and assessment system by
the reforms enable the faculty and students to enhance their capabilities."
MHSSCE_00275,MHSSCOE-SSR.pdf,general,4,3,,"review by students to promote transparency and represent
grievances in evaluation. The holistic improvements in the teaching learning process and assessment system by
the reforms enable the faculty and students to enhance their capabilities.

To address the issues in health, psychology, moral and ethical behaviour in learning paces of students both
internal and external counseling, workshops, seminars are being conducted. Industrial visits and internships are
arranged to bridge the gap between theoretical knowledge and real life scenario in industry. Research, Innovations and Extension 
M H Saboo Siddik College of Engineering (MHSSCE) creates an enabling environment to promote research
culture providing required research infrastructure and support. MHSSCE has Research & Development (R&D)
committee to cater the needs of researchers and facilitate distribution of information related to funding schemes
Page 4/76
22-03-2024 11:38:24"
MHSSCE_00276,MHSSCOE-SSR.pdf,general,5,1,,"and also enabling faculty members to formulate research proposal for funding. A dedicated EDC and R & D cell is established to help students and faculty members to inculcate research and
entrepreneurship skills. MHSSCE promotes faculty engagement in authoring books, publication, organizing
seminars, conferences, workshops, consultancy and training. MHSSCE conducts number of extension programmes like blood donation, Health checkups, arranging field
training programme for students, conduct of environmental awareness workshops, working with government
agencies to conduct swachhata abhiyan, etc. Institute has arranged several industrial visits for the students to understand and instill corporate deeds. Also the
number of internships has been facilitating to students during their vacations. Institute has signed 13 MoUs with
national institutions / industries, corporate houses for academic, training collaborations and consultancy. Infrastructure and Learning Resources 
The institute boasts a robust infrastructure geared towards providing high-quality education. With twenty-one
classrooms, well-equipped laboratories, workshops, and tutorial rooms, the facilities cater to effective teaching
and learning. All classrooms are furnished with ICT tools and Wi-Fi, ensuring a conducive learning
environment with ample ventilation and lighting. Adequate tutorial rooms facilitate smooth conduction of
tutorial classes."
MHSSCE_00277,MHSSCOE-SSR.pdf,general,5,2,,"cater to effective teaching
and learning. All classrooms are furnished with ICT tools and Wi-Fi, ensuring a conducive learning
environment with ample ventilation and lighting. Adequate tutorial rooms facilitate smooth conduction of
tutorial classes.

The laboratories and workshops are equipped with updated and calibrated machinery to deliver the curriculum
effectively. The institute prioritizes the use of the latest computer hardware and software in its laboratories,
maintaining a refined computer center with a sufficient number of systems and software. Seminar halls,
equipped with ICT and Wi-Fi facilities, support co-curricular activities such as conferences, expert lectures,
workshops, and seminars. The entire campus is connected with Wi-Fi, and all computer systems and servers use genuine and up-to-date
operating systems. The institute supports open-source software as an alternative and has incorporated it into
various aspects of its operations. Commercial software like StaddPro, Microsoft SQL Server, Tally ERP, MS-
Windows 10/11, MS-Office 2007, Oracle 10g/11g has also been procured based on subject requirements. The central library is fully computerized with library information management software (SLIM), offering a rich
collection of print resources including books, periodicals, newspapers, magazines, reference books, journals,
databases, rare books, encyclopedias, dictionaries, and handbooks. Additionally, the library provides e-
resources such as e-journals, e-books, and a database with remote access. Sport facilities, including grounds for football and cricket, and a boys' common room, are well-managed to
support students' physical well-being."
MHSSCE_00278,MHSSCOE-SSR.pdf,general,5,3,,"the library provides e-
resources such as e-journals, e-books, and a database with remote access. Sport facilities, including grounds for football and cricket, and a boys' common room, are well-managed to
support students' physical well-being.

The institute emphasizes proper maintenance of academic and support
facilities through a dedicated maintenance cell and store section, utilizing internal and external sources
regularly or as needed. Student Support and Progression 
Student Support and Progression discusses the support provided by the institution in terms of finance and career
Page 5/76
22-03-2024 11:38:24"
MHSSCE_00279,MHSSCOE-SSR.pdf,general,6,1,,"development for the students. The institution gives financial support to students, such as those from financially
weaker sections, single-parent children, etc. Category-wise government scholarships are provided. Skill
development programs are conducted, including soft skills training, language, and communication
development, which help and support them in their placement. Life skills development programs like yoga,
health, and hygiene-related programs are conducted. Software training or workshops are conducted to help
students learn the latest software in the field, apart from that given in their curriculum. We have constituted multiple committees in alignment with statutory norms set by various regulatory bodies to
safeguard the interests of students and student redressal processes. A sufficient display of signboards of various
redressal mechanisms and an online student grievance facility are also part of the college website. The institute
extends all possible support to students in academic guidance and progression to higher studies and career. We,
as an institute, are committed to promoting sports and cultural activities, essentially helping pupils practice
collaborative activities and imbibe a sense of cooperation, sportsmanship, team building, and leadership. Students participate in inter-collegiate sports and cultural competitions and bring laurels to the institute."
MHSSCE_00280,MHSSCOE-SSR.pdf,general,6,2,,"helping pupils practice
collaborative activities and imbibe a sense of cooperation, sportsmanship, team building, and leadership. Students participate in inter-collegiate sports and cultural competitions and bring laurels to the institute.

Our
success in numerous ""Hackathons"" organized at the national level by AICTE/Ministry of Education gets
publicized on various communication platforms and brings credibility to the education process followed in the
institute. The institute has a very strong alumni network, and we leverage their experience and understanding to
set standards for various curricular and co-curricular activities. They act as goodwill ambassadors to industries
and various government and non-governmental agencies. Alumni share their industry experience, the latest
technology used in companies, and how to approach companies for placement with their juniors. In several
departments, alumni are invited as resource persons for seminars and workshops to benefit juniors. Quite a few
alumni are serving as faculty members in the college. Governance, Leadership and Management 
Anjuman I Islam’s M.H.SABOO SIDDIK COLLEGE OF ENGINEERING has like many other Engineering
colleges is governed by AICTE, University of Mumbai, DTE Maharashtra and Anjuman I Islam. We have a
very clear vision and mission established. Certain short term and long term goals are the foundation for its perspective plan and the responsibilities
assigned to various committees. Institute following academics as prescribed by University of Mumbai and
waiting for Instructions regarding NEP."
MHSSCE_00281,MHSSCOE-SSR.pdf,general,6,3,,"short term and long term goals are the foundation for its perspective plan and the responsibilities
assigned to various committees. Institute following academics as prescribed by University of Mumbai and
waiting for Instructions regarding NEP.

Ragging free campus, good final year results, of statutory benefits like gratuity, leave encashment, festival
advance to non teaching staff and student Group Insurance, LTC are the positive points. As long as e governance is concerned it is to be considered that admission process for First Year Engineering
and Second Year Direct Admission are handled by DTE the process is completely online and our college is
facilitation centre
Our FE and BE exams are having students application, question paper down loading, reports filling,
assessment and marks uploading for Term work, oral, project etc is completely online Financial front we have
Page 6/76
22-03-2024 11:38:24"
MHSSCE_00282,MHSSCOE-SSR.pdf,general,7,1,,"been using software Telly. Our main source of income is fees collected from the students. The utilization of funds is primarily for staff
salary and other statutory fees, infrastructure maintenance and lab setups. As IQAC is established in July 2023 we are yet to have measurable impact on teaching learning process but at
the same time NBA visit is due in Feb/ March 2024, the teaching learning is as per the processes described in
NBA. Institutional Values and Best Practices 
Our institution is deeply committed to fostering a culture built upon strong institutional values and best
practices that extend beyond traditional academic boundaries. In line with our core beliefs, we prioritize social
responsibilities and aim to create a campus environment that is inclusive, sustainable, and socially conscious. Institutional Values:
 
Social Responsibility: We recognize our role in society and actively engage in activities that contribute
positively to our community. Our initiatives extend beyond academic pursuits to address societal needs,
emphasizing the holistic development of our students. Gender Sensitivity: Our institution is dedicated to promoting gender sensitivity by providing facilities that cater
to the diverse needs of all genders. We strive to create an inclusive and respectful atmosphere that values and
empowers everyone. Waste Management: With a focus on environmental sustainability, we implement effective waste management
strategies."
MHSSCE_00283,MHSSCOE-SSR.pdf,general,7,2,,"the diverse needs of all genders. We strive to create an inclusive and respectful atmosphere that values and
empowers everyone. Waste Management: With a focus on environmental sustainability, we implement effective waste management
strategies.

Distinguishing between degradable and non-degradable waste, we aim to minimize our ecological
footprint and set an example for responsible environmental stewardship. Green Campus Initiatives: Embracing the principles of sustainability, we actively pursue green campus
initiatives. From energy-efficient practices to green spaces, our goal is to create a campus that harmonizes with
nature, fostering a sense of responsibility for the environment among our students and staff. Disabled-Friendly Environment: We are committed to providing a barrier-free environment that is accessible to
individuals with disabilities. Our infrastructure is designed to accommodate diverse needs, ensuring that every
member of our community can fully participate in academic and extracurricular activities. Page 7/76
22-03-2024 11:38:24"
MHSSCE_00284,MHSSCOE-SSR.pdf,general,8,1,,"Page 8/76
22-03-2024 11:38:24"
MHSSCE_00285,MHSSCOE-SSR.pdf,general,9,1,,"2. PROFILE
2.1 BASIC INFORMATION
 Name and Address of the College
Name
ANJUMAN-I-ISLAM'S M.H. SABOO SIDDIK
COLLEGE OF ENGINEERING
Address
MHSS Polytechnic Road, Byculla
City
Mumbai
State
Maharashtra
Pin
400008
Website
www.mhssce.ac.in
 Contacts for Communication
Designation
Name
Telephone with
STD Code
Mobile
Fax
 Email
Principal(in-
charge)
Shaikh Javed
Habib
022-23012922
8788942900
022-2308264
0
aimhssce@mhssce.
ac.in
Professor
Ashok Dhale
022-23051356
9422093722
022-2308264
0
ashokdhale@mhssc
e.ac.in
 Status of the Institution
Institution Status
Self Financing
 Type of Institution
By Gender
Co-education
By Shift
 Regular
 
Page 9/76
22-03-2024 11:38:24"
MHSSCE_00286,MHSSCOE-SSR.pdf,general,10,1,,"Recognized Minority institution
If it is a recognized minroity institution
Yes
Minority Certificate.pdf
If Yes, Specify minority status
Religious
Muslim
Linguistic
Any Other
 Establishment Details
 State
University name
Document
Maharashtra
University of Mumbai
View Document
 Details of UGC recognition
Under Section
Date
View Document
2f of UGC
12B of UGC
 Details of recognition/approval by stationary/regulatory bodies like
AICTE,NCTE,MCI,DCI,PCI,RCI etc(other than UGC)
Statutory
Regulatory
Authority
Recognition/Appr
oval details Instit
ution/Department
programme
Day,Month and
year(dd-mm-
yyyy)
Validity in
months
Remarks
AICTE
View Document
01-07-2023
12
 Recognitions
 Is the College recognized by UGC as a College with
Potential for Excellence(CPE)?
No
Is the College recognized for its performance by any
other governmental agency?
No
 
Page 10/76
22-03-2024 11:38:24"
MHSSCE_00287,MHSSCOE-SSR.pdf,general,11,1,,"Location and Area of Campus
Campus Type
Address
Location*
Campus Area in
Acres 
Built up Area in
sq.mts.
Main campus
area
MHSS Polytechnic Road,
Byculla
Urban
1.5
17249
2.2 ACADEMIC INFORMATION
 Details of Programmes Offered by the College (Give Data for Current Academic year)
Programme
Level
Name of Pro
gramme/Co
urse
Duration in
Months
Entry
Qualificatio
n
Medium of
Instruction
Sanctioned
Strength
 No.of
Students
Admitted
UG
BE,Civil
Engineering,
48
XII and
Entrance
Exam
Diploma
English
60
22
UG
BE,Compute
r
Engineering,
48
XII and
Entrance
Exam
Diploma
English
60
56
UG
BE,Compute
r Science
And
Engineering
Internet Of
Things And
Cyber
Security
Including
Block Chain
Tech,
48
XII and
Entrance
Exam
Diploma
English
60
51
UG
BE,Compute
r Science
And
Engineering
Artificial
Intelligence
And Machine
Learning,
48
XII and
Entrance
Exam
Diploma
English
60
59
UG
BE,Electroni
cs And Telec
48
XII and
Entrance
English
60
41
Page 11/76
22-03-2024 11:38:24"
MHSSCE_00288,MHSSCOE-SSR.pdf,general,12,1,,"ommunicatio
ns
Engineering,
Exam
Diploma
UG
BE,Informati
on
Technology,
48
XII and
Entrance
Exam
Diploma
English
60
55
UG
BE,Mechanic
al
Engineering,
48
XII and
Entrance
Exam
Diploma
English
60
26
Position Details of Faculty & Staff in the College
 
Teaching Faculty
Professor
Associate Professor
Assistant Professor
Male 
Female
Others
Total
Male
Female
Others
Total
Male
Female
Others
Total
Sanctioned by the
UGC /University
State Government 
8
19
56
Recruited
3
0
0
3
8
2
0
10
21
35
0
56
Yet to Recruit
5
9
0
Sanctioned by the 
Management/Soci
ety or Other
Authorized
Bodies
0
0
22
Recruited
0
0
0
0
0
0
0
0
0
0
0
0
Yet to Recruit
0
0
22
 
Page 12/76
22-03-2024 11:38:24"
MHSSCE_00289,MHSSCOE-SSR.pdf,general,13,1,,"Non-Teaching Staff
Male
Female
Others
Total
Sanctioned by the UGC
/University State
Government 
50
Recruited 
46
4
0
50
Yet to Recruit 
0
Sanctioned by the
Management/Society or
Other Authorized
Bodies 
0
Recruited 
0
0
0
0
Yet to Recruit 
0
 
Technical Staff
Male
Female
Others
Total
Sanctioned by the UGC
/University State
Government 
36
Recruited 
34
2
0
36
Yet to Recruit 
0
Sanctioned by the
Management/Society or
Other Authorized
Bodies 
0
Recruited 
0
0
0
0
Yet to Recruit 
0
Qualification Details of the Teaching Staff
 
Page 13/76
22-03-2024 11:38:24"
MHSSCE_00290,MHSSCOE-SSR.pdf,general,14,1,,"Permanent Teachers
Highest
Qualificatio
n
Professor
Associate Professor
Assistant Professor
Male
Female
Others
Male
Female
Others
Male
Female
Others
Total
D.sc/D.Litt/
LLD/DM/M
CH
0
0
0
0
0
0
0
0
0
0
Ph.D.
3
0
0
6
2
0
11
5
0
27
M.Phil.
0
0
0
0
0
0
0
0
0
0
PG
0
0
0
2
0
0
33
29
0
64
UG
0
0
0
0
0
0
0
0
0
0
 
Temporary Teachers
Highest
Qualificatio
n
Professor
Associate Professor
Assistant Professor
Male
Female
Others
Male
Female
Others
Male
Female
Others
Total
D.sc/D.Litt/
LLD/DM/M
CH
0
0
0
0
0
0
0
0
0
0
Ph.D.
0
0
0
0
0
0
0
0
0
0
M.Phil.
0
0
0
0
0
0
0
0
0
0
PG
0
0
0
0
0
0
1
1
0
2
UG
0
0
0
0
0
0
0
0
0
0
 
Page 14/76
22-03-2024 11:38:24"
MHSSCE_00291,MHSSCOE-SSR.pdf,general,15,1,,"Part Time Teachers
Highest
Qualificatio
n
Professor
Associate Professor
Assistant Professor
Male
Female
Others
Male
Female
Others
Male
Female
Others
Total
D.sc/D.Litt/
LLD/DM/M
CH
0
0
0
0
0
0
0
0
0
0
Ph.D.
0
0
0
0
0
0
0
0
0
0
M.Phil.
0
0
0
0
0
0
0
0
0
0
PG
0
0
0
0
0
0
0
0
0
0
UG
0
0
0
0
0
0
0
0
0
0
 Details of Visting/Guest Faculties
Number of Visiting/Guest Faculty
engaged with the college?
Male
Female
Others
Total
0
0
0
0
Provide the Following Details of Students Enrolled in the College During the Current Academic Year
 Programme
From the State
Where College
is Located
From Other
States of India
NRI Students
Foreign
Students
Total
UG
Male
0
0
0
0
0
Female
0
0
0
0
0
Others
0
0
0
0
0
 
Page 15/76
22-03-2024 11:38:24"
MHSSCE_00292,MHSSCOE-SSR.pdf,general,16,1,,"Provide the Following Details of Students admitted to the College During the last four Academic
Years
Category
Year 1
Year 2
Year 3
Year 4
SC
Male
31
29
23
20
Female
6
6
7
5
Others
0
0
0
0
ST
Male
20
21
18
13
Female
2
1
1
2
Others
0
0
0
0
OBC
Male
79
71
78
72
Female
16
17
16
10
Others
0
0
0
0
General
Male
1228
1250
1311
1193
Female
191
190
215
236
Others
0
0
0
0
Others
Male
7
8
8
5
Female
1
0
0
0
Others
0
0
0
0
Total
1581
1593
1677
1556
Institutional preparedness for NEP
1. Multidisciplinary/interdisciplinary:
NIL
2. Academic bank of credits (ABC):
All the students have generated Academic Bank: of
Credits (ABC ID), (except those who have issues
with their Aadhar Card/ contact number). We have
submitted their ABC id to University of Mumbai.
3. Skill development:
NIL
4. Appropriate integration of Indian Knowledge
system (teaching in Indian Language, culture, using
online course):
NIL
5. Focus on Outcome based education (OBE):
Outcome Based education(OBE) is education in
which an emphasis is laid on a clearly articulated idea
Page 16/76
22-03-2024 11:38:24"
MHSSCE_00293,MHSSCOE-SSR.pdf,general,17,1,,"of what students are expected to know and be able to
do, that is, what skills and knowledge they need to
have, when they complete the course and programme. As per University of Mumbai syllabus every course
has its objective defined as well the course outcome
(CO) for theory subject and for Laboratory course,
and we have Laboratory objective (LO). In some
cases it is the faculty member who is in position to
modify the CO/ LO s. Each of the COs / LOs is
mapped with Programme outcome (PO) and their
attainment is calculated. The attainment of the CO
PO mapping is divided into two parts (a) Direct
attainment: It is based on Internal assessment
Examination (IAE) score, End Semester Examination
(ESE) scores (b) Indirect assessment wherein we
consider the course exit surveys. The same is
followed for LO, PO again here we have (c) Direct
assessment wherein we have experiment/ project
work (d) Course exit survey collected online / off
line. All POs are taken for the next level along with
the Program Specific Objectives (PSOs) to mapped
with Program Education Objectives (PEOs). Subsequently the path leads us to Mission and
Vision. At every level philosophy of OBE is visible. Now since our Vision, Mission, PEOs, PSOs, POs,
and all COs are well defined and their mapping is in
place, we strongly feel that our teaching learning is
focused on OBE. 6. Distance education/online education:
NIL
Institutional Initiatives for Electoral Literacy
1."
MHSSCE_00294,MHSSCOE-SSR.pdf,general,17,2,,"Mission, PEOs, PSOs, POs,
and all COs are well defined and their mapping is in
place, we strongly feel that our teaching learning is
focused on OBE. 6. Distance education/online education:
NIL
Institutional Initiatives for Electoral Literacy
1.

Whether Electoral Literacy Club (ELC) has been
set up in the College? NIL
2. Whether students’ co-ordinator and co-ordinating
faculty members are appointed by the College and
whether the ELCs are functional? Whether the ELCs
are representative in character? NIL
3. What innovative programmes and initiatives
undertaken by the ELCs? These may include
voluntary contribution by the students in electoral
processes-participation in voter registration of
students and communities where they come from,
NIL
Page 17/76
22-03-2024 11:38:24"
MHSSCE_00295,MHSSCOE-SSR.pdf,general,18,1,,"assisting district election administration in conduct of
poll, voter awareness campaigns, promotion of
ethical voting, enhancing participation of the under
privileged sections of society especially transgender,
commercial sex workers, disabled persons, senior
citizens, etc.
4. Any socially relevant projects/initiatives taken by
College in electoral related issues especially research
projects, surveys, awareness drives, creating content,
publications highlighting their contribution to
advancing democratic values and participation in
electoral processes, etc.
NIL
5. Extent of students above 18 years who are yet to be
enrolled as voters in the electoral roll and efforts by
ELCs as well as efforts by the College to
institutionalize mechanisms to register eligible
students as voters.
NIL
Page 18/76
22-03-2024 11:38:24"
MHSSCE_00296,MHSSCOE-SSR.pdf,general,19,1,2022-23,"Extended Profile
1 Students
1.1
Number of students year wise during the last five years
 2022-23
2021-22
2020-21
2019-20
2018-19
1582
1593
1679
1560
1623
File Description
Document
Institutional data in prescribed format
View Document
2 Teachers
2.1
Number of teaching staff / full time teachers during the last five years (Without repeat count):
Response: 104 File Description
Document
Institutional data in prescribed format
View Document
2.2
Number of teaching staff / full time teachers year wise during the last five years
 2022-23
2021-22
2020-21
2019-20
2018-19
91
93
94
100
102
3 Institution
3.1
Expenditure excluding salary component year wise during the last five years (INR in lakhs)
 2022-23
2021-22
2020-21
2019-20
2018-19
375.05818
195.08662
456.45016
277.43897
324.73659
File Description
Document
Upload Supporting Document
View Document
Page 19/76
22-03-2024 11:38:24"
MHSSCE_00297,MHSSCOE-SSR.pdf,general,20,1,,"Page 20/76
22-03-2024 11:38:24"
MHSSCE_00298,MHSSCOE-SSR.pdf,general,21,1,,"4. Quality Indicator Framework(QIF)
Criterion 1 - Curricular Aspects
 
1.1 Curricular Planning and Implementation
 1.1.1 
The Institution ensures effective curriculum planning and delivery through a well-planned and
documented process including Academic calendar and conduct of continuous internal Assessment
Response: 
M. H. Saboo Siddik College of Engineering continuously evolves strategies to provide quality education
to fulfill the aspirations of the students and strive hard to achieve excellence in technical education. The
institute has well qualified faculty to impart technical knowledge in a conducive learning environment. The institute is abide to follow the curriculum of all the programs designed by University of Mumbai and
adopts its own strategy to ensure effective delivery which includes;
A. Academic Preparedness 
1. Before the commencement of each semester, courses are allocated to respective faculties based on
their specialization, experience and subject choices given by them according to the contents of the
syllabus.. 2. The institute prepares its own Academic Calendar aligned with the University’s calendar. Further
based on the institute calendar every department prepares its own calendar considering curricular, co-
curricular and extracurricular activities."
MHSSCE_00299,MHSSCOE-SSR.pdf,general,21,2,,"2. The institute prepares its own Academic Calendar aligned with the University’s calendar. Further
based on the institute calendar every department prepares its own calendar considering curricular, co-
curricular and extracurricular activities.

The academic calendar provides the date of commencement of
the academic session, the schedule of Internal Assessments Examinations (IAE), Parent Teacher
meetings, mid-term and final submissions, practical/oral exams and End-Semester Examinations
(ESE) etc. B. Teaching Learning Process
1. To ensure the effective delivery of the curriculum individual faculty prepares teaching plan,
laboratory plan and tutorial plan according to their courses assigned and gets executed through respective
sessions as per the time table. 2. Faculty members also take utmost care to get completed academic projects according to the
prescribed syllabus. 3. To maintain the track of teaching learning activities each faculty maintains course files. 4. To support curriculum delivery the institute also follows few curriculum enrichment practices like
industrial visits, expert talks of eminent personalities from reputed institutes and industries. Page 21/76
22-03-2024 11:38:24"
MHSSCE_00300,MHSSCOE-SSR.pdf,general,22,1,,"C. Academic Review for Monitoring the Effective Delivery 
1. The principal and Dean of Academic Affairs (DAA) closely monitor the delivery of the courses and
DAA carries midterm academic reviews twice in the semester along with HODs to verify the curriculum
execution progress with the help of teaching progress report submitted by the individual faculty.. 2. Finally students’ feedback is taken on curriculum delivery by DAA on various parameters
prescribed by the institute. D. Domain Email id:
1. All notifications are issued to the students through their official email IDs created using Google
Teams for education belonging to mhssce.ac.in in the domain. Utilizing domain-specific email IDs in
colleges enhances professionalism, credibility, and brand identity. It provides a secure and organized
communication platform, fostering consistency and efficient interaction among students and faculty. The
institution gains control over its email services, enabling integration with other platforms and facilitating
the establishment of an alumni network. Overall, domain email IDs contribute to a positive and
structured communication environment within the educational institution. File Description
Document
Upload Additional information
View Document
Provide Link for Additional information
View Document
 
1.2 Academic Flexibility
 1.2.1 
Number of Certificate/Value added courses offered and online courses of MOOCs, SWAYAM,
NPTEL etc."
MHSSCE_00301,MHSSCOE-SSR.pdf,general,22,2,,"Additional information
View Document
Provide Link for Additional information
View Document
 
1.2 Academic Flexibility
 1.2.1 
Number of Certificate/Value added courses offered and online courses of MOOCs, SWAYAM,
NPTEL etc.

(where the students of the institution have enrolled and successfully completed during
the last five years)
Response: 28
Page 22/76
22-03-2024 11:38:25"
MHSSCE_00302,MHSSCOE-SSR.pdf,general,23,1,2022-23,"File Description
Document
Institutional programme brochure/notice for
Certificate/Value added programs with course
modules and outcomes
View Document
Institutional data in the prescribed format
View Document
Provide Links for any other relevant document to
support the claim (if any)
View Document
 1.2.2 
Percentage of students enrolled in Certificate/ Value added courses and also completed online courses
of MOOCs, SWAYAM, NPTEL etc. as against the total number of students during the last five years 
Response: 8.19
1.2.2.1 Number of students enrolled in Certificate/ Value added courses and also completed online
courses of MOOCs, SWAYAM, NPTEL etc. as against the total number of students during the last five
years
 2022-23
2021-22
2020-21
2019-20
2018-19
134
118
142
136
128
File Description
Document
Institutional data in the prescribed format
View Document
 
1.3 Curriculum Enrichment
 1.3.1 
Institution integrates crosscutting issues relevant to Professional Ethics, Gender, Human Values,
Environment and Sustainability in transacting the Curriculum
Response: 
GENDER SENSITIZATION:
Equal opportunities are given to both genders in terms of admission, employment, training programs,
sports, and other activities, thus curbing any gender-related issues. The college supports women faculty
and students to become members of forums and encourages them to participate in events focusing on
women's empowerment and promoting leadership qualities."
MHSSCE_00303,MHSSCOE-SSR.pdf,general,23,2,,"other activities, thus curbing any gender-related issues. The college supports women faculty
and students to become members of forums and encourages them to participate in events focusing on
women's empowerment and promoting leadership qualities.

Girls and boys participate in various co-
curricular activities such as paper presentations, group discussions, and technical quizzes. Both, boys and
Page 23/76
22-03-2024 11:38:25"
MHSSCE_00304,MHSSCOE-SSR.pdf,general,24,1,,"girls are made members of various clubs associated with academic, co-curricular, and extracurricular
activities. Gender sensitization seminars are conducted by the Women Development Cell (WDC) for
both faculty and students on topics such as ‘Eve teasing’, Nirbhaya Laws, etc., which not only
emphasize the importance of virtue in life but also the need to respect women and ensure their comfort in
the workplace, ensuring professional growth. ENVIRONMENTAL SUSTAINABILITY:
Students have a compulsory course on environmental sustainability, such as Environmental Studies,
Environmental Engineering I and II, Solid Waste Management, and Industrial Waste Treatment. They are
taken for industrial visits to see Water Treatment Plants, Effluent Treatment Plants, and places that
educate them on environmental management. Awareness programs are also initiated by the institute, and
the Civil Engineering Department extensively carries out activities for environmental protection and
ecological preservation. Our institution takes part in programs like Swachh Bharat Abhiyan, Summer
Internship – 100 hours of Swachhata, Swachata Pakhwada, clean-up drives, exhibitions based on Water
Supply Solutions and wastewater solutions, Risk Audit, and Zero waste campus for compost and waste
segregation that have been successfully executed. HUMAN VALUES AND PROFESSIONAL ETHICS:
The curriculum includes seminars on professional ethics and human values."
MHSSCE_00305,MHSSCOE-SSR.pdf,general,24,2,,"and wastewater solutions, Risk Audit, and Zero waste campus for compost and waste
segregation that have been successfully executed. HUMAN VALUES AND PROFESSIONAL ETHICS:
The curriculum includes seminars on professional ethics and human values.

Special lectures are arranged
to create awareness on these issues by various technical bodies like ACM, CSI, CES, IETE, IEEE, etc. Eminent personnels, psychiatrists, and others are invited to educate the students on moral and ethical
values. Apart from this, the most highlighting quality of this institute for educating the students and
faculties about moral and ethical values and to become stress-free, the college has appointed a
professional counselor. Employability and life skills training programs like Personality Development,
Intra and Interpersonal Communication Skills are also conducted through the Training & Placement
department. The institute also organized Intellectual Property Rights (IPR) awareness programs that help
the faculties implement professional ethics by addressing issues like plagiarism and patent filing. In addition to curriculum, socially relevant courses like Project Management, Soft Skills, Business
Communication Skills, trainings and orientations related to recruitment, etc., have been included to
enhance the interdisciplinary skills. The enrichment practices provide an opportunity for intellectually
curious students to develop their knowledge through the events like zero waste management, disaster
management, Hackathon, environmental awareness during COVID-19, E-Waste management, Swachh
Bharat internship, Swachh Pakhwara, Jal Shakti Abhiyan, and Women's Day celebration."
MHSSCE_00306,MHSSCOE-SSR.pdf,general,24,3,,"their knowledge through the events like zero waste management, disaster
management, Hackathon, environmental awareness during COVID-19, E-Waste management, Swachh
Bharat internship, Swachh Pakhwara, Jal Shakti Abhiyan, and Women's Day celebration.

File Description
Document
Upload Additional information
View Document
 1.3.2 
Percentage of students undertaking project work/field work/ internships (Data for the latest
completed academic year)
Page 24/76
22-03-2024 11:38:25"
MHSSCE_00307,MHSSCOE-SSR.pdf,general,25,1,,"Response: 0.06
1.3.2.1 Number of students undertaking project work/field work / internships
Response: 1
File Description
Document
Upload supporting document
View Document
Institutional data in the prescribed format
View Document
 
1.4 Feedback System
 1.4.1 
Institution obtains feedback on the academic performance and ambience of the institution from
various stakeholders, such as Students, Teachers, Employers, Alumni etc. and action taken report on
the feedback is made available on institutional website 
Response: C. Feedback collected and analysed
File Description
Document
Provide Links for any other relevant document to
support the claim (if any)
View Document
Page 25/76
22-03-2024 11:38:25"
MHSSCE_00308,MHSSCOE-SSR.pdf,general,26,1,2022-23,"Criterion 2 - Teaching-learning and Evaluation
 
2.1 Student Enrollment and Profile
 2.1.1 
Enrolment percentage
Response: 74.71
2.1.1.1 Number of seats filled year wise during last five years (Only first year admissions to be
considered)
 2022-23
2021-22
2020-21
2019-20
2018-19
310
284
340
278
357
2.1.1.2 Number of sanctioned seats year wise during last five years
 2022-23
2021-22
2020-21
2019-20
2018-19
420
420
420
420
420
File Description
Document
Institutional data in the prescribed format
View Document
Final admission list as published by the HEI and
endorsed by the competent authority
View Document
Document related to sanction of intake from
affiliating University/ Government/statutory body
for first year’s students only.
View Document
 2.1.2 
Percentage of seats filled against reserved categories (SC, ST, OBC etc.) as per applicable reservation
policy for the first year admission during the last five years
Response: 100
2.1.2.1 Number of actual students admitted from the reserved categories year wise during last five
years (Exclusive of supernumerary seats) 
 
Page 26/76
22-03-2024 11:38:25"
MHSSCE_00309,MHSSCOE-SSR.pdf,general,27,1,2022-23,"2022-23
2021-22
2020-21
2019-20
2018-19
27
21
38
42
18
2.1.2.2 Number of seats earmarked for reserved category as per GOI/ State Govt rule year wise
during the last five years
 2022-23
2021-22
2020-21
2019-20
2018-19
27
21
38
42
18
File Description
Document
Institutional data in the prescribed format
View Document
Final admission list indicating the category as
published by the HEI and endorsed by the
competent authority.
View Document
Copy of communication issued by state govt. or
Central Government indicating the reserved
categories(SC,ST,OBC,Divyangjan,etc.) to be
considered as per the state rule ( Translated copy in
English to be provided as applicable)
View Document
 
2.2 Student Teacher Ratio
 2.2.1 
Student – Full time Teacher Ratio
(Data for the latest completed academic year)
Response: 17.38
 
2.3 Teaching- Learning Process
 2.3.1 
Student centric methods, such as experiential learning, participative learning and problem solving
methodologies are used for enhancing learning experiences and teachers use ICT- enabled tools
including online resources for effective teaching and learning process 
Response: 
Page 27/76
22-03-2024 11:38:25"
MHSSCE_00310,MHSSCOE-SSR.pdf,general,28,1,,"The institution employs a student-centric teaching approach to enhance the effectiveness of the Teaching-
Learning process. Emphasizing experiential learning, participative learning, and problem-solving
methodologies, the role of the teacher is that of a facilitator, fostering a thirst for knowledge, overall
development, and skill formation through various participatory learning activities, complementing
traditional lecture methods. Experiential Learning:
The institution facilitates field-based experiential learning, including internships, campus placements,
outhouse projects, industrial visits, mock interviews, project competitions, and training programs on
advanced technologies. Institute-based learning involves activities like 24/36 hour Hackathons,
competitive coding tests, mini and major projects, promoting experiential learning. Students actively
engage in laboratory experiments, workshops, and present projects in competitions, such as the
University-level Avishkar Research Convention. Participative Learning:
At MHSSCE, participative learning is a priority, fostering collaboration and skill enhancement among
students. Techniques include mini and major project presentations, workshops, seminars, project
competitions, hackathons, and paper presentations conducted by student-formed groups. The
Entrepreneurship Development Cell (EDC) organizes student-centric activities and idea innovation
contests, encouraging students to develop working models for their ideas."
MHSSCE_00311,MHSSCOE-SSR.pdf,general,28,2,,"hackathons, and paper presentations conducted by student-formed groups. The
Entrepreneurship Development Cell (EDC) organizes student-centric activities and idea innovation
contests, encouraging students to develop working models for their ideas.

Mock interviews and
interaction with industry professionals help students understand industry expectations. Student chapters
and clubs, like IEEE, CSI, ACM, SAE, ISHRAE, AWS Academy, CES and the Programmers club,
expose students to real-world trends. Various activities like interactive guest lectures, assignments, field
visits, quizzes, industrial visits and social awareness campaigns further enhance participative learning. Problem-Solving Methodologies:
The institute adopts a problem-based learning approach, encouraging students to engage in case studies,
assignments, and projects with complex and challenging problems. The interdisciplinary approach fosters
collaborative problem-solving. ICT-Enabled Tools:
To enhance teaching and learning processes, the institution provides internet facilities in all labs and
classrooms. Digital content development, including PowerPoint presentations and video-based teaching,
is encouraged, supported by ICT-enabled classrooms. Faculty members are motivated to share subject
data on platforms like Google Drive, maintain blogs, and conduct online quizzes for course exit surveys,
providing insights into the understanding level of course outcomes. The promotion of Massive Open
Online Courses (MOOC), such as Spoken Tutorial (FOSS) by IIT Bombay and enrollment in NPTEL
and SWAYAM courses, is actively encouraged. Open-source simulation tools are utilized in practical
sessions to provide hands-on experience and real-time exposure to students."
MHSSCE_00312,MHSSCOE-SSR.pdf,general,28,3,,"such as Spoken Tutorial (FOSS) by IIT Bombay and enrollment in NPTEL
and SWAYAM courses, is actively encouraged. Open-source simulation tools are utilized in practical
sessions to provide hands-on experience and real-time exposure to students.

Page 28/76
22-03-2024 11:38:25"
MHSSCE_00313,MHSSCOE-SSR.pdf,general,29,1,2022-23,"File Description
Document
Upload Additional information
View Document
Provide Link for Additional information
View Document
 
2.4 Teacher Profile and Quality
 2.4.1 
Percentage of full-time teachers against sanctioned posts during the last five years
Response: 100
2.4.1.1 Number of sanctioned posts year wise during the last five years
 2022-23
2021-22
2020-21
2019-20
2018-19
91
93
94
100
102
File Description
Document
Sanction letters indicating number of posts
sanctioned by the competent authority (including
Management sanctioned posts)
View Document
 2.4.2 
Percentage of full time teachers with NET/SET/SLET/ Ph. D./D.Sc. / D.Litt./L.L.D. during the last
five years (consider only highest degree for count)
Response: 25
2.4.2.1 Number of full time teachers with NET/SET/SLET/Ph. D./ D.Sc. / D.Litt./L.L.D year wise
during the last five years 
 2022-23
2021-22
2020-21
2019-20
2018-19
27
27
21
22
23
Page 29/76
22-03-2024 11:38:25"
MHSSCE_00314,MHSSCOE-SSR.pdf,general,30,1,,"File Description
Document
List of faculties having Ph. D. / D.Sc. / D.Litt./
L.L.D along with particulars of degree awarding
university, subject and the year of award per
academic year. View Document
Institution data in the prescribed format
View Document
Copies of Ph.D./D.Sc / D.Litt./ L.L.D awareded by
UGC recognized universities
View Document
 
2.5 Evaluation Process and Reforms
 2.5.1 
Mechanism of internal/ external assessment is transparent and the grievance redressal system is
time- bound and efficient
Response: 
Our institute is committed to achieving higher standards in the assessment of teaching, learning, and the
evaluation process through a comprehensive internal and external assessment system. Adhering to the
guidelines set by the University of Mumbai (UoM), our institute prioritizes transparency and efficient
grievance redressal with the following processes:
Internal Assessment:
Key parameters of internal assessment include:
1.Continuous assessment of practicals, assignments, and tutorials. 2.Two internal assessment examinations during the semester
3.Projects. Practicals, assignments, and projects are evaluated based on rubrics such as time management, work
quality, and understanding of topics, ensuring a transparent assessment process."
MHSSCE_00315,MHSSCOE-SSR.pdf,general,30,2,,"internal assessment examinations during the semester
3.Projects. Practicals, assignments, and projects are evaluated based on rubrics such as time management, work
quality, and understanding of topics, ensuring a transparent assessment process.

The schedule for internal assessment exams is communicated through various channels like the academic
calendar, student IAE blueprint, orientation programs, and digital communication media, ensuring quick
and effective communication with all students. A transparent and time-bound mechanism is in place to address grievances related to internal assessment
exams. Any reported issues, such as totaling mistakes or under-marking, are promptly resolved by the
respective subject in-charge. External Assessment:
The notice board and website of the college serves as a central hub for exam schedule announcements,
Page 30/76
22-03-2024 11:38:25"
MHSSCE_00316,MHSSCOE-SSR.pdf,general,31,1,,"exam form registrations, result processing, revaluation, and photocopy applications. A centralized
assessment process (CAP) is conducted post-examinations to maintain transparency and ensure timely
result declarations. Grievances related to data inaccuracies on hall tickets or other pre-End Semester Examination (ESE)
issues can be raised by students applying to the principal. The exam cell takes appropriate actions and
informs students of any corrections made. During the ESE, any discrepancies or doubts in the question paper are immediately reported by Junior
Supervisors to Senior Supervisors or the Chief Conductor. The Chief Conductor contacts University of
Mumbai if necessary, and any corrections are communicated to students in their respective blocks. After the declaration of ESE results, students have a window of 10-12 working days to apply for
photocopies or revaluation of answer sheets. If discrepancies are identified after receiving the photocopy,
students can report grievances, and the exam cell ensures timely and effective resolution by coordinating
with the examiner. Our commitment to a streamlined and effective grievance redressal process remains
unwavering."
MHSSCE_00317,MHSSCOE-SSR.pdf,general,31,2,,"after receiving the photocopy,
students can report grievances, and the exam cell ensures timely and effective resolution by coordinating
with the examiner. Our commitment to a streamlined and effective grievance redressal process remains
unwavering.

File Description
Document
Upload Additional information
View Document
 
2.6 Student Performance and Learning Outcomes
 2.6.1 
Programme Outcomes (POs) and Course Outcomes (COs) for all Programmes offered by the
institution are stated and displayed on website
Response: 
Outcome-Based Education (OBE) is a learner-centric educational theory that places emphasis on the
individual learner. It provides each student with opportunities to develop skills at their own pace, engage
in collaboration, gather evidence of learning, and foster the attributes needed to become successful
lifelong learners. In alignment with OBE principles, Program-Specific Outcomes (PSOs), Program
Outcomes (POs), and Course Outcomes (COs) are formulated. Each department in our institute formulates its own PSOs and Program Educational Objectives (PEOs),
aligning them with the Graduate Attributes mandated by the National Board of Accreditation (NBA). This process incorporates valuable inputs from stakeholders, taking into consideration the latest
technological demands, job prospects, and societal requirements. Course outcomes are articulated statements that outlines the fundamental disciplinary knowledge and
abilities, students should acquire, specifying the expected learning level upon completing a course. Page 31/76
22-03-2024 11:38:25"
MHSSCE_00318,MHSSCOE-SSR.pdf,general,32,1,,"The communication of Program Outcomes (POs) and Program-Specific Outcomes (PSOs) is
disseminated through various channels, including:
Use of Digital Media:
Institute's Website
Utilization of print media
Term Work File
File Description
Document
Provide Link for Additional information
View Document
 2.6.2 
Attainment of POs and COs are evaluated. Explain with evidence in a maximum of 500 words
Response: 
The institute systematically assesses Program Outcomes (POs) and Course Outcomes (COs) to foster
excellence in engineering education. The assessment process involves continuous data collection during
each semester, evaluating students' knowledge and understanding of respective subjects. Continuous
evaluation not only measures student performance but also provides an avenue for improving teaching-
learning standards. Prescribed course outcomes from the university are adapted by different faculties to
suit specific needs. Tools for Continuous Evaluation:
Continuous evaluation tools are categorized into Direct Assessment and Indirect Assessment. Direct Assessment Components:
1.IAE Exam: Two exams of 15/20 marks each are conducted in the semester, with the average
marks considered. Question papers adhere to assessment patterns and blueprints. 2.End Semester Exam: Results from end semester examinations contribute to the assessment. 3.Experiments/Assignments: Designed for different modules to cover a wide range of COs and
POs."
MHSSCE_00319,MHSSCOE-SSR.pdf,general,32,2,,"Question papers adhere to assessment patterns and blueprints. 2.End Semester Exam: Results from end semester examinations contribute to the assessment. 3.Experiments/Assignments: Designed for different modules to cover a wide range of COs and
POs.

4.Practical and Orals: Conducted according to the curriculum. These exams assess practical skills
and oral communication. Indirect Assessment Components:
Page 32/76
22-03-2024 11:38:25"
MHSSCE_00320,MHSSCOE-SSR.pdf,general,33,1,,"1.Course Exit Survey: A subject-wise survey conducted at the end of every semester provides
insights into learning outcomes. For all assessment components, questions in IAE exams, assignments, and end semester exams are
mapped to specific COs. CO attainment is calculated using a threshold value based on the average of
internal and external evaluations for the current academic year. CO-wise cut-off values are determined,
considering the highest marks secured for each CO. The number of students with internal marks above
the cut-off value is considered for rating CO attainment on three levels such as Level 1, 2, or 3. Mapping of COs to POs and PSOs is done in a CO-PO matrix, evaluating curriculum and program
outcomes at three levels. These levels determine the contribution of the course to achieving program
outcomes. For example, Level 1, 2, or 3 is defined based on the percentage of students scoring above the
calculated threshold value. After calculation, this level is multiplied by the respective weightage of that
component to determine its attainment. If one PO is attained by COs from different tools, the average of
these COs represent the PO attainment. This comprehensive approach ensures a thorough assessment that contributes to continuous improvement
in engineering education programs."
MHSSCE_00321,MHSSCOE-SSR.pdf,general,33,2,2022-23,"If one PO is attained by COs from different tools, the average of
these COs represent the PO attainment. This comprehensive approach ensures a thorough assessment that contributes to continuous improvement
in engineering education programs.

File Description
Document
Upload Additional information
View Document
 2.6.3 
Pass percentage of Students during last five years (excluding backlog students)
Response: 94.94
2.6.3.1 Number of final year students who passed the university examination year wise during the
last five years
 2022-23
2021-22
2020-21
2019-20
2018-19
373
424
504
473
457
2.6.3.2 Number of final year students who appeared for the university examination year-wise
during the last five years
 2022-23
2021-22
2020-21
2019-20
2018-19
436
455
509
473
477
Page 33/76
22-03-2024 11:38:25"
MHSSCE_00322,MHSSCOE-SSR.pdf,general,34,1,,"File Description
Document
Institutional data in the prescribed format
View Document
Certified report from Controller Examination of the
affiliating university indicating pass percentage of
students of the final year (final semester) eligible
for the degree programwise / year-wise.
View Document
 
2.7 Student Satisfaction Survey
 2.7.1 
Online student satisfaction survey regarding teaching learning process
Response: 3.44
File Description
Document
Upload database of all students on roll as per data
template
View Document
Page 34/76
22-03-2024 11:38:25"
MHSSCE_00323,MHSSCOE-SSR.pdf,general,35,1,2022-23,"Criterion 3 - Research, Innovations and Extension
 
3.1 Resource Mobilization for Research
 3.1.1 
Grants received from Government and non-governmental agencies for research projects / endowments
in the institution during the last five years (INR in Lakhs)
Response: 0
3.1.1.1 Total Grants from Government and non-governmental agencies for research projects /
endowments in the institution during the last five years (INR in Lakhs)
 2022-23
2021-22
2020-21
2019-20
2018-19
0
0
0
0
0
File Description
Document
Institutional data in the prescribed format
View Document
 
3.2 Innovation Ecosystem
 3.2.1 
Institution has created an ecosystem for innovations, Indian Knowledge System (IKS),including
awareness about IPR, establishment of IPR cell, Incubation centre and other initiatives for the
creation and transfer of knowledge/technology and the outcomes of the same are evident
Response: 
Innovation is the integration and utilization of value-added uniqueness in the growth of products and
services. Incubation, a process stimulated through focused effort, yields novel ideas. Our institute fosters
an enabling environment for a research culture, providing essential research infrastructure and support. The commitment to innovation and incubation is evident through the establishment of the Research and
Development Cell (R&D Cell) and Entrepreneurship Development Cell (EDC)."
MHSSCE_00324,MHSSCOE-SSR.pdf,general,35,2,,"research culture, providing essential research infrastructure and support. The commitment to innovation and incubation is evident through the establishment of the Research and
Development Cell (R&D Cell) and Entrepreneurship Development Cell (EDC).

Through the Research &
Development (R&D) committee, the institute addresses the needs of researchers, facilitates information
distribution related to funding schemes, and empowers faculty members to formulate research proposals
for funding. At the undergraduate level, the institute encourages students to undertake innovative projects, some of
which involve real-time collaborations with industry and society. This approach has successfully
nurtured a research-oriented environment. The library, well-equipped with reference books, standard
National & International Journals, and e-Journals (del.net, NPTEL videos hard disc), facilitates extensive
literature reviews. Students also have access to the IIT Bombay Library through annual membership,
Page 35/76
22-03-2024 11:38:25"
MHSSCE_00325,MHSSCOE-SSR.pdf,general,36,1,,"providing them with opportunities to stay informed about global developments. The institute has established a platform for innovative projects through the EDC. The EDC organizes
events such as EDC Week, Awareness Seminars on Startup Policies and Funding, Presentations of
Innovative Ideas, Students Workforce Development Program, Intra-college Innovation Challenge, Poster
Designing Competitions, Seminars on Business Models, Group Discussions, Business Skills Quizzes,
and Innovative Idea Generation Competitions. The institute cultivates a research culture, with many faculty members and students actively engaged in
research work. Presently, the faculty list boasts 21 doctorates, and ten faculty members are pursuing
doctoral degrees. The institute encourages collaboration by allowing faculty from other institutes and
industry experts to associate with our faculty for guidance and consultancy. Numerous workshops are
organized to integrate and share knowledge for both teachers and students. Well-equipped laboratories
provide the necessary infrastructure for research, and various initiatives for knowledge creation and
transfer are undertaken, including a multitude of industry-related projects integrated into the academic
curriculum."
MHSSCE_00326,MHSSCOE-SSR.pdf,general,36,2,2022-23,"Well-equipped laboratories
provide the necessary infrastructure for research, and various initiatives for knowledge creation and
transfer are undertaken, including a multitude of industry-related projects integrated into the academic
curriculum.

File Description
Document
Provide Link for Additional information
View Document
 3.2.2 
Number of workshops/seminars/conferences including on Research Methodology, Intellectual
Property Rights (IPR) and entrepreneurship conducted during the last five years
Response: 2
3.2.2.1 Total number of workshops/seminars/conferences including programs conducted on
Research Methodology, Intellectual Property Rights (IPR) and entrepreneurship year wise during
last five years
 2022-23
2021-22
2020-21
2019-20
2018-19
0
0
0
0
2
File Description
Document
Institutional data in the prescribed format
View Document
 
3.3 Research Publications and Awards
 3.3.1 
Page 36/76
22-03-2024 11:38:25"
MHSSCE_00327,MHSSCOE-SSR.pdf,general,37,1,2022-23,"Number of research papers published per teacher in the Journals notified on UGC care list during
the last five years
Response: 0.66
3.3.1.1 Number of research papers in the Journals notified on UGC CARE list year wise during the
last five years
 2022-23
2021-22
2020-21
2019-20
2018-19
10
16
15
3
25
File Description
Document
Institutional data in the prescribed format
View Document
 3.3.2 
Number of books and chapters in edited volumes/books published and papers published in
national/ international conference proceedings per teacher during last five years
Response: 0.15
3.3.2.1 Total number of books and chapters in edited volumes/books published and papers in
national/ international conference proceedings year wise during last five years
 2022-23
2021-22
2020-21
2019-20
2018-19
1
4
3
4
4
File Description
Document
Institutional data in the prescribed format
View Document
 
3.4 Extension Activities
 3.4.1 
Outcomes of Extension activities in the neighborhood community in terms of impact and
sensitizing the students to social issues for their holistic development during the last five years.
Response: 
Over the preceding five years, M. H. Saboo Siddik College of Engineering has served as a catalyst for
Page 37/76
22-03-2024 11:38:25"
MHSSCE_00328,MHSSCOE-SSR.pdf,general,38,1,,"positive transformation within the local community through a range of impactful extension activities. These initiatives, including clean-up drives at Chowpatty Beach, blood donation campaigns, educational
outreach programs, Swachh Bharat Summer Internship Courses, and plantation drives, highlight the
college's active involvement in creating a lasting impact. This essay examines the outcomes of these
extension activities. The clean-up drives orchestrated by M. H. Saboo Siddik College at Chowpatty Beach have significantly
influenced both the environment and participating students. The consistent engagement of students in
these activities has not only contributed to a cleaner and more visually appealing beach but has also
instilled a sense of environmental responsibility among participants. The blood donation drives, organized by the Student’s Association of College of Engineering (SACE)
committee in collaboration with Giants Group and BYL Nair Hospital Blood Bank, have resulted in
significant positive outcomes. Beyond the lives saved through blood donations, these initiatives have
sensitized students to the critical healthcare needs of the community. Participation in such activities
instills a sense of empathy and social responsibility, making students more aware of their contribution to
societal well-being. The K12 Program, designed to engage with school students, has left a lasting impact on both college
students and youngsters in the local community."
MHSSCE_00329,MHSSCOE-SSR.pdf,general,38,2,,"and social responsibility, making students more aware of their contribution to
societal well-being. The K12 Program, designed to engage with school students, has left a lasting impact on both college
students and youngsters in the local community.

Through mentorship sessions, workshops, and
interactive programs, college students have played a pivotal role in shaping the academic and personal
development of school students. Positive outcomes include an increased aspiration for higher education,
improved learning outcomes. The Swachh Bharat Summer Internship Course conducted by M. H. Saboo Siddik College has not only
contributed to the national cleanliness agenda but has also sensitized students to broader issues of
sanitation and hygiene. Engaging in practical activities during the internship, students have developed a
deeper understanding of the challenges faced by communities in maintaining cleanliness. This first-hand
experience has impacted students' perspectives and equipped them with the knowledge and motivation to
be agents of change in promoting hygiene practices. The plantation drive within the college campus has yielded visible positive outcomes for both the
environment and the students. The increased green cover not only contributes to a more sustainable
campus but also serves as an educational tool. Students involved in the plantation drive have gained
insights into environmental conservation and the significance of preserving biodiversity. Collectively, these extension activities have played a crucial role in sensitizing students to social issues
and fostering their holistic development."
MHSSCE_00330,MHSSCOE-SSR.pdf,general,38,3,,"gained
insights into environmental conservation and the significance of preserving biodiversity. Collectively, these extension activities have played a crucial role in sensitizing students to social issues
and fostering their holistic development.

These hands-on experiences extend beyond the traditional
classroom setting, providing students with a practical understanding of societal challenges and their role
in addressing them. The exposure to diverse community issues has contributed to the development of
empathy, leadership skills, and a sense of civic responsibility among students. In conclusion, the outcomes of M. H. Saboo Siddik College of Engineering's extension activities over the
last five years underscore the institution's commitment to community engagement and holistic student
development. Page 38/76
22-03-2024 11:38:25"
MHSSCE_00331,MHSSCOE-SSR.pdf,general,39,1,,"File Description
Document
Provide Link for Additional information
View Document
 3.4.2 
Awards and recognitions received for extension activities from government / government
recognised bodies
Response: 
M. H. Saboo Siddik College of Engineering, located in the vibrant city of Mumbai, has emerged as a
beacon of social responsibility, spearheading numerous extension activities aimed at community
development. The institution's dedication to impactful initiatives such as clean-up drives, blood donation
campaigns, educational outreach programs, Swachh Bharat Summer Internship, and plantation drives,
reflects its commitment to creating a positive and sustainable impact. M. H. Saboo Siddik College's commitment to environmental stewardship is evident through its annual
clean-up drive at Chowpaty Beach. Engaging students and faculty, this initiative not only contributes to
the physical cleanliness of the beach but also fosters a sense of environmental responsibility among
participants. By actively involving the college community in such endeavours, the institution promotes a
culture of respect for the environment and a commitment to maintaining the beauty of public spaces. The Student’s Association of College of Engineering (SACE) committee at M. H. Saboo Siddik College
has played a pivotal role in organizing blood donation drives in collaboration with Giants Group of
Byculla and BYL Nair Hospital Blood Bank, Mumbai."
MHSSCE_00332,MHSSCOE-SSR.pdf,general,39,2,,"The Student’s Association of College of Engineering (SACE) committee at M. H. Saboo Siddik College
has played a pivotal role in organizing blood donation drives in collaboration with Giants Group of
Byculla and BYL Nair Hospital Blood Bank, Mumbai.

This initiative underscores the institution's
dedication to addressing critical healthcare needs in the community. Recognizing the transformative power of education, M. H. Saboo Siddik College has instituted the K12
program to engage with school students. Through workshops, mentorship sessions, and interactive
programs, the college aims to enhance the academic and personal development of school students. In line with the national Swachh Bharat Abhiyan, M. H. Saboo Siddik College conducted a Swachh
Bharat Summer Internship Course of 100 hours duration between 1st May to 31st July 2018. This
initiative aimed at instilling a sense of civic responsibility and cleanliness among the participants. Recognizing the importance of green initiatives, M. H. Saboo Siddik College has actively participated in
a plantation drive within its campus. By planting trees and promoting environmental consciousness, the
college not only contributes to the local ecosystem but also educates students about the vital role they
play in ensuring a sustainable future. While M. H. Saboo Siddik College has not received formal recognition from government or government-
recognized bodies for these extension activities, the intrinsic value of these initiatives lies in the positive
impact they have on the community. The absence of awards does not diminish the tangible benefits these
programs bring to the environment, healthcare, education, and community well-being. M. H."
MHSSCE_00333,MHSSCOE-SSR.pdf,general,39,3,,"value of these initiatives lies in the positive
impact they have on the community. The absence of awards does not diminish the tangible benefits these
programs bring to the environment, healthcare, education, and community well-being. M. H.

Saboo Siddik College of Engineering exemplifies the spirit of compassionate engagement with the
Page 39/76
22-03-2024 11:38:25"
MHSSCE_00334,MHSSCOE-SSR.pdf,general,40,1,2022-23,"community through its diverse extension activities. The institution's commitment to initiatives such as
clean-up drives, blood donation campaigns, educational outreach, Swachh Bharat initiatives, and
plantation drives reflects its dedication to creating a positive and sustainable impact on society.
 3.4.3 
Number of extension and outreach programs conducted by the institution through organized forums
including NSS/NCC with involvement of community during the last five years.
Response: 9
3.4.3.1 Number of extension and outreach Programs conducted in collaboration with industry,
community, and Non- Government Organizations through NSS/ NCC etc., year wise during the
last five years
 2022-23
2021-22
2020-21
2019-20
2018-19
3
2
0
2
2
File Description
Document
Institutional data in the prescribed format
View Document
 
3.5 Collaboration
 3.5.1 
Number of functional MoUs/linkages with institutions/ industries in India and abroad for internship,
on-the-job training, project work, student / faculty exchange and collaborative research during the last
five years.
Response: 10
File Description
Document
Institutional data in the prescribed format
View Document
Page 40/76
22-03-2024 11:38:25"
MHSSCE_00335,MHSSCOE-SSR.pdf,general,41,1,,"Criterion 4 - Infrastructure and Learning Resources
 
4.1 Physical Facilities
 4.1.1 
The Institution has adequate infrastructure and other facilities for,
teaching – learning, viz., classrooms, laboratories, computing equipment etc
ICT – enabled facilities such as smart class, LMS etc. Facilities for Cultural and sports activities, yoga centre, games (indoor and outdoor), Gymnasium,
auditorium etc (Describe the adequacy of facilities in maximum of 500 words.)
Response: 
The college offers a comprehensive range of physical facilities, encompassing classrooms, laboratories,
and computer resources, to cater to the needs of enrolled students. These facilities, which include boards
and furniture, serve not only the student body but are also made accessible to government and non-
government organizations for conducting examinations. The institution boasts a sufficient number of
desktops equipped with internet facilities, enabling both students and staff to utilize computer systems
for various purposes. The presence of ICT classrooms equipped with LCD projectors enhances the overall learning experience
across all classrooms. Additionally, the college places emphasis on cultural and sports activities to foster
the holistic personality development of students. A well-furnished and spacious Gymnasium on the 4th
floor, provides indoor sports such as Pool Table, Table Tennis, Carom, and Chess."
MHSSCE_00336,MHSSCOE-SSR.pdf,general,41,2,,"places emphasis on cultural and sports activities to foster
the holistic personality development of students. A well-furnished and spacious Gymnasium on the 4th
floor, provides indoor sports such as Pool Table, Table Tennis, Carom, and Chess.

Outdoor sports
facilities, including box cricket, volleyball, throw ball, ring football, pro kabaddi, and tug of war, are
available on the college grounds. For specific events, additional venues are rented. The institution annually hosts an Inter-college sports festival named ""ASPIRE,"" featuring a diverse array
of indoor and outdoor games. The college has arranged sports such as Box Cricket, Ring Football, Throw
ball, Table Tennis, Carom, Chess, Arm Wrestling, Badminton, and more. The college has organized the
Pro-Kabaddi event in collaboration with the Maharashtra Kabaddi Association and Mumbai Upnagar
Kabaddi Association, drawing participation from teams across different colleges and securing
sponsorships. Furthermore, students actively engage in sports tournaments organized by the University of Mumbai and
at the inter-collegiate level. Yoga activities contribute to the overall well-being of students and are
conducted in the Alma Latifi hall of the Institute.""
 
 4.1.2 
Percentage of expenditure for infrastructure development and augmentation excluding salary during
the last five years 
Page 41/76
22-03-2024 11:38:25"
MHSSCE_00337,MHSSCOE-SSR.pdf,general,42,1,2022-23,"Response: 18.77
4.1.2.1 Expenditure for infrastructure development and augmentation, excluding salary year wise
during last five years (INR in lakhs) 
 2022-23
2021-22
2020-21
2019-20
2018-19
8.31168
5.53037
76.46408
46.38705
169.08320
File Description
Document
Institutional data in the prescribed format
View Document
 
4.2 Library as a Learning Resource
 4.2.1 
Library is automated with digital facilities using Integrated Library Management System (ILMS),
adequate subscriptions to e-resources and journals are made. The library is optimally used by the
faculty and students
Response: 
The institute's central library is fully computerized with the Library Information Management Software
(SLIM). It houses an extensive collection of print resources, including books, periodicals, newspapers,
magazines, reference materials, journals, databases, and more. The computerization of the library
commenced in 2002 with SLIM++, later upgraded to SLIM21. The central library boasts a significant collection of rare books, encyclopedias, dictionaries, and
handbooks. It is well-equipped with e-resources such as e-journals, e-books, and databases with remote
access capabilities. The reading room, accommodating one hundred and fifty seats, is well-maintained. Rare Books: The library holds around 100 rare books, including 50 books published by Mir Publishers,
with a link on the website for books from the Soviet Era."
MHSSCE_00338,MHSSCOE-SSR.pdf,general,42,2,,"The reading room, accommodating one hundred and fifty seats, is well-maintained. Rare Books: The library holds around 100 rare books, including 50 books published by Mir Publishers,
with a link on the website for books from the Soviet Era.

Encyclopedias / Atlases: Notable collections include the McGraw Hill Encyclopedia of Science and
Technology (20 Volumes), Colliers Encyclopedia (24 Volumes), and other single-volume encyclopedias,
totaling 55 volumes, along with one world Atlas. Dictionaries: The library possesses language, visual, encyclopedic, and technical terms dictionaries,
totaling more than 30. Handbooks: An excellent collection of handbooks, numbering more than 260, is available in the central
library. Reference Books: The central library houses more than 32,258 (Total titles - 13,149) print books, with
Page 42/76
22-03-2024 11:38:25"
MHSSCE_00339,MHSSCOE-SSR.pdf,general,43,1,,"approximately 6,885 of them categorized as reference books. The institution subscribes to e-resources, including e-journals, e-Shodh Sindhu, Shodhganga
membership, e-books, and databases. Remote Access to E-Resources: To extend access beyond physical locations, the library provides off-
campus (remote) access to subscribed e-resources through RemoteXS service. This user-friendly service
requires no configuration or specific devices, allowing registered users - faculty and students - to access e-
resources directly after a simple registration process. Federated Search: The library offers federated search technology, allowing simultaneous searches
across multiple databases, enhancing users' ability to find relevant information efficiently. This feature is
facilitated through RemoteXS. E-Book Bank Facility: Every student has an access to over 800 Indian e-books and 6,100 international
reference and textbooks 24/7. Top of Form
 
 
File Description
Document
Provide Link for Additional information
View Document
 
4.3 IT Infrastructure
 4.3.1 
Institution frequently updates its IT facilities and provides sufficient bandwidth for internet
connection
Describe IT facilities including Wi-Fi with date and nature of updation, available internet bandwidth
within a maximum of 500 words
Response: 
Technology plays a pivotal role in the field of engineering, and our IT infrastructure is designed to cater
to the diverse needs of stakeholders."
MHSSCE_00340,MHSSCOE-SSR.pdf,general,43,2,,"with date and nature of updation, available internet bandwidth
within a maximum of 500 words
Response: 
Technology plays a pivotal role in the field of engineering, and our IT infrastructure is designed to cater
to the diverse needs of stakeholders.

The hardware component comprises high-configuration servers, a
Gajshield GS160dc firewall for enhanced security, access points, and a computing fleet of 790 machines,
encompassing both desktops and laptops from reputable brands such as Dell, Lenovo, and HP. On the software front, each system is equipped with genuine operating systems, featuring licensed
software tailored to syllabus requirements. The institute promotes the use of open-source software,
Page 43/76
22-03-2024 11:38:25"
MHSSCE_00341,MHSSCOE-SSR.pdf,general,44,1,,"incorporating Linux-based Ubuntu in some labs, and utilizes alternatives like Libre Office, Sci Lab 7zip,
and Chrome. In addition to above, softwares including, Solid works, ANSYS, StaddPro, Microsoft SQL
Server, and Tally ERP, is procured as per the specific needs of academic and research activities. For internet connectivity, the institute offers a high-speed leased line connection from reputable
providers such as Jio/AirTel. The robust infrastructure includes reliable fiber optic cables distributed
across the campus, complemented by non-fiber media. High-speed CAT 6 cables and D-Link switches
efficiently support internet and intranet connections, configured based on specific requirements. In addition to wired connectivity, the institute ensures wireless access through a partnership with Jio
Digital Life/Airtel, providing 24/7 free Wi-Fi for students and staff. This initiative, aligning with the
digital India campaign, offers 35 MB of daily free usage per user for one year, extendable as needed. To
adhere to Government of India directives, access to objectionable websites is restricted. The institution is
equipped with a bandwidth upto 1GB, ensuring seamless internet services to meet the demands of our
academic and research endeavors."
MHSSCE_00342,MHSSCOE-SSR.pdf,general,44,2,,"To
adhere to Government of India directives, access to objectionable websites is restricted. The institution is
equipped with a bandwidth upto 1GB, ensuring seamless internet services to meet the demands of our
academic and research endeavors.

4.3.2 
Student – Computer ratio (Data for the latest completed academic year)
Response: 2.83
4.3.2.1 Number of computers available for students usage during the latest completed academic
year:
Response: 560
File Description
Document
Purchased Bills/Copies highlighting the number of
computers purchased
View Document
Extracts stock register/ highlighting the computers
issued to respective departments for student’s
usage. View Document
 
4.4 Maintenance of Campus Infrastructure
 4.4.1 
Percentage expenditure incurred on maintenance of physical facilities and academic support facilities
excluding salary component, during the last five years (INR in Lakhs)
Response: 2.91
4.4.1.1 Expenditure incurred on maintenance of infrastructure (physical facilities and academic
support facilities) excluding salary component year wise during the last five years (INR in lakhs)
Page 44/76
22-03-2024 11:38:25"
MHSSCE_00343,MHSSCOE-SSR.pdf,general,45,1,2022-23,"2022-23
2021-22
2020-21
2019-20
2018-19
7.46936
10.22094
3.52728
16.65057
9.56358
File Description
Document
Institutional data in the prescribed format
View Document
Page 45/76
22-03-2024 11:38:25"
MHSSCE_00344,MHSSCOE-SSR.pdf,general,46,1,2022-23,"Criterion 5 - Student Support and Progression
 
5.1 Student Support
 5.1.1 
Percentage of students benefited by scholarships and freeships provided by the institution, government
and non-government bodies, industries, individuals, philanthropists during the last five years
Response: 78.55
5.1.1.1 Number of students benefited by scholarships and freeships provided by the institution,
Government and non-government bodies, industries, individuals, philanthropists during the last
five years
 2022-23
2021-22
2020-21
2019-20
2018-19
1131
1137
1392
1408
1245
File Description
Document
Year-wise list of beneficiary students in each
scheme duly signed by the competent authority.
View Document
Upload Sanction letter of scholarship and free ships
(along with English translated version if it is in
regional language).
View Document
Upload policy document of the HEI for award of
scholarship and freeships.
View Document
Institutional data in the prescribed format
View Document
 5.1.2 
Following capacity development and skills enhancement activities are organised for improving
students’ capability 
1.Soft skills 
2.Language and communication skills 
3.Life skills (Yoga, physical fitness, health and hygiene) 
4.ICT/computing skills
Response: A. All of the above
Page 46/76
22-03-2024 11:38:25"
MHSSCE_00345,MHSSCOE-SSR.pdf,general,47,1,2022-23,"File Description
Document
Report with photographs on Programmes /activities
conducted to enhance soft skills, Language and
communication skills, and Life skills (Yoga,
physical fitness, health and hygiene, self-
employment and entrepreneurial skills)
View Document
Report with photographs on ICT/computing skills
enhancement programs
View Document
Institutional data in the prescribed format
View Document
 5.1.3 
Percentage of students benefitted by guidance for competitive examinations and career counseling
offered by the Institution during the last five years
Response: 27.91
5.1.3.1 Number of students benefitted by guidance for competitive examinations and career
counselling offered by the institution year wise during last five years
 2022-23
2021-22
2020-21
2019-20
2018-19
196
498
599
144
806
File Description
Document
Upload supporting document
View Document
Institutional data in the prescribed format
View Document
 5.1.4 
The institution adopts the following for redressal of student grievances including sexual harassment
and ragging cases 
1.Implementation of guidelines of statutory/regulatory bodies 
2.Organisation wide awareness and undertakings on policies with zero tolerance 
3.Mechanisms for submission of online/offline students’ grievances 
4.Timely redressal of the grievances through appropriate committees
Response: A. All of the above
Page 47/76
22-03-2024 11:38:25"
MHSSCE_00346,MHSSCOE-SSR.pdf,general,48,1,2022-23,"File Description
Document
Proof w.r.t Organisation wide awareness and
undertakings on policies with zero tolerance
View Document
Proof related to Mechanisms for submission of
online/offline students’ grievances
View Document
Proof for Implementation of guidelines of
statutory/regulatory bodies
View Document
Details of statutory/regulatory Committees (to be
notified in institutional website also)
View Document
Annual report of the committee motioning the
activities and number of grievances redressed to
prove timely redressal of the grievances
View Document
 
5.2 Student Progression
 5.2.1 
Percentage of placement of outgoing students and students progressing to higher education during
the last five years
Response: 37.56
5.2.1.1 Number of outgoing students placed and / or progressed to higher education year wise
during the last five years
 2022-23
2021-22
2020-21
2019-20
2018-19
97
219
197
182
143
5.2.1.2 Number of outgoing students year wise during the last five years
 2022-23
2021-22
2020-21
2019-20
2018-19
373
424
504
473
457
Page 48/76
22-03-2024 11:38:25"
MHSSCE_00347,MHSSCOE-SSR.pdf,general,49,1,2022-23,"File Description
Document
Number and List of students placed along with
placement details such as name of the company,
compensation, etc and links to Placement order(the
above list should be available on institutional
website)
View Document
List of students progressing for Higher Education,
with details of program and institution that they
are/have enrolled along with links to proof of
continuation in higher education.(the above list
should be available on institutional website)
View Document
Institutional data in the prescribed format
View Document
 5.2.2 
Percentage of students qualifying in state/national/ international level examinations during the last
five years 
Response: 3.16
5.2.2.1 Number of students qualifying in state/ national/ international level examinations year wise
during last five years (eg: IIT/JAM/NET/SLET/GATE/GMAT/GPAT/CLAT/CAT/ GRE/TOEFL/
IELTS/Civil Services/State government examinations etc.)
 2022-23
2021-22
2020-21
2019-20
2018-19
8
7
9
10
10
File Description
Document
List of students qualified year wise under each
category and links to Qualifying Certificates of the
students taking the examination
View Document
Institutional data in the prescribed format
View Document
 
5.3 Student Participation and Activities
 5.3.1 
Number of awards/medals for outstanding performance in sports/ cultural activities at University /
state/ national / international level (award for a team event should be counted as one) during the
last five years
Page"
MHSSCE_00348,MHSSCOE-SSR.pdf,general,49,2,,"and Activities
 5.3.1 
Number of awards/medals for outstanding performance in sports/ cultural activities at University /
state/ national / international level (award for a team event should be counted as one) during the
last five years
Page

cipation and Activities
 5.3.1 
Number of awards/medals for outstanding performance in sports/ cultural activities at University /
state/ national / international level (award for a team event should be counted as one) during the
last five years
Page 49/76
22-03-2024 11:38:25"
MHSSCE_00349,MHSSCOE-SSR.pdf,general,50,1,2022-23,"Response: 14
5.3.1.1 Number of awards/medals for outstanding performance in sports/cultural activities at 
national/international level (award for a team event should be counted as one) year wise during the
last five years 
 2022-23
2021-22
2020-21
2019-20
2018-19
0
5
2
1
6
File Description
Document
Upload supporting document
View Document
Institutional data in the prescribed format
View Document
 5.3.2 
Average number of sports and cultural programs in which students of the Institution participated
during last five years (organised by the institution/other institutions)
Response: 3
5.3.2.1 Number of sports and cultural programs in which students of the Institution participated
year wise during last five years
 2022-23
2021-22
2020-21
2019-20
2018-19
6
6
0
0
3
File Description
Document
Upload supporting document
View Document
Institutional data in the prescribed format
View Document
 
5.4 Alumni Engagement
 5.4.1 
There is a registered Alumni Association that contributes significantly to the development of the
institution through financial and/or other support services
Response: 
Page 50/76
22-03-2024 11:38:25"
MHSSCE_00350,MHSSCOE-SSR.pdf,general,51,1,,"The College has registered an Alumni Association with Registration No. F-63234(MUMBAI). While
rejuvenating the memories of the college, a network of old student’s was achieved. The institution rests
on the rich history of the student’s success and glory. It is the flag bearer in the developments of the
institution. The Alumni organize lectures on various topics such as personality development, guidance
related to higher studies and career development. The alumni also help the institution by influencing
industries and other agencies in getting placements fests for the institution. The alumni appear for various
activities and their suggestions are taken into account. The Institution has a social networking page and a
separate link in the website where the Alumni can register and connect to share their ideas. Alumni Benefits for Students:
1.Personality Development Program
2.Career Advising
3.Industry Institute Interaction
4.Placement assistance, Project Assistance for final year students
5.Arranging seminar for TE/BE students
6.Financial Aid for paying Fees in case of Needy Students. Alumni Objectives:
To promote networking amongst A.I’s M.H.S.S.C.O.E. Alumni world-wide. To bridge the gap between students and industry by sharing alumni experiences. To interact with Alumni and invite them to different college events (Seminars, Workshops,
Faculty Development Programme(FDP), Short term training programme(STTP) etc) for academia
improvement."
MHSSCE_00351,MHSSCOE-SSR.pdf,general,51,2,,"students and industry by sharing alumni experiences. To interact with Alumni and invite them to different college events (Seminars, Workshops,
Faculty Development Programme(FDP), Short term training programme(STTP) etc) for academia
improvement.

To explore opportunities for training and placement. To generate information about products and services that alumni can offer for college and its
students. File Description
Document
Upload Additional information
View Document
Page 51/76
22-03-2024 11:38:25"
MHSSCE_00352,MHSSCOE-SSR.pdf,general,52,1,,"Criterion 6 - Governance, Leadership and Management
 
6.1 Institutional Vision and Leadership
 6.1.1 
The institutional governance and leadership are in accordance with the vision and mission of the
Institution and it is visible in various institutional practices such as NEP implementation, sustained
institutional growth, decentralization, participation in the institutional governance and in their short
term and long term Institutional Perspective Plan. Response: 
Anjuman-I-Islam, Mumbai was founded in the year 1874 by a small group of devout and progressive
Muslims led by none other than Dr. Badruddin Tyabji, Third President of Indian National Congress and
the First Acting Indian Chief Justice of Bombay High Court, with a ‘desire to see the Muslim
Community advance in education and social standing’. Vision of the Institute: 
To be an institute of global repute committed to the cause of nation building through technology based
education. Mission of the Institute:
To be enabler of creation and dissemination of futuristic knowledge in technology through research and
quality education. MHSSCE is governed by its Vision and Mission. The Vision and Mission have been developed with the
active participation of all internal members and stakeholders. It is set taking into consideration the
present day technical needs of the society and forecasting the future requirements in various
technological fields so as to become an element in the growth of the society and nation."
MHSSCE_00353,MHSSCOE-SSR.pdf,general,52,2,,"members and stakeholders. It is set taking into consideration the
present day technical needs of the society and forecasting the future requirements in various
technological fields so as to become an element in the growth of the society and nation.

The strong leadership of Management keeps the watch through Board of Vocational Training and
Education (BVTE) which is represented by Honorary Director and Principal, BVTE meetings are held
every quarterly and that monitors the formation of policies, implementations and regular function of the
institute as per the vision and Mission mentioned above. As such the college is affiliated to University of Mumbai (UoM), syllabus and examinations are
governed by UoM, however certain recommendations of NEP are already implemented few of them are:
(1) Creation of ABC ID (Academic Bank of Credits) for almost all students (2) Internship (3) Opting the
branches related to AI, IOT, Cyber security and Block Chain Technology (4) Free and Open Source
Software (FOSS). Institutional governance is successful in maintaining 30 long years trust among its all stakeholders. The
institute that started in 1984 with merely three branches and intake of 180 seats is now a success story by
itself with intake of 420 seats and seven branches. In accordance with the mission, new or futuristic
branches have been introduced and to make room for them few old branches have been closed without
Page 52/76
22-03-2024 11:38:25"
MHSSCE_00354,MHSSCOE-SSR.pdf,general,53,1,,"impacting the livelihood of teaching/non teaching staff.
The Institute has formed various committees that are constituted by various staff members and headed by
the Principal to promote academic leadership. Many committees also have representation of students on
the body. Some of the committees that are presently functioning in the institute are as follows –
1 College Development Committee (CDC)
2 IQAC
3. Examination Committee
4 Training and Placement
5 Research and Development Committee
 6 Student Council (SACE)
7. Purchase Committee
8. Student Grievance Committee
9. Anti Ragging Committee
10. Internal Complaints Committee
11. Woman Grievance Redressal Committee
12. SC/ST committee
 
6.2 Strategy Development and Deployment
 6.2.1 
The institutional perspective plan is effectively deployed and functioning of the institutional bodies is
effective and efficient as visible from policies, administrative setup, appointment, service rules, and
procedures, etc
Response: 
The perspective plan of the institute is developed based on Vision and Mission of the Institute in
consultation with stakeholders, management, College Development Committee (CDC) that includes
representation of members from industries, Principal, society representatives, three members elected
from teaching faculty, one member of non-teaching staff and student representatives keeping various
challenges and future needs.
Page 53/76
22-03-2024 11:38:25"
MHSSCE_00355,MHSSCOE-SSR.pdf,general,54,1,,"The perspective plan: 
The perspective plan includes policies, short and long term goals and a mechanism to implement the
policies and regularly monitor the progress in achieving the status of short term and long term goals. The goals are listed below:
Sr. No
Short Term Goals Status
Long Term Goals Status 
1
NBA Accreditation
to 
all 
 
eligible
branches and NAAC
for Institute
Expected 
visit 
in
Feb/Mar 2024 for
NBA
Full Admission in
Civil 
and
Mechanical
Engineering
Branches
Achieved 
in
Remaining Branches
only. 2
100% BE results in
all the branches
95% Achieved
Placement 
to 
all
except those who are
going 
for 
higher
studies
Not yet achieved
3
Ragging 
free
campus
Achieved
Best 
in 
class
infrastructure. Not yet achieved
4. Availability 
of
Industrial mentors to
each of the final year
student. Partially Achieved
Post 
graduation
facilities
Not yet achieved
5
Two 
MoUs 
with
Industries 
for 
all
branches
Achieved
Research 
and
Development Centre
Not yet achieved
6
Research funds from
Govt./ 
Industries
schemes. Not satisfactory
At 
least 
one
International patent
every year
Not yet achieved
7
Faculty 
Training
program every year
Partially Achieved At least two research
papers in SCOPUS /
peer 
reviewed
Journals by faculty
members 
Achieved
 
Perspective plan:
Planning and implementing quality enhancement initiative in the institution. Planning and implementation of ICT enabled labs, class rooms and preparation of teaching
material accordingly."
MHSSCE_00356,MHSSCOE-SSR.pdf,general,54,2,,"by faculty
members 
Achieved
 
Perspective plan:
Planning and implementing quality enhancement initiative in the institution. Planning and implementation of ICT enabled labs, class rooms and preparation of teaching
material accordingly.

Planning and implementation of paperless administration. To make ERP effective in teaching. Planning and implementation of Research activities essential for students and good number of
Page 54/76
22-03-2024 11:38:25"
MHSSCE_00357,MHSSCOE-SSR.pdf,general,55,1,,"publication in reputed journals. To plan for 100% placement. To have MoU’s with Industries. To have Centre of Excellence. Functioning bodies are classified in following categories:
[A] Administrative:
For Teaching and Non-teaching Staff all administrative Rules, Procedures and Policies are as per
directives or Norms of All India Council for Technical Education AICTE), New Delhi. GR from DTE,
Government of Maharashtra. Maharashtra University Act 2016 Statute of University of Mumbai and
other applicable governing authorities. [B] Academic:
Implementation of Academic policies and functioning as per policies is implemented through
Departmental Advisory Committee (DAC) and department level committees/ portfolios like Attendance,
Time table, Exam etc. [C] Students support: Internship and Placement 
The Training and Placement Section provides a launch pad for students to make it to the
best organizations in the fields of software, core industries, management, etc. Leading Recruiters:
TCS, L&T Infotech,Capgemini, Hexaware,Teradata which are software giants in corporate are the
leading recruiter for IT, Computer, EXTC and Electronic students. Mahindra & Mahindra Rustomjee,
Shaman Group and catapult reality is leading recruiter for Mechanical, Automobile and Civil engineering
students. 6.2.2 
Institution implements e-governance in its operations 
1.Administration 
2.Finance and Accounts 
3.Student Admission and Support 
4.Examination
Response: D."
MHSSCE_00358,MHSSCOE-SSR.pdf,general,55,2,,"is leading recruiter for Mechanical, Automobile and Civil engineering
students. 6.2.2 
Institution implements e-governance in its operations 
1.Administration 
2.Finance and Accounts 
3.Student Admission and Support 
4.Examination
Response: D.

1 of the above
Page 55/76
22-03-2024 11:38:25"
MHSSCE_00359,MHSSCOE-SSR.pdf,general,56,1,,"File Description
Document
Screen shots of user interfaces of each module
reflecting the name of the HEI
View Document
 
6.3 Faculty Empowerment Strategies
 6.3.1 
The institution has performance appraisal system, effective welfare measures for teaching and non-
teaching staff and avenues for career development/progression
Response: 
The institutes follow CAS rules laid down by University of Mumbai. Eligible staff members are required
to apply once they are eligible with all supporting details. The file is forwarded to a committee meant for
scrutiny and based on the recommendation CAS benefits are sanctioned. The Institution has effective welfare measures for teaching & non-teaching staff
Institute has adopted following staff welfare measures –
1. Gratuity is paid to Teaching & Non Teaching Staff, as per The Payment of Gratuity Act, 1972. 2. Benefits of Provident fund are extended to all employees with contributory pension under Employees’
Provident Funds and Miscellaneous Provident Act, 1952
3. Earned Leave Encashment is disbursed to staff. 4. Leave Travel Concession (LTC) facility is available to staff once in block period of two years. 5. Maternity leave facility – the benefits are extended to female employees as per norms. 6. Special long leaves under singular situations like cancer treatment. 7. Staff Insurance - Management, Anjuman-i-Islam has kindly consented to Employees Group Insurance
covering two policies viz Mediclaim Policy (Sum Insured Rs."
MHSSCE_00360,MHSSCOE-SSR.pdf,general,56,2,,"as per norms. 6. Special long leaves under singular situations like cancer treatment. 7. Staff Insurance - Management, Anjuman-i-Islam has kindly consented to Employees Group Insurance
covering two policies viz Mediclaim Policy (Sum Insured Rs.

1,50,000/- per person) and Workmen’s
Welfare Policy (Sum Insured Rs.1,00,000/- per person). The policies are having features like
hospitalization expenses (cashless/ reimbursement) reasonable and necessarily incurred for treatment of
illness/ disease or injury contracted/ sustaining during the policy period and covering Accidental death
Rs. 1 Lakh/ Permanent total disablement Rs. 1.50 Lakhs/ Accidental medical expenses cover Rs. 1 Lakh
respectively subject to the Exclusions and terms explained as per the copy of proposal from National
Insurance Co. Ltd., enclosed for perusal of the staff. The Insurance premium expenses for each individual
staff member are to be borne by the College and no deduction is made from employees’ salary. 8. Book Allowance to staff is reimbursed once claim is received from them. Page 56/76
22-03-2024 11:38:25"
MHSSCE_00361,MHSSCOE-SSR.pdf,general,57,1,2018-19,"9. Festival Advance facility is available to staff as per option availed by them. 10. Anjuman-I.Islam's Employees Coop. Credit Society, personal loan deduction facility is available to
member staff at a very low rate of interest. A table containing data for last 5 years towards expenditure on account of various staff welfare measures,
scheme and facility (stated above), is produced below. Faculty Empowerment Strategies
Service benefits, facility and welfare measures for Staff (All data in INR)
 
 Particular
2018-19
2019-20
2020-21
2021-22
2022-23
Gratuity
25,89,348
7159546
10627729
2422952
8292286
Management
Cont. to
Provident Fund
46,81,619
3884639
4239810
3603148
3144745
Leave
Encashment
90,573
-
-
-
1563129
Leave 
Travel
Concession 
–
LTC
41,335
17234
-
-
23736
Maternity Leave
to staff
-
535066
562496
2150738
2639636
Book Allowance 779
8268
1390
-
-
Festival Advance
to Staff
14,40,000
1520000
-
-
1280000
Insurance – Staff 4,77,128.00
477128
495229
-
-
Minority
Research Grant
84,000
307998
-
-
28622
A.I."
MHSSCE_00362,MHSSCOE-SSR.pdf,general,57,2,,"Leave
to staff
-
535066
562496
2150738
2639636
Book Allowance 779
8268
1390
-
-
Festival Advance
to Staff
14,40,000
1520000
-
-
1280000
Insurance – Staff 4,77,128.00
477128
495229
-
-
Minority
Research Grant
84,000
307998
-
-
28622
A.I.

Employees
Coop 
Credit
Society - loan
deduction
25,99,811
3061315
3519249
3932637
4206656
Meeting 
&
Seminar 
(Staff/
Students etc)
5,47,843
599066
156069
161451
420545
 6.3.2 
Percentage of teachers provided with financial support to attend conferences/workshops and
towards membership fee of professional bodies during the last five years
Response: 2.29
6.3.2.1 Number of teachers provided with financial support to attend conferences/workshops and
Page 57/76
22-03-2024 11:38:25"
MHSSCE_00363,MHSSCOE-SSR.pdf,general,58,1,2022-23,"towards membership fee of professional bodies year wise during the last five years
 2022-23
2021-22
2020-21
2019-20
2018-19
0
0
0
4
7
File Description
Document
Institutional data in the prescribed format
View Document
 6.3.3 
Percentage of teaching and non-teaching staff participating in Faculty development Programmes
(FDP), Management Development Programmes (MDPs) professional development /administrative
training programs during the last five years
Response: 10.71
6.3.3.1 Total number of teaching and non-teaching staff participating in Faculty development
Programmes (FDP), Management Development Programmes (MDPs) professional development
/administrative training programs during the last five years
 2022-23
2021-22
2020-21
2019-20
2018-19
16
22
28
30
7
6.3.3.2 Number of non-teaching staff year wise during the last five years
 2022-23
2021-22
2020-21
2019-20
2018-19
91
93
95
99
104
File Description
Document
Institutional data in the prescribed format
View Document
Copy of the certificates of the program attended by
teachers.
View Document
 
6.4 Financial Management and Resource Mobilization
 6.4.1 
Page 58/76
22-03-2024 11:38:25"
MHSSCE_00364,MHSSCOE-SSR.pdf,general,59,1,,"Institution has strategies for mobilization and optimal utilization of resources and funds from
various sources (government/ nongovernment organizations) and it conducts financial audits
regularly (internal and external)
Response: 
Funds are mobilized through –
Fee – Approved by Fee Regulating Authority (FRA)., Maharashtra (Tuition Fee and
Development Fee)
Fee for University levies - towards eligibility fees, enrolment fees, registration fees etc
Minority Research Grant – Received from University of Mumbai for research work of staff
Mobilization of Additional Funds & Resources – Revenue generated from technical services to
outside agencies is infused into organizational cash flow through utilization of existing
infrastructure, as under:
Project work, technical consultancy services as sanctioned by the Management, Anjuman-i-Islam,
to different departments and faculty members
Rental for conducting Seminar, Conference, Exams of outside agencies and organizations at the
institute
Financial assistance and scholarship to students (from Govt and financial support from private
agencies and NGOs to support students and research activities), through drives and setting up
special cells and concentrated efforts to support weaker sections of the students pay their fee
without disturbing their studies and also helping institute to keep its cash flow intact through
regular fee collection during academic year."
MHSSCE_00365,MHSSCOE-SSR.pdf,general,59,2,,"setting up
special cells and concentrated efforts to support weaker sections of the students pay their fee
without disturbing their studies and also helping institute to keep its cash flow intact through
regular fee collection during academic year.

Sponsorship from vendors, bankers and outside agencies to conduct seminar, workshop, students
fest, cultural and sports activities etc. Utilization of Funds and Resources is mainly for:
Students – providing them adequate infrastructure, lab equipments, tools, consumables,
computers, campus facility, books, internet, medical cover and other amenities etc.; as per norms
and guidelines of University/ AICTE and other authorities, besides sponsoring Team MHSSCE
for various competitions and competitive technical events at both National and International
levels. Staff – Salary (including allowances, gratuity, provident fund), medical cover, orientation
programs, workshop, FDPs, training program that ensure quality education
Infrastructure and Campus Development – Interior, renovation of labs and class rooms,
campus facilities and maintenance of Infrastructure. Maintenance of Infrastructure, Admin and Revenue Expenses – AMC for computers, lift, Air-
condition, and other assets, advertisement, and other operational expenses, overheads etc. File Description
Document
Upload Additional information
View Document
Page 59/76
22-03-2024 11:38:25"
MHSSCE_00366,MHSSCOE-SSR.pdf,general,60,1,,"6.5 Internal Quality Assurance System
 6.5.1 
Internal Quality Assurance Cell (IQAC) has contributed significantly for institutionalizing the
quality assurance strategies and processes. It reviews teaching learning process, structures &
methodologies of operations and learning outcomes at periodic intervals and records the
incremental improvement in various activities
Response: 
IQAC is formed in July 2023 and one meeting of IQAC has taken place in Oct 2023. Important points
that include (a) Mentoring the mentors (b) Academic audit (c) Placement especially in those branches
wherein poor placement record is reported were discussed. Impact of these steps are yet to be measured. File Description
Document
Upload Additional information
View Document
 6.5.2 
Quality assurance initiatives of the institution include:
1.Regular meeting of Internal Quality Assurance Cell (IQAC); quality improvement
initiatives identified and implemented
2.Academic and Administrative Audit (AAA) and follow-up action taken
3.Collaborative quality initiatives with other institution(s)
4.Participation in NIRF and other recognized rankings
5.Any other quality audit/accreditation recognized by state, national or international agencies
such as NAAC, NBA etc. Response: C. Any 2 of the above
File Description
Document
List of Collaborative quality initiatives with other
institution(s) along with brochures and geo-tagged
photos with caption and date."
MHSSCE_00367,MHSSCOE-SSR.pdf,general,60,2,,"national or international agencies
such as NAAC, NBA etc. Response: C. Any 2 of the above
File Description
Document
List of Collaborative quality initiatives with other
institution(s) along with brochures and geo-tagged
photos with caption and date.

View Document
Link to Minute of IQAC meetings, hosted on
HEI website
View Document
Page 60/76
22-03-2024 11:38:25"
MHSSCE_00368,MHSSCOE-SSR.pdf,general,61,1,,"Criterion 7 - Institutional Values and Best Practices
 
7.1 Institutional Values and Social Responsibilities
 7.1.1 
Institution has initiated the Gender Audit and measures for the promotion of gender equity during
the last five years. Describe the gender equity & sensitization in curricular and co-curricular activities, facilities for
women on campus etc., within 500 words
Response: 
M H Saboo Siddik College of Engineering, nestled in the vibrant city of Mumbai, stands as a beacon of
education, and within its walls it proudly embraces and exemplifies gender sensitivity through a myriad
of well-thought-out facilities and initiatives. Safety and Security, Counseling, Common Room, and the
Women's Development Cell are testaments to the institution's commitment to creating an inclusive and
supportive environment for all its students. a) Safety and Security:
M H Saboo Siddik College recognizes the importance of fostering an environment where every student
feels secure. We provide a healthy and safe educational environment for our students. The college invests
in robust safety measures, including well-lit pathways, strategically placed surveillance cameras, and
dedicated security personnel. Special attention is given to areas that might be considered vulnerable, such
as parking lots and secluded spots within the campus. We are maintaining discipline which makes them
comfortable and focused on studies as well as co-curricular activities."
MHSSCE_00369,MHSSCOE-SSR.pdf,general,61,2,,"attention is given to areas that might be considered vulnerable, such
as parking lots and secluded spots within the campus. We are maintaining discipline which makes them
comfortable and focused on studies as well as co-curricular activities.

For safety purposes, expensive
jewelry and articles are prohibited. Ragging is banned on campus and undertaking is filled online on the
following websites www.antiragging.com and www.amanmovement.org provided by AICTE. b) Counseling:
Institute has appointed counselors for counseling the students and staff that address the diverse needs
and challenges faced by students, with trained professionals.These counseling services extend beyond
academic advice to encompass mental health, stress management, and career guidance. Confidentiality is
paramount in the counseling services offered by the college, ensuring that students feel comfortable
sharing their concerns and seeking help without fear of judgment. Workshops and sessions on mental
health and well-being are organized regularly, fostering a culture of openness and proactive mental health
care thereby ensuring confidentiality and a non-judgmental atmosphere. c) Common Room:
Common room facility is provided for both boys and girls separately, creating inclusive common spaces
that cater to the diverse needs of all students.Furnishing these areas with comfortable seating, study
spaces, and recreational activities.The college ensures that the Common Room is not just a place for
Page 61/76
22-03-2024 11:38:25"
MHSSCE_00370,MHSSCOE-SSR.pdf,general,62,1,,"leisure but also a space that reflects the cultural and gender diversity of its student population. By
creating an inclusive and welcoming environment, college fosters a sense of belonging among its
students, regardless of their gender. d) Women's Development Cell:
Women's Development Cell (WDC) formed in the year 2019 serves as a catalyst for the holistic
development and empowerment of female students and staff. Through a series of workshops, seminars,
and events, the WDC addresses pertinent issues related to gender, career development and women safety. The cell provides a platform for open communication, allowing female students to express their
concerns, aspirations, and ideas. It acts as a support system, ensuring that female students have access to
resources and opportunities that contribute to their overall growth and success. By establishing the WDC,
M H Saboo Siddik College not only acknowledges the unique challenges faced by women but actively
works towards creating an environment where they can thrive. File Description
Document
Upload Additional information
View Document
Provide Link for Additional information
View Document
 7.1.2 
The Institution has facilities and initiatives for 
1.Alternate sources of energy and energy conservation measures 
2.Management of the various types of degradable and nondegradable waste 
3.Water conservation 
4.Green campus initiatives 
5.Disabled-friendly, barrier free environment
Response: A."
MHSSCE_00371,MHSSCOE-SSR.pdf,general,62,2,,"1.Alternate sources of energy and energy conservation measures 
2.Management of the various types of degradable and nondegradable waste 
3.Water conservation 
4.Green campus initiatives 
5.Disabled-friendly, barrier free environment
Response: A.

4 or All of the above
File Description
Document
Geo-tagged photographs/videos of the facilities. View Document
Circulars and report of activities for the
implementation of the initiatives document
View Document
Bills for the purchase of equipment’s for the
facilities created under this metric
View Document
 7.1.3 
Quality audits on environment and energy regularly undertaken by the Institution. The
institutional environment and energy initiatives are confirmed through the following 
Page 62/76
22-03-2024 11:38:25"
MHSSCE_00372,MHSSCOE-SSR.pdf,general,63,1,,"1.Green audit / Environment audit 
2.Energy audit 
3.Clean and green campus initiatives 
4.Beyond the campus environmental promotion activities
Response: D. Any 1 of the above
File Description
Document
Green audit/environmental audit report from
recognized bodies
View Document
Certificates of the awards received from recognized
agency (if any). View Document
 7.1.4 
Describe the Institutional efforts/initiatives in providing an inclusive environment i.e., tolerance
and harmony towards cultural, regional, linguistic, communal socioeconomic and Sensitization of
students and employees to the constitutional obligations: values, rights, duties and responsibilities
of citizens (Within 500 words)
Response: 
India is a country of Multiculturalism where people belong to different religious, racial, cultural and
lingual identities. Maintaining harmony and tolerance is not always easy as not everyone will share your
opinions, your lifestyle, and your beliefs. Nevertheless, the number one key to maintaining is Love,
Respect and Empathy for everyone. To promote harmony, our institute organizes many events for social
and community service. Institution organizes national festivals and birth / death anniversaries of the great Indian personalities. Teachers Day is celebrated in the college as a tribute to the national hero Dr. S. Radhakrishnan on his
birth anniversary 5th September. Students and staff organize the event and teachers are felicitated on this
occasion."
MHSSCE_00373,MHSSCOE-SSR.pdf,general,63,2,,"great Indian personalities. Teachers Day is celebrated in the college as a tribute to the national hero Dr. S. Radhakrishnan on his
birth anniversary 5th September. Students and staff organize the event and teachers are felicitated on this
occasion.

The college also celebrates Engineers Day on 15th September every year as a tribute to the
great Indian Engineer Bharat Ratna Mokshagundam Visvesvaraya. Students and staff organize different
activities for this day. Students and Staff organize events to imbibe universal values amongst the students. A social and
community service event provides students with the opportunity to become active members of their
community and has a lasting and positive impact on society at large. Community service events enable
students to acquire life skills and knowledge as well as provide a service to those who need it most. a. Blood Donation Drive: M. H. Saboo Siddik College of Engineering organizes blood donation drive
in association with Giants Group Byculla, private NGO and Nair Government Hospital, Mumbai
b. Charity Event for orphans: A charity event serves two purposes: to raise awareness and raise money. Donating to charity promotes love and empathy and encourages the other donors. Social Community
Service was conducted at Vatsalya Foundation & Orphanage at Madanpura, Mumbai. Page 63/76
22-03-2024 11:38:26"
MHSSCE_00374,MHSSCOE-SSR.pdf,general,64,1,,"c. Cultural Events: The key to respect, acceptance and appreciation of our forms of expression, our
ways of being human and of our rich diversity within cultures, is tolerance. To foster a spirit of tolerance,
it is important to engage in a diverse outlook of knowledge, openness, and communication, freedom of
thought and conscience. To celebrate it we have different cultural events at our college fest named
Ambrosia to develop the students emotionally and enhance their communal, social skills. Events like
rose day, saree day, traditional day, Gang Day are organized every year. Eid and Diwali Milan, Azadi ka
amrit Mahotsav is also celebrated. The Amrit Kalash Yatra, organized as part of the “Meri Mati Mera
Desh” campaign, was a significant and successful event aimed at promoting environmental awareness
and sustainability within our community. d. Seminars and workshops on Physical and Mental Health and Wellness: Poor mental health is a
risk factor for chronic physical conditions. It includes lifestyle behavior choices to ensure health, avoid
preventable diseases and conditions, and to live in a balanced state of body, mind, and spirit. M.H.Saboo
Siddik College of Engineering organizes workshops and seminars to help keep people aware of the
importance of good physical and mental health to have a happy and sound society."
MHSSCE_00375,MHSSCOE-SSR.pdf,general,64,2,,"and to live in a balanced state of body, mind, and spirit. M.H.Saboo
Siddik College of Engineering organizes workshops and seminars to help keep people aware of the
importance of good physical and mental health to have a happy and sound society.

File Description
Document
Upload Additional information
View Document
 
7.2 Best Practices
 7.2.1 
Describe two best practices successfully implemented by the Institution as per NAAC format
provided in the Manual
Response: 
1.Environmental Awareness
Title of the Practice: Motivating Students to create environmental awareness. Objective of the Practice: To create awareness among the students and apply engineering skills to
protect the environment. The Context: Growing environmental pollution has urged us to involve engineering students to be aware
and apply their skills to mitigate the impacts caused on humans and daily life stresses. It is necessary to
understand the environment as well as societal behavior to make the students understand the root cause. We have tried this by organizing cleanup drives and making students participate in Swachh Bharat
Abhiyan Summer Internship 2018. Social knowledge and engineering skills are helping the students to
design the remedies for issues of polluted water and solid waste management. The Practice: We organize a cleanup drive at Girgaum Chowpatty, Mumbai every year post Ganesh
Visarjan on Anant Chaturdashi. Students along with the staff members are accompanied on the Girgaum
Beach after the Visarjan cleanup drive takes place for cleaning the beach from solid waste in association
Page 64/76
22-03-2024 11:38:26"
MHSSCE_00376,MHSSCOE-SSR.pdf,general,65,1,2018-10,"with BrihanMumbai Mahanagarpalika. The programme Swachh Bharat Abhiyan Summer Internship was
inaugurated with Pledge taking ceremony and inauguration of compost pit and ornamentation of the
college through plantation drive and paintings were done in the college campus. Major list of event taken for “ZERO PREMISES PROMOTION”
1. Inauguration of Compost Pit on 11 th Oct 2017 - Environmental Awareness Workshop with a motive
of transforming our campus into a ZERO solid waste producing campus and educating its affiliates about
the environmental concerns and waste segregation. 2. Ornamentation inside campus – Paintings, posters for awareness plantation, cleanup drive and
exhibition. 3. Swachh Bharat Summer Internship-SBSI-2018-100HRS- Ministry of Human Resource Development
in association with the Ministry of Drinking Water and Sanitation has launched the Swachh Bharat
Summer Internship – 100 Hours of Swachhata. Adopted village kolhare, Dist Raigad and 53 students
with 16 staff members and Nodal Officer successfully completed 100 hours internship of SBSI. 4. Cleanup Drive- Post Ganesh Visarjan at Girgaon Chowpatty on 24th September 2018 was conducted
with 100 students and staff. This drive has been conducted since 2010 till date. 5."
MHSSCE_00377,MHSSCOE-SSR.pdf,general,65,2,,"Nodal Officer successfully completed 100 hours internship of SBSI. 4. Cleanup Drive- Post Ganesh Visarjan at Girgaon Chowpatty on 24th September 2018 was conducted
with 100 students and staff. This drive has been conducted since 2010 till date. 5.

Innovative ideas based on waste and engineering- Papercrete- The purpose of our project was to
make use of those solid wastes in construction by making eco-friendly light weight composite paper
bricks called “PAPERCRETE BRICKS” from recycled paper cups used in canteen. This includes the
production and to study the characteristics, strength parameter and durability of papercrete bricks in order
to use effectively and commercially in the construction industry so as to serve the purpose of solid waste
management and to protect the environment considerably reducing the quantity of waste generation. Evidence of Success:
There is increase in number of students participating in environment awareness program last five years. Also students are taking multidisciplinary approach by doing projects in it and core branches and
environment. 2. Employability
Title of the Practice: Program for Student Skills Development. Goal: To develop student’s skills required in the form of technical skills, soft skills, aptitude etc. The Context: Students of our institute are from different backgrounds, culture and environment and are
groomed for industry readiness. There is a lack of balance in University curriculum and the expectation
Page 65/76
22-03-2024 11:38:26"
MHSSCE_00378,MHSSCOE-SSR.pdf,general,66,1,2023-2024,"of the industry, so the skills that are required and that will help to bridge the gap between the Institute
and Industry are taught to create a balance. The Practice: There is a well defined program conducted every year for pre final year students in order
to make them interview and test ready for industry. Training sessions are organized for the students for
their skill development. Seminars are conducted by industry experts for soft skills development. Mock
interviews are conducted by inviting industry experts from various domains through experiential learning
students develop their interview and communication skills. This well defined program is conducted every year for pre final year students in order to make them
interview and test ready for industry. Class room training helps the students in improving their aptitude
skills that is usually the first step in the placement drive. To improvise soft skills, workshops and training
are held. The institute believes that soft skills is what will make the student represent themselves and
institute better to the outside world. Major list of program taken are as follows
1. “Student’s Training with Industry Leaders” (STIL) - The M. H. Saboo Siddik College of
Engineering has introduced a training program titled “Student’s Training with Industry Leaders” (STIL)
for the final year students from the academic year SH-2023-2024."
MHSSCE_00379,MHSSCOE-SSR.pdf,general,66,2,2023-2024,"Training with Industry Leaders” (STIL) - The M. H. Saboo Siddik College of
Engineering has introduced a training program titled “Student’s Training with Industry Leaders” (STIL)
for the final year students from the academic year SH-2023-2024.

The objective of the training through seminars/webinars and workshops is to enhance and improve the
skill set and knowledge of engineering students. The training will boost their performance and
consequently benefit them to meet their career objectives. The Training helps learners to acquire the
latest techniques, skills, and methodologies and to build a strong foundation for their career growth. 2. Industry Mentoring Program (IMP)– An Industry Mentoring Program is a structured initiative that
connects students with experienced mentors from their respective industry. This program aims to foster
professional development by providing guidance, knowledge transfer, and networking opportunities,
ultimately enhancing the mentees' career prospects. Through regular interactions and personalized
guidance, participants in an Industry Mentoring Program gain valuable insights, build industry
connections, and navigate their career paths with greater confidence and success. Evidence of Success: The institute not only focuses on placement but also promotes higher studies. The
record of the last five years is given below. Year
2022-23
2021-22
2020-21
2019-20
2018-19
Total 
No. of
students
373
424
504
473
457
No.of 
outgoing
students
placed/higher
education
106
240
237
231
171
 
 
Page 66/76
22-03-2024 11:38:26"
MHSSCE_00380,MHSSCOE-SSR.pdf,general,67,1,,"File Description
Document
Best practices as hosted on the Institutional
website
View Document
 
7.3 Institutional Distinctiveness
 7.3.1 
Portray the performance of the Institution in one area distinctive to its priority and thrust within
1000 words
Response: 
Upliftment of Minority Community towards globally competent Cultural and educational rights of the
minorities are very important and essential which works as a tool for the upliftment of the minorities.Culture plays a vital role for the congenial development of children who belong to the community of the
minorities and that is why the preservation of the culture, language and script are important.Without
education the progress of the community is not possible and the transformation of a society depends on
education. Institute is a well known and reputed Muslim minority college for the last 35 years. It has
made a huge contribution to the society upliftment.Its alumni are spread all over the globe and perform
their utmost. Not only does the institute provide quality technical education but also imparts social and
cultural morality to create its peers, accountable citizens and good human beings. It opposes minorities in
educational backwardness. It also works hard to decrease unemployment among Muslim youth. It
improves the minority’s consciousness of their social and legal rights. This institute has set the finest example of secularism and integration by appointing employees of all
cultures and cast."
MHSSCE_00381,MHSSCOE-SSR.pdf,general,67,2,,"hard to decrease unemployment among Muslim youth. It
improves the minority’s consciousness of their social and legal rights. This institute has set the finest example of secularism and integration by appointing employees of all
cultures and cast.

It provides a healthy environment suitable for education. The students are comfortable
and feel safe. There is no discrimination of caste and religion seen on campus. In order to make its peers
competent it imparts good communication skills to its peers. The institute facilitates participation in co-
curricular activities by providing access to complete infrastructure and manpower. It also offers complete
guidance for the enhancement of technical skills by organizing technical workshops, seminars and expert
lectures in every academic session. In order to eliminate unemployment it has established a TPO cell. The TPO cell trains the students for better placement and interview. Many well known companies are
visiting college campuses and offering jobs to the students. It also encourages students for startup
through EDC. The young talent is encouraged and funded for their startup. In order to develop social
responsibility it organizes health camps, clean up drives, and Independence Day celebrations. It has done
a great contribution to the local community by organizing blood donation drives, old age homes and
orphanage visits. All these activities create a great sense of response and humanity among students. In alignment with the Anjuman – I – Islam’s vision of uplifting the status of Muslim minorities in
particular and fellow citizens in general by creating and promoting World class educational system."
MHSSCE_00382,MHSSCOE-SSR.pdf,general,67,3,,"sense of response and humanity among students. In alignment with the Anjuman – I – Islam’s vision of uplifting the status of Muslim minorities in
particular and fellow citizens in general by creating and promoting World class educational system.

M H
Saboo Siddik’s vision, to bring the whole Muslim Community from the quagmire of poverty and
educational backwardness and encourage its members to be useful citizens who will contribute to make a
prosperous nation and to promote national integration by giving equal opportunity to all communities for
their promotion and progress, institute strives to attain it by providing and facilitating students towards
their financial needs. Page 67/76
22-03-2024 11:38:26"
MHSSCE_00383,MHSSCOE-SSR.pdf,general,68,1,,"M H Saboo Siddik College of engineering is a well known institute not only for imparting quality
education to the young minds but also financially supporting students from minority class. Cost of taking
education in private institutions is high and state and central governmental bodies help talented and
needy students by providing funds through various schemes and policies. The students from this
institution receive, in addition to these scholarships / funds, financial help from various private and
public trusts, specifically from Anjuman-I Islam's own funds. Many charitable trusts have shown faith in
the students of M H Saboo Siddik College of Engineering that they are continuously supporting our
students for many years till now, Aziza Gaya Trust, Khidmat Charitable Trust, MESCO Charitable Trust
to name few. The process of facilitating the students for fulfilling all the requirements of getting various
scholarships/aid is streamlined such that students find it very convenient to apply smoothly for these aids. From filling out forms to apply for any scholarship up to disbursement of funds, the institute provides
help in any kind. In addition to providing support for financial needs of students –directly or indirectly- the institute
imparts a healthy atmosphere with both culturally rich and socially aware."
MHSSCE_00384,MHSSCOE-SSR.pdf,general,68,2,,"up to disbursement of funds, the institute provides
help in any kind. In addition to providing support for financial needs of students –directly or indirectly- the institute
imparts a healthy atmosphere with both culturally rich and socially aware.

Because of this healthy
atmosphere to learn and grow towards better professional and cultural life many students –mostly girls-
from minority class are now able to lead successful lives and even many of them proved themselves on
state and national levels by winning prizes in many government or private run competitions,
Hackathons, conferences etc, who otherwise would not even have had continued their education due to
lack of social awareness of their elder generations. Page 68/76
22-03-2024 11:38:26"
MHSSCE_00385,MHSSCOE-SSR.pdf,general,69,1,,"5. CONCLUSION
Additional Information: 
M. H. Saboo Siddik College of Engineering boasts an array of clubs, chapters, and societies at both the
department and college levels, fostering holistic student development. Notable organizations include SAE
India, CES/ISSE, CSI, IETE, ACM, ISHRAE, MESA, SACE, and AWS. SAEINDIA Collegiate Clubs provide a platform for students to organize programs, seminars, workshops, and
activities, nurturing leadership skills. Members enjoy benefits such as free/subsidized workshops, webinars, and
guest lectures. The Civil Engineering Society, established in 2000 as the Construction Engineering Society, imparts technical
knowledge to civil engineering students. CSI-MHSSCE, active since 2004, prioritizes all-round student development, aiming to strike a balance between
academics and co-curricular activities. The chapter assigns various roles to students, fostering a positive and
healthy environment. IETE, recognized by the Government of India as a Scientific and Industrial Research Organization, focuses on
advancing electronics, telecommunication, computers, and IT. It sponsors technical events nationwide. MHSSCOE-ACM, a student chapter of the world's largest computing society, ACM, was founded in 2014. Committed to excellence, the committee organizes technical and extra-curricular events, workshops, and
competitions, providing a platform for students to enhance their skills."
MHSSCE_00386,MHSSCOE-SSR.pdf,general,69,2,,"of the world's largest computing society, ACM, was founded in 2014. Committed to excellence, the committee organizes technical and extra-curricular events, workshops, and
competitions, providing a platform for students to enhance their skills.

ISHRAE, established in 1981, organizes industrial visits and seminars in heating, refrigeration, and air
conditioning, offering valuable insights to students. SACE operates in a democratic setup, working ""for the students,"" ""by the students,"" and ""of the students,""
focusing on extracurricular activities at the college level. The college's participation in AWS Academy enhances students' readiness for careers in cloud computing,
providing a curriculum and AWS Certifications. IEEE, founded in 1884, is the world’s largest technical organization dedicated to advancing technology for
humanity. As a non-profit organization, IEEE consolidates ideas related to electro-technology. In essence, these clubs and societies create a dynamic environment at M. H. Saboo Siddik College of
Engineering, enriching students' academic journey and preparing them for diverse professional paths. Concluding Remarks: 
India being a country which has committed to be among the developed countries in near future, the challenges
on the path must be identified and solved at priority basis. It is not only a dream for all of us but we need to find
how to stay there. One of the possible solutions is to maintain highest standards of Quality in professional and
Page 69/76
22-03-2024 11:38:26"
MHSSCE_00387,MHSSCOE-SSR.pdf,general,70,1,,"higher education. Our college mission and perspective plan statements are aligned with mission statements of NAAC as long as
quality education is concerned. Since ours is an Engineering college, we have already qualified for National
Board of Accreditation (NBA) twice for some of our branches. We strongly believe, Accreditation by NAAC
or NBA or both, will certainly help us to meet global standards and credibility. We are affiliated to University of Mumbai (UoM) teaching _ learning process is governed by norms laid by
UoM. As no guidelines are issued by UoM for NEP, we are waiting for the same. However, like Academic
Bank of Credits (ABC) have been collected from students and forwarded to UoM officials. Participation and
winning accolade in various national level Hackathons arranged by various government agencies is the
indication that we foster global competence among students and make them contribute in national development. Our MoUs with National and International institutes / agencies indicate the understanding of importance of
being innovative, creative and entrepreneurial. Blood donation, clean up drive, ragging free campus and establishment of NSS unit are examples that we saw
seeds of social responsibility at the early age of student’s life. By having entire campus covered by CCTV
network, student’s safety is maintained. Improved facilities in common room for indoor sports increases the
index of happiness of students."
MHSSCE_00388,MHSSCOE-SSR.pdf,general,70,2,,"of social responsibility at the early age of student’s life. By having entire campus covered by CCTV
network, student’s safety is maintained. Improved facilities in common room for indoor sports increases the
index of happiness of students.

Training programmes for students at campus and participation of FDP’s etc by
teachers help us upgrade their skills. We being an engineering college, emphasis on use of technology are
inbuilt. We strongly feel Institutional Accreditation by NAAC will certainly help both: the institute and national
interest. Page 70/76
22-03-2024 11:38:26"
MHSSCE_00389,MHSSCOE-SSR.pdf,general,71,1,2022-23,"6.ANNEXURE
1.Metrics Level Deviations
Metric ID Sub Questions and Answers before and after DVV Verification
1.2.1
Number of Certificate/Value added courses offered and online courses of MOOCs, SWAYAM,
NPTEL etc. (where the students of the institution have enrolled and successfully completed
during the last five years)
 Answer before DVV Verification: 
 Answer After DVV Verification:28 
 Remark: DVV has made the changes by not consider Orientation Program about - Training and
Placement department 2023 Batch Campus Placement Preparedness 2023 batch and similar kind of
programmes. 1.2.2
Percentage of students enrolled in Certificate/ Value added courses and also completed online
courses of MOOCs, SWAYAM, NPTEL etc. as against the total number of students during the last
five years 
 1.2.2.1. Number of students enrolled in Certificate/ Value added courses and also completed
online courses of MOOCs, SWAYAM, NPTEL etc. as against the total number of students during the
last five years
 Answer before DVV Verification:
 2022-23
2021-22
2020-21
2019-20
2018-19
341
220
378
293
215
 Answer After DVV Verification:
 2022-23
2021-22
2020-21
2019-20
2018-19
134
118
142
136
128
 Remark: DVV has made the changes by not consider Orientation Program about - Training and
Placement department 2023 Batch Campus Placement Preparedness 2023 batch and similar kind of
programmes."
MHSSCE_00390,MHSSCOE-SSR.pdf,general,71,2,,"Remark: DVV has made the changes by not consider Orientation Program about - Training and
Placement department 2023 Batch Campus Placement Preparedness 2023 batch and similar kind of
programmes.

1.3.2
Percentage of students undertaking project work/field work/ internships (Data for the latest
completed academic year)
 1.3.2.1. Number of students undertaking project work/field work / internships
 Answer before DVV Verification: 1272 
 Answer after DVV Verification: 1 
 Remark: Internship certificates not shared by HEI as per SOP. DVV has made some necessary
changes. 3.1.1
Grants received from Government and non-governmental agencies for research projects /
endowments in the institution during the last five years (INR in Lakhs)
Page 71/76
22-03-2024 11:38:26"
MHSSCE_00391,MHSSCOE-SSR.pdf,general,72,1,2022-23,"3.1.1.1. Total Grants from Government and non-governmental agencies for research
projects / endowments in the institution during the last five years (INR in Lakhs)
 Answer before DVV Verification:
 2022-23
2021-22
2020-21
2019-20
2018-19
0
0
0
1.25
11
 Answer After DVV Verification:
 2022-23
2021-22
2020-21
2019-20
2018-19
0
0
0
0
0
 Remark: DVV has made the changes by not considered grant letter of 2017. 3.3.2
Number of books and chapters in edited volumes/books published and papers published in
national/ international conference proceedings per teacher during last five years
 3.3.2.1. Total number of books and chapters in edited volumes/books published and papers
in national/ international conference proceedings year wise during last five years
 Answer before DVV Verification:
 2022-23
2021-22
2020-21
2019-20
2018-19
1
4
6
4
6
 Answer After DVV Verification:
 2022-23
2021-22
2020-21
2019-20
2018-19
1
4
3
4
4
 Remark: DVV has made the changes shared report by HEI. 3.4.3
Number of extension and outreach programs conducted by the institution through organized
forums including NSS/NCC with involvement of community during the last five years. 3.4.3.1."
MHSSCE_00392,MHSSCOE-SSR.pdf,general,72,2,2022-23,"Remark: DVV has made the changes shared report by HEI. 3.4.3
Number of extension and outreach programs conducted by the institution through organized
forums including NSS/NCC with involvement of community during the last five years. 3.4.3.1.

Number of extension and outreach Programs conducted in collaboration with
industry, community, and Non- Government Organizations through NSS/ NCC etc., year
wise during the last five years
 Answer before DVV Verification:
 2022-23
2021-22
2020-21
2019-20
2018-19
3
3
0
4
2
 Answer After DVV Verification:
 2022-23
2021-22
2020-21
2019-20
2018-19
3
2
0
2
2
Page 72/76
22-03-2024 11:38:26"
MHSSCE_00393,MHSSCOE-SSR.pdf,general,73,1,2022-23,"Remark: DVV has made the changes according to the data template document. 3.5.1
Number of functional MoUs/linkages with institutions/ industries in India and abroad for
internship, on-the-job training, project work, student / faculty exchange and collaborative
research during the last five years. Answer before DVV Verification: 
 Answer After DVV Verification:10 
 Remark: DVV has made the changes acccording to the data template document. 4.3.2
Student – Computer ratio (Data for the latest completed academic year)
 4.3.2.1. Number of computers available for students usage during the latest completed
academic year:
 Answer before DVV Verification: 850 
 Answer after DVV Verification: 560 
 Remark: DVV has made the changes according to the document. 5.1.3
Percentage of students benefitted by guidance for competitive examinations and career
counseling offered by the Institution during the last five years
 5.1.3.1. Number of students benefitted by guidance for competitive examinations and career
counselling offered by the institution year wise during last five years
 Answer before DVV Verification:
 2022-23
2021-22
2020-21
2019-20
2018-19
196
498
669
264
806
 Answer After DVV Verification:
 2022-23
2021-22
2020-21
2019-20
2018-19
196
498
599
144
806
 Remark: DVV has made the changes according to the data template document. 5.2.1
Percentage of placement of outgoing students and students progressing to higher education
during the last five years
 5.2.1.1."
MHSSCE_00394,MHSSCOE-SSR.pdf,general,73,2,2022-23,"Remark: DVV has made the changes according to the data template document. 5.2.1
Percentage of placement of outgoing students and students progressing to higher education
during the last five years
 5.2.1.1.

Number of outgoing students placed and / or progressed to higher education year
wise during the last five years
 Answer before DVV Verification:
 2022-23
2021-22
2020-21
2019-20
2018-19
106
240
237
231
171
Page 73/76
22-03-2024 11:38:26"
MHSSCE_00395,MHSSCOE-SSR.pdf,general,74,1,2022-23,"Answer After DVV Verification:
 2022-23
2021-22
2020-21
2019-20
2018-19
97
219
197
182
143
 5.2.1.2. Number of outgoing students year wise during the last five years
 Answer before DVV Verification:
 2022-23
2021-22
2020-21
2019-20
2018-19
373
424
504
473
457
 Answer After DVV Verification:
 2022-23
2021-22
2020-21
2019-20
2018-19
373
424
504
473
457
 Remark: DVV has made the changes according to the data template document. 5.2.2
Percentage of students qualifying in state/national/ international level examinations during the
last five years 
 5.2.2.1. Number of students qualifying in state/ national/ international level examinations 
year wise during last five years (eg: IIT/JAM/NET/SLET/GATE/GMAT/GPAT/CLAT/CAT/
GRE/TOEFL/ IELTS/Civil Services/State government examinations etc.)
 Answer before DVV Verification:
 2022-23
2021-22
2020-21
2019-20
2018-19
8
9
9
23
29
 Answer After DVV Verification:
 2022-23
2021-22
2020-21
2019-20
2018-19
8
7
9
10
10
 Remark: DVV has made the changes according to the data template document. 5.3.1
Number of awards/medals for outstanding performance in sports/ cultural activities at
University / state/ national / international level (award for a team event should be counted as
one) during the last five years
 5.3.1.1."
MHSSCE_00396,MHSSCOE-SSR.pdf,general,74,2,2022-23,"template document. 5.3.1
Number of awards/medals for outstanding performance in sports/ cultural activities at
University / state/ national / international level (award for a team event should be counted as
one) during the last five years
 5.3.1.1.

Number of awards/medals for outstanding performance in sports/cultural activities at 
national/international level (award for a team event should be counted as one) year wise during
the last five years 
 Answer before DVV Verification:
 2022-23
2021-22
2020-21
2019-20
2018-19
0
8
4
1
6
Page 74/76
22-03-2024 11:38:26"
MHSSCE_00397,MHSSCOE-SSR.pdf,general,75,1,2022-23,"Answer After DVV Verification:
 2022-23
2021-22
2020-21
2019-20
2018-19
0
5
2
1
6
 Remark: DVV has mae the changes according to the data template document. 5.3.2
Average number of sports and cultural programs in which students of the Institution
participated during last five years (organised by the institution/other institutions)
 5.3.2.1. Number of sports and cultural programs in which students of the Institution
participated year wise during last five years
 Answer before DVV Verification:
 2022-23
2021-22
2020-21
2019-20
2018-19
9
9
0
1
10
 Answer After DVV Verification:
 2022-23
2021-22
2020-21
2019-20
2018-19
6
6
0
0
3
 Remark: DVV has made the changes according to the data template document. 6.3.3
Percentage of teaching and non-teaching staff participating in Faculty development Programmes
(FDP), Management Development Programmes (MDPs) professional development /administrative
training programs during the last five years
 6.3.3.1. Total number of teaching and non-teaching staff participating in Faculty
development Programmes (FDP), Management Development Programmes (MDPs) professional
development /administrative training programs during the last five years
 Answer before DVV Verification:
 2022-23
2021-22
2020-21
2019-20
2018-19
21
31
61
74
8
 Answer After DVV Verification:
 2022-23
2021-22
2020-21
2019-20
2018-19
16
22
28
30
7
 6.3.3.2."
MHSSCE_00398,MHSSCOE-SSR.pdf,general,75,2,2022-23,"/administrative training programs during the last five years
 Answer before DVV Verification:
 2022-23
2021-22
2020-21
2019-20
2018-19
21
31
61
74
8
 Answer After DVV Verification:
 2022-23
2021-22
2020-21
2019-20
2018-19
16
22
28
30
7
 6.3.3.2.

Number of non-teaching staff year wise during the last five years
 Answer before DVV Verification:
 2022-23
2021-22
2020-21
2019-20
2018-19
91
93
95
99
104
Page 75/76
22-03-2024 11:38:26"
MHSSCE_00399,MHSSCOE-SSR.pdf,general,76,1,2022-23,"Answer After DVV Verification:
 2022-23
2021-22
2020-21
2019-20
2018-19
91
93
95
99
104
 Remark: DVV has made the changes according to the data template document.
7.1.3
Quality audits on environment and energy regularly undertaken by the Institution. The
institutional environment and energy initiatives are confirmed through the following 
1. Green audit / Environment audit 
2. Energy audit 
3. Clean and green campus initiatives 
4. Beyond the campus environmental promotion activities
 Answer before DVV Verification: B. Any 3 of the above 
 Answer After DVV Verification: D. Any 1 of the above
 Remark: DVV has select D. Any 1 of the above as per supporting report for SL. NO. 4 by HEI.
2.Extended Profile Deviations
Extended Profile Deviations
No Deviations
Powered by TCPDF (www.tcpdf.org)
Page 76/76
22-03-2024 11:38:26"
MHSSCE_00400,Pragati_Saksham_scholarship scheme 2026-27.pdf,scholarship,1,1,2026-27,"Anjuman-I-Islam’s
M. H. SABOO SIDDIK COLLEGE OF ENGINEERING
8, Saboo Siddik Polytechnic Road, Byculla, Mumbai-8

Refino.: CE/Admn/ 66/2026 Date:10.08.26

PRAGATI (FOR GIRL STUDENTS), SAKSHAM (FOR SPECIALLY ABLED
2026-27

STUDENTS LARS.

Online applications are invited for the academic year 2026-27 for grant
of above scholarship Schemes.

As per the instruction/guidelines available on AICTE/NSP portal
mandatory documents are required to be attached while submitting online
application.

NOTE : For academic year 2026-27, online application
(Fresh/Renewal) for the AICTE Pragati, Saksham & Swanath scholarship
schemes will be invited through National Scholarship Portal (NSP)

(https://scholarships.gov.in) of Government of India for online

Rh

applications.

cc. to:

1, Hon Director

2, Dean (Academic affairs)

3. All HODs (Civil/Extc/Mech/Mech-Auto/IT/Comp/CS-AIML/CS-IOT)
For circulation amongst all the students/WhatsApp group

4, Incharge (H&AS)

5. College website"
MHSSCE_00401,Prospectus 2025-26.pdf,prospectus,1,1,2025-2026,"Computer 
Engineering
(NBA Accredited)
Computer Science & Engineering
(IoT & Cyber Security incl. 
Block Chain Technology)
Mechanical
Engineering
(NBA Accredited)
Information
Technology
Electronics &
Telecommunication
Engineering
(NBA Accredited)
Computer Science & Engineering
(Artiﬁcial Intelligence & 
Machine Learning)
Civil 
Engineering 
(NBA Accredited)
For Admission to First Year / Direct Second Year of 
Four Year Degree Courses of Engineering / Masters of Engineering
ANJUMAN-I-ISLAM’S
M. H. SABOO SIDDIK 
COLLEGE OF ENGINEERING
Advancing Knowledge, Building Careers
PROSPECTUS
2025-2026
Celebrating
Years of
ANJUMAN-I-ISLAM
Mechanical Engineering 
Automobile
ACCREDITED BY NAAC FOR 5 YEARS
Four Eligible Branches Accredited by NBA for 3 Years
DTE Code: En3183"
MHSSCE_00402,Prospectus 2025-26.pdf,prospectus,2,1,2025-26,"THE FOUNDER
LATE MOHAMMED HAJI SABOO SIDDIK
The Mohammed Haji Saboo Siddik Institute (A Muslim Minority 
Institution) owes its existence to the muniﬁcence of late 
Mohammed, son of Haji Saboo Siddik, who bequeathed a 
large sum of money for establishing, conducting and 
managing this Institution for imparting Vocational, Technical 
and Industrial training and education. The value of the assets, 
so bequeathed, exceeded Rupees Three Crore at the time of 
donation.
The Institution is managed and administrated by the Anjuman-
I-Islam as the sole trustee, appointed by the Bombay High 
Court's decree and scheme framed and sanctioned 
thereunder."
MHSSCE_00403,Prospectus 2025-26.pdf,prospectus,3,1,2025-26,"A Warm Welcome! The stream of engineering is an indisputable catalyst for social transformation, thrusting national progress and technical 
advancement worldwide. In today’s rapidly advancing engineering landscape, our mandate extends beyond traditional, 
discipline-speciﬁc undergraduate education, embracing a comprehensive as well as interdisciplinary approach that nurtures 
lifelong learning and holistic development among students —a vision Anjuman-I-Islam has championed since its inception, 151 
years ago. I take immense pride in India’s capacity to nurture world-class engineers, meeting both domestic and global demands for skilled 
professionals. Anjuman Islam’s M.H. Saboo Siddik College of Engineering has played a crucial role in shaping generations of 
talented engineers, contributing signiﬁcantly to the nation’s technical aptitude. In alignment with emerging industry trends and 
technological advancements, we are delighted to announce the introduction of new postgraduate program i.e. M.E. in 
Construction Engineering & Management. Our institute has achieved prestigious national-level accreditations from NAAC and NBA, reaﬃrming our strong commitment to 
excellence in teaching, learning, and infrastructure. We have state-of-the-art facilities and an academic environment that 
cultivates both professional and leadership skills, empowering our students to deliver impactful results in the industry."
MHSSCE_00404,Prospectus 2025-26.pdf,prospectus,3,2,2025-26,"to 
excellence in teaching, learning, and infrastructure. We have state-of-the-art facilities and an academic environment that 
cultivates both professional and leadership skills, empowering our students to deliver impactful results in the industry.

We have signed several new Memorandum of Understanding (MoUs) with leading global institutions, including a milestone 
partnership with the Massachusetts Institute of Technology (MIT), USA, through the Abdul Latif Jameel World Education Lab 
(JWEL) programme. This collaboration brings MIT’s innovative educational frameworks to our campus, enhancing curriculum 
development, faculty training, and research opportunities. Another MoU has been signed with the University of Westminster. We 
are actively pursuing collaborations with the University of Maryland School of Pharmacy and Temple University, Philadelphia, 
further enriching our academic oﬀerings and global reach. Our distinguished alumni have continued to bring honour and accolades to the institution, holding prominent positions in 
renowned companies worldwide. Recent alumni gatherings in the USA, Canada and Qatar have further strengthened our global 
alumni network, and have fostered our professional connections while celebrating the achievements of our graduates. Our institution excels in delivering quality education, supported by distinguished faculty and the latest technologies. We also 
prioritize holistic development through a diverse array of co-curricular and extracurricular activities, nurturing well-rounded 
individuals prepared to lead and innovate. M.H."
MHSSCE_00405,Prospectus 2025-26.pdf,prospectus,3,3,2025-26,"supported by distinguished faculty and the latest technologies. We also 
prioritize holistic development through a diverse array of co-curricular and extracurricular activities, nurturing well-rounded 
individuals prepared to lead and innovate. M.H.

Saboo Siddik College of Engineering is your destination to achieve your engineering aspirations, supported by highly 
qualiﬁed and experienced faculty and cutting-edge infrastructure. We are conﬁdent that our college will provide you with the 
ﬁnest education to excel in the ﬁeld of technology. Our students have consistently earned awards at national and international 
competitions, reﬂecting our pledge to nurturing talent and fostering success. We invite you to join our vibrant campus and 
embark on a journey of accomplishment. Welcome to Anjuman-I-Islam’s M.H. Saboo Siddik College of Engineering. We wish you the very best in your academic pursuits. PRESIDENT’S DESK
Padma Awardee Dr. Zahir I. Kazi 
President, Anjuman-I-Islam
01"
MHSSCE_00406,Prospectus 2025-26.pdf,prospectus,4,1,2025-26,"Padma Awardee Dr. Zahir I. Kazi
President
Mr. Mushtaq Antulay
Sr. Vice - President
Mr. Moiz M. Miyajiwala
Vice - President
Dr. Shaikh Abdullah
Vice - President
02
ANJUMAN-I-ISLAM’S LEADERSHIP
Adv. Aqeel Yusuf Hafiz
General Secretary
Mr. Shoaib M. I. Jamkhanawala
Joint Secretary
Dr. Aslam Khan
Executive Chairman, B.V.T.E.
Mr. Shohab Asmat Rais
Joint Secretary
Mr. Shakil Shaikh
Treasurer"
MHSSCE_00407,Prospectus 2025-26.pdf,prospectus,5,1,2025-26,"Dear Students,
As Executive Chairman of the Board of Vocational and Technical Education (BVTE), I warmly welcome you to MHSSCOE, 
an institution dedicated to academic excellence, mentorship, and holistic student development. At MHSSCOE, learning goes beyond textbooks. We foster critical thinking, collaborative problem-solving, and 
creativity. Our diverse programs, advanced labs, and strong industry ties oﬀer valuable hands-on experiences. Alongside research and innovation, we encourage active participation in student clubs and committees to enrich 
campus life. A major milestone is our recent MoU with the Massachusetts Institute of Technology (MIT), USA, enabling students to 
pursue MicroMasters online courses in Data Science, Supply Chain Management, and Finance. Similarly, our MoU with 
IIT Indore opens pathways to the University of Michigan, a leader in research. These partnerships enhance your 
academic credentials and provide accelerated routes into master's programs worldwide. We also launched the Industry Mentoring Program to bridge academia and industry, equipping ﬁnal-year students 
with essential corporate skills and real-world problem-solving, in line with Anjuman-I-Islam's mission to develop 
responsible citizens. Our Holistic Development Program promotes growth across cognitive, physical, emotional, and social areas, 
preparing you for success in all spheres."
MHSSCE_00408,Prospectus 2025-26.pdf,prospectus,5,2,2025-26,"real-world problem-solving, in line with Anjuman-I-Islam's mission to develop 
responsible citizens. Our Holistic Development Program promotes growth across cognitive, physical, emotional, and social areas, 
preparing you for success in all spheres.

To further boost career readiness, the Professional Competency Development 
Cell (PCDC) oﬀers soft skills training led by industry experts. As you begin this journey, I encourage you to seize every opportunity, engage fully, and use the resources available. Believe in your potential, pursue your goals with determination, and embrace diversity and shared experiences. Wishing you the very best in your academic and personal growth. BVTE CHAIRMAN’S DESK
Dr. Aslam Khan
Executive Chairman, BVTE, 
Anjuman I Islam
03"
MHSSCE_00409,Prospectus 2025-26.pdf,prospectus,6,1,2025-26,"04
At M. H. Saboo Siddik College of Engineering, we take pride in being a beacon of knowledge, 
fostering holistic growth in both academic and professional spheres. Our institute is committed 
to nurturing students into well-formed civilians, equipped withthe technical proﬁciency, 
scientiﬁc expertise, and a humanitarian attituderequired to excel as future engineers. To cultivate industry-ready professionals, we hold a team of highly qualiﬁed faculty and 
dedicated support staﬀ who work tirelessly to provide an enriching learning experience. Our 
relentless pursuit of academic excellence has led to numerous accolades at national and 
international levels. Among our many achievements are:
Ÿ Securing 2nd Position in Advanced Class Design and 3rd Position in Micro Class Design at 
the SAE competition held in Florida, USA (2015)
Ÿ Victories in prestigious hackathons organized by central and state governments
Ÿ A record-breaking placement package of INR 36.5 lakhs
Ÿ Several of our alumni, every year, pursuing higher studies from universities in USA, UK, 
Canada, and Germany and appearing for competitive exams like IAS, IPS
Ÿ GATE rank holders: Atif Khan(AIR-10), Numair Syed (AIR-148)
We take immense pride in our students' extraordinary accomplishments and their continued 
success. Also, the recent additions to our legacy of excellence, we have recently earned two 
prestigious national accreditations i.e."
MHSSCE_00410,Prospectus 2025-26.pdf,prospectus,6,2,2025-26,"Numair Syed (AIR-148)
We take immense pride in our students' extraordinary accomplishments and their continued 
success. Also, the recent additions to our legacy of excellence, we have recently earned two 
prestigious national accreditations i.e.

NAAC accreditation for ﬁve years and NBA accreditation 
for all four eligible branches. We are, also,immensely excited to introduce our new Master of 
Engineering (ME) program in Civil Engineering. We, at the same time,have increased intake in B.E. in Computer Engineering and CSE-AIML from 60 to 120. We are pleased that you have chosen M. H. Saboo Siddik College of Engineering as your 
academic destination. By following in the footsteps of our illustrious alumni, we encourage you 
to strive for excellence, leverage the mentorship of our experienced and highly educated faculty, 
and carve a path of success that brings pride to yourself, your family, and our institution. Your journey towards engineering excellence and a bright future begins here. DIRECTOR’S DESK
Dr. Mohiuddin Ahmed
Honorary Director, MHSSCOE"
MHSSCE_00411,Prospectus 2025-26.pdf,prospectus,7,1,2025-26,"India has emerged as a global powerhouse in technical advancement with engineers playing a pivotal 
role in positioning the nation as a leader in innovation and entrepreneurship. Since 1984, Anjuman-I-
Islam's M.H. Saboo Siddik College of Engineering (MHSSCOE) has been an integral part of this 
transformative expedition, quietly yet signiﬁcantly contributing to India's engineering competence. Over nearly four decades of excellence, our institution has produced countless distinguished engineers 
who have shaped industries and driven progress all over the globe. As a proud leader of one of the oldest and most esteemed engineering colleges under the University of 
Mumbai, I am privileged to carry forward this legacy made possible by the visionary leadership of 
Anjuman-I-Islam, Mumbai. I extend my heartfelt welcome to all students joining M.H. Saboo Siddik College of Engineering. Our 
institution is home to a highly qualiﬁed, experienced, and dedicated facultyfraternity, committed to 
nurturing each student through innovative teaching methodologies, cutting-edge technology, and 
personalized mentorship. We uphold the highest standards of academic excellence, a commitment that remained unwavering 
even during the challenges of the pandemic. Our rigorous teaching-learning practices, industry-
aligned curriculum, and holistic development initiatives ensure that students receive an education 
that is both theoretically robust and practically relevant."
MHSSCE_00412,Prospectus 2025-26.pdf,prospectus,7,2,2025-26,"the challenges of the pandemic. Our rigorous teaching-learning practices, industry-
aligned curriculum, and holistic development initiatives ensure that students receive an education 
that is both theoretically robust and practically relevant.

At MHSSCOE, learning transcends textbooks. We promote innovation and critical thinking through:
Ÿ Workshops, seminars, and expert guest lectures by industry leaders. Ÿ Industrial and site visits for real-world exposure. Ÿ Exposure to national and international competitions and Hackathons, where our 
students have consistently excelled. The achievements of our alumni stand as a testimony to the culture of excellence, with accolades earned 
at esteemed platforms worldwide. As you step into this dynamic world of science and technology, MHSSCOE promises to be your 
facilitator for a rewarding career and a bright future. We invite you to dream big, innovate, and 
leave your mark on the world. Welcome to M.H. Saboo Siddik College of Engineering...where legends are made! Dr. Ganesh S. Kame
Ph.D. (IIT Bombay)
In-charge Principal, MHSSCOE
05
PRINCIPAL'S DESK"
MHSSCE_00413,Prospectus 2025-26.pdf,prospectus,8,1,2025-26,"VISION 
To be an institute of global repute committed 
to the cause of nation building through 
technology based education.
MISSION
To be enabler of creation and dissemination 
of futuristic knowledge in technology 
through research and quality education.
06"
MHSSCE_00414,Prospectus 2025-26.pdf,prospectus,9,1,2025-26,"Dr. Iqbal Ahmed Shaikh In-charge FE 
Established in 1984, the Department of Humanities and Applied Science caters to the teaching of basic Sciences and 
Humanities courses to the engineering students across branches. It lays a strong foundation of basic principles in various 
disciplines such as Mathematics, Physics, Chemistry, PCE-I and II among learners. The faculty members are known for 
quality teaching as well as motivating students to learn beyond curriculum which develops a thorough knowledge of the 
subject among learners. As the department engages ﬁrst year students prominently, a special attention is paid to bring 
homogeneity among students who come from diﬀerent social, linguistic and ﬁnancial backgrounds. Our dedicated staﬀ 
members have been consistently successful in achieving this transformation through their sincere eﬀorts. 
Number of Laboratories: 03
1. Engg. Physics
2. Engg Chemistry
3. Computer Center
Dept. Achievements: 
● 5 Faculty members with PhD.
● 2 Faculty members NET qualiﬁed and 4 SET qualiﬁed 
● 28 (International, National) publications
● 30 books (for MU, SPPU, DBATU and GTU) solely authored by Dr. Iqbal Shaikh
Best Practices:
● Remedial lectures are taken on a regular basis.
● Staﬀ members are self motivated for higher studies and improvement in qualiﬁcations.
DEPARTMENT OF HUMANITIES & APPLIED SCIENCES
07"
MHSSCE_00415,Prospectus 2025-26.pdf,prospectus,10,1,2025-26,"Dr. Ganesh S. Kame
Vision of the Institute:
To be an institute of global repute committed to the cause of nation building through technology based education. Mission of the Institute:
To be enablers of creation and dissemination of futuristic knowledge in technology through research and quality 
education. Vision of the Department:
To pioneer developments in Civil Engineering by creating professionals with Global Competence.. Mission of the Department:
To produce highly competent and morally responsible technocrats possessing strong leadership skills contributing to the 
cause of developments in Civil Engineering. M1: To produce highly competent and morally responsible technocrats. M2: To instill strong value based leadership skills.. M3: To contribute towards the advances in Civil Engineering
Program Educational Objectives:
PEO 1 To apply technical knowledge in civil engineering for resolving industrial challenges. PEO 2 To generate employment through entrepreneurship and work eﬀectively in a multi disciplinary environment. PEO 3 To understand the human, social and environmental context of the profession and contribute positively to the 
needs of individuals and society at large. About the Civil Engineering Department: 
Established in 1984 and transformed into the Department of Civil Engineering in 2001, our department features eleven 
dedicated faculty members, including three PhDs and eight Postgraduates, with 15 to 36 years of experience."
MHSSCE_00416,Prospectus 2025-26.pdf,prospectus,10,2,2025-26,"Department: 
Established in 1984 and transformed into the Department of Civil Engineering in 2001, our department features eleven 
dedicated faculty members, including three PhDs and eight Postgraduates, with 15 to 36 years of experience.

We 
emphasize high-quality teaching, practical problem-solving, and research-driven learning. Our mission focuses on 
ethical, sustainable technological advancement, fostering technical, leadership, and entrepreneurial skills among 
students. Faculty members contribute as advisors, referees, and expert speakers at various forums. Our students excel in 
national exams, technical competitions, and sports. We maintain strong alumni connections and actively promote 
initiatives like 'Cleanup Drive,' Swachh Bharat, and Jal Shakti through our biannual newsletter, TAMEER. DEPARTMENT OF CIVIL ENGINEERING
08"
MHSSCE_00417,Prospectus 2025-26.pdf,prospectus,11,1,2025-26,"Dr. Mohammed Ahmed, In-charge HOD 
Speaker Leading the Session while a large group of 
enthusiastic students listened attentively
Industrial Visit to Microsoft Oﬃce date
22nd February 2025
The Faces Behind Innovation - 
Hackathon 6.0 Participants
09
COMPUTER ENGINEERING
Our Vision:
To be a Centre of Excellence enhancing developments in Computer Engineering through Globally Relevant Professionals. Our Mission:
To produce ethically competent and capable professionals who leverage advances in Computer Engineering for 
innovative solutions, through cutting-edge research and technology, that beneﬁts both Industry and Society. Program Educational Objectives(PEOs):
PEO1: 
To engage in lifelong learning and professional development by being abreast with emerging technologies, 
trends, and best practices in Computer Engineering. PEO2: 
To manage, collaborate, and lead eﬀectively with diverse stakeholders to meet needs of the industry. PEO3: 
To ensure principles and practices that generate solutions in Computer Engineering and help decisions that 
reﬂect social responsibility and professional ethics. About the Computer Engineering Department
The Computer Engineering Department at M.H. Saboo Siddik College of Engineering, established in 1999, is a 
distinguished centre for academic and professional excellence. We are dedicated to shaping future leaders in Computer 
Engineering and Technology."
MHSSCE_00418,Prospectus 2025-26.pdf,prospectus,11,2,2025-26,"Engineering Department at M.H. Saboo Siddik College of Engineering, established in 1999, is a 
distinguished centre for academic and professional excellence. We are dedicated to shaping future leaders in Computer 
Engineering and Technology.

Our students consistently excel in university exams and secure top placements in prestigious 
companies like Microsoft, TCS, Infosys, Capgemini, and Uniqlo. With a highly qualiﬁed faculty deeply involved in research, 
the department contributes to numerous publications and actively engages in curriculum development. Our vibrant 
academic environment encourages active student participation in competitions and seminars, fostering technical 
prowess and innovation. Strong industry connections have propelled our alumni into key positions, start-ups, and 
entrepreneurship, embodying our commitment to nurturing talent and innovation."
MHSSCE_00419,Prospectus 2025-26.pdf,prospectus,12,1,2025-26,"Dr Irfan Landge, In-charge HOD 
 
All India Rank of 148 in the GATE Examination
SIH 2024 1st Runner up
10
Since its inception in July 2020, the Computer Science & Engineering (AI & ML) Department has pursued academic 
excellence, innovation, and research in AI and Machine Learning. Starting with 60 students, the department nurtures future 
leaders in this ﬁeld. Our faculty members are involved in groundbreaking research, with ﬁve pursuing Ph.D.s and three 
working on a U.S. automotive project. The department is equipped with cutting-edge facilities, including i7 computers, 
advanced software, and fast internet for research. Two students were named Microsoft Student Ambassadors, and many 
secured internships and placements with top companies. Our students excel in hackathons, national competitions, and 
recruitments with ﬁrms like LTI, TCS, and Cognizant. Annually, we produce excellent results, with many students achieving 
perfect 10 pointers under the CBCGS scheme. Department Vision:
 To impart the value based technical education using modern tools and techniques to pursue excellence in professional 
ﬁeld and to promote national integration. Department Mission:
1) To create competent professionals in the ﬁeld of computer science engineering. 2) To promote research based education in the ﬁeld of Artiﬁcial Intelligence and Machine Learning
3) To meet challenges of modern industry & society."
MHSSCE_00420,Prospectus 2025-26.pdf,prospectus,12,2,2025-26,"Mission:
1) To create competent professionals in the ﬁeld of computer science engineering. 2) To promote research based education in the ﬁeld of Artiﬁcial Intelligence and Machine Learning
3) To meet challenges of modern industry & society.

4) To make students socially responsible to aid national integrity
Program Education Objective (PEO'S):
1) To educate students to be specialist in Artiﬁcial Intelligence & Machine Learning to meet the Universal growing 
demands in various ﬁelds like health care, economics, robotics, stock market, image processing, identiﬁcation of spam & 
non spam emails, cybercrime, preventive computer attacks etc. 2) To develop capability in students to innovate & develop new products for the beneﬁt of the society. 3) To cultivate managerial skills and team work
4) To develop ethics & social responsibility among students to become responsible citizen of nation. COMPUTER SCIENCE & ENGINEERING
(Artiﬁcial Intelligence & Machine Learning)"
MHSSCE_00421,Prospectus 2025-26.pdf,prospectus,13,1,2025-26,"Mrs. Samana Jafari, Co-ordinator
11
COMPUTER SCIENCE & ENGINEERING
(IoT & Cyber Security incl. Block Chain Technology)
Department Vision:
To develop ethical professionals in the ﬁeld of IOT and Cyber security committed to advancing global sustainability. Department Mission:
To develop skilled technocrats through a robust curriculum, industry collaboration, and entrepreneurial initiatives, 
equipping them to create cost-eﬀective solutions and achieve employability in diverse ﬁelds. Program Education Objective (PEO'S):
1. Graduates will exhibit the fundamentals of Computer Science and Engineering with abilities to analyze problems, 
design and develop optimal solutions to address societal problems. 2. Graduates will apply knowledge of diverse and emerging areas of Computer Science and Engineering with modern 
tools to solve complex problems and possess entrepreneurial instincts, enabling them to innovate and lead in their 
professional careers. 3. Graduates will possess well-nurtured soft skills and ethical ideologies, contributing to overall development and 
enhancing their employability across multidisciplinary ﬁelds. About the Department of Computer Science and Engineering (IoT, Cybersecurity, and Blockchain Technology
The Department of Computer Science and Engineering (Internet of Things and Cyber Security including Blockchain 
Technology) was established in 2022."
MHSSCE_00422,Prospectus 2025-26.pdf,prospectus,13,2,2025-26,"the Department of Computer Science and Engineering (IoT, Cybersecurity, and Blockchain Technology
The Department of Computer Science and Engineering (Internet of Things and Cyber Security including Blockchain 
Technology) was established in 2022.

The curriculum focuses on emerging technologies, with a strong emphasis on Internet of Things, Cybersecurity, and 
Blockchain technology. Students receive hands-on experience and exposure to industry-relevant tools, preparing them to 
excel in multidisciplinary ﬁelds and making them globally employable technocrats. The faculty actively engages in both academic and applied research, contributing to a signiﬁcant number of publications in 
journals and conferences. These publications reﬂect the department's commitment to advancing knowledge and 
innovation in these critical areas. Faculty members are also involved in various industry collaborations and consulting 
projects, fostering strong connections between academia and the outside world. With a strong foundation in both theoretical knowledge and practical skills, the department is poised to produce 
graduates who are not only technically proﬁcient but also capable of leading the charge in innovation and 
entrepreneurship in the rapidly changing tech world."
MHSSCE_00423,Prospectus 2025-26.pdf,prospectus,14,1,2025-26,"Er Abdul Sayeed, In-charge HOD 
12
ELECTRONICS AND TELE-COMMUNICATION
Vision:
To create a repute of prominence in Electronics and Telecommunication through World Class Professionals. Mission:
To develop morally competent technocrats in Electronics and Telecommunication contributing in the growth and 
development of multi disciplinary ﬁelds through Research and Innovation. M1: To develop morally competent technocrats in Electronics and Telecommunication. M2: To contribute in the growth and development of multi disciplinary ﬁelds. M3: To inculcate research and innovation for developing solutions. Program Educational Objectives (PEOs):
1) Graduates will be able to apply principles and practices to real-time scenario. 2) Graduates will exhibit professional conduct and ethics while addressing challenges and solving problems of industry 
using recent technologies. 3) Graduates will ensure lifelong learning through professional development and continuous up-skilling. About Department:
The Department of Electronics and Telecommunication Engineering, established in 2008, aims to provide quality 
education and hands-on experience. With a focus on both hardware and software, students engage in projects, industry 
visits, and expert lectures. The experienced faculty covers diverse areas like Wireless Communication, Digital Signal 
Processing, and Machine Learning. The department boasts state-of-the-art labs, including Basic and Advanced 
Communication, DSP, and Satcom Labs."
MHSSCE_00424,Prospectus 2025-26.pdf,prospectus,14,2,2025-26,"lectures. The experienced faculty covers diverse areas like Wireless Communication, Digital Signal 
Processing, and Machine Learning. The department boasts state-of-the-art labs, including Basic and Advanced 
Communication, DSP, and Satcom Labs.

Students excel academically, secure top ranks, and participate in technical 
competitions and conferences. Active student organizations, like the IETE Student Chapter, enhance learning with 
workshops and seminars. The faculty's pursuit of Ph.D. degrees underscores a commitment to research and academic 
advancement."
MHSSCE_00425,Prospectus 2025-26.pdf,prospectus,15,1,2001–2002,"Dr. Zainab Mirza HOD IT
13
INFORMATION TECHNOLOGY 
About IT department:
Established in 2001–2002, the Department of Information Technology at MHSSCOE is dedicated to delivering excellence in 
technical education, industry-relevant skill development, and holistic student growth. The department is led by 
experienced faculty who provide strong academic and professional mentoring. It oﬀers hands-on, practical learning 
through collaborations with AWS Academy, Oracle Academy, an active ACM Student Chapter, and industry associations 
with Mastek, enabling students to earn certiﬁcations and gain exposure to real-world tools and technologies. The 
department has an excellent placement record, with students consistently recruited by top-tier companies such as LTI, TCS, 
Wipro, Teradata, and others. Our graduates thrive in high-demand domains like AI, data science, cloud computing, and 
cybersecurity, often securing attractive salary packages and global career opportunities. Students have also earned 
accolades in national competitions like Mastek Deep Blue, Smart India Hackathon, and ACM Mumbai Hackathon, reﬂecting 
their innovation and technical expertise. Through industry internships, expert-led workshops, certiﬁcation programs, and 
live projects, the department ensures students are industry-ready and equipped for leadership roles in the technology 
space. Our Vision:
To be known as a Center of Excellence in building global IT professionals through cutting edge technologies."
MHSSCE_00426,Prospectus 2025-26.pdf,prospectus,15,2,2025-26,"live projects, the department ensures students are industry-ready and equipped for leadership roles in the technology 
space. Our Vision:
To be known as a Center of Excellence in building global IT professionals through cutting edge technologies.

Our Mission:
To produce global leaders driven by values capable of designing and delivering dynamic IT soulitins for real world 
problems. Program Educational Objectives(PEOs):
PEO1: 
To implement eﬀective solutions to real world IT problems using appropriate tools and techniques. PEO2: 
To possess managerial and entrepreneurial skills with cross functional competencies leading to sustainable 
competitive advantages. PEO3: 
To be able to exhibit professional and ethical behavior and be prepared for lifelong learning and personal 
development."
MHSSCE_00427,Prospectus 2025-26.pdf,prospectus,16,1,2025-26,"Dr. Nilesh Ghongade, In-charge HOD 
14
MECHANICAL ENGINEERING
Vision and Mission of the Mechanical Engineering Department
 Vision: To be a center of eminence producing World-Class technocrats in Mechanical Engineering 
Mission: To inculcate technical knowledge and professional competencies in potential ethical leaders, so as to enable 
pragmatic solutions to complex Mechanical Engineering problems. Program Education Outcome the Mechanical Engineering Department
PEO 1: Identify and solve complex engineering problems by applying the relevant knowledge and skills
PEO 2: Explore opportunities and develop engineering solutions through research for the beneﬁt of society at large
PEO 3: Derive motivation through lifelong learning and exhibit high ethical standards in all professional endeavors
Department of Mechanical Engineering established in the year 2007 and accredited by NBA from the Academic Year 2024-
25 for three years. Mechanical Engineering is one of the most versatile and foundational branches of engineering, oﬀering a 
wide range of career opportunities. It plays a pivotal role in shaping the future of industries such as automotive, aerospace, 
energy, robotics, manufacturing, and many more. The Department of Mechanical Engineering has a prominent history of 
signiﬁcant achievements, the department remains focused and committed to advancing technological knowledge and 
nurturing future-ready engineers."
MHSSCE_00428,Prospectus 2025-26.pdf,prospectus,16,2,2025-26,"manufacturing, and many more. The Department of Mechanical Engineering has a prominent history of 
signiﬁcant achievements, the department remains focused and committed to advancing technological knowledge and 
nurturing future-ready engineers.

The department has a team of highly qualiﬁed and experienced faculty members who 
are dedicated to delivering high-quality technical education that encourages curiosity, creativity, and a problem-solving 
mindset amongst students. MECHANICAL ENGINEERING - AUTOMOBILE
M.H. Saboo Siddik College of Engineering, Mumbai, proudly announces the Launch of a pioneering Mechanical 
Engineering Automobile program for the Academic Year 2024-25. As the ﬁrst in the University of Mumbai to oﬀer this 
specialized course, the program is designed to meet the growing demands of the automotive industry. It emphasizes on 
advanced technologies in Electric, Hybrid, Hydrogen, and Autonomous Vehicles, aligning with government initiatives and 
policies aimed at positioning India as a leader in electric vehicle manufacturing. This forward-thinking curriculum will 
equip students with cutting-edge knowledge and skills, driving innovation in the rapidly evolving automotive sector and 
opening up new career opportunities. Dr. Shaikh Javed Habib, HOD MEA"
MHSSCE_00429,Prospectus 2025-26.pdf,prospectus,17,1,2025-26,"Dr. Tufail A. Shaikh, Librarian
15
LIBRARY
The Central Library of Anjuman-I-Islam’s M.H. Saboo Siddik College of Engineering plays a crucial role in supporting 
the institute's mission to provide quality technical education. Known as the Library or Knowledge Resource Center 
(KRC), it serves faculty, students, and researchers in engineering and applied sciences. The library oﬀers a rich 
collection of 41,545 books and e-books, 48 print journals, 461 electronic journals (ASCE, Springer, IEEE), and e-
resources in various engineering disciplines, including civil, mechanical, electronics & telecommunication, computer 
science, information technology, and artiﬁcial intelligence. It subscribes to online databases like IEEE, SpringerLink, 
IET SciTech, Cambridge, Oxford University Press, McGraw Hill, Cengage, ProQuest, Taylor & Francis, Science Direct, 
Pearson, Videeya, and DELNET. The college is a member of the NDLI Club. The library is fully automated with SLIM21 
software and provides services such as WebOPAC, reprographic services, and digital device (MacBook laptop) 
issuance. Access to e-resources is available both on and oﬀ campus. The library is open Monday to Saturday, with the 
Reading and Reference Room available from 8:30 A.M. to 5:00 P.M. (closed on 2nd & 4th Saturday, Sunday, and 
government holidays). Reference Services and facilities 
Ÿ Periodical section opens to all users. Ÿ Reprographic facilities available. Ÿ Reading and reference facilities available."
MHSSCE_00430,Prospectus 2025-26.pdf,prospectus,17,2,2025-26,"8:30 A.M. to 5:00 P.M. (closed on 2nd & 4th Saturday, Sunday, and 
government holidays). Reference Services and facilities 
Ÿ Periodical section opens to all users. Ÿ Reprographic facilities available. Ÿ Reading and reference facilities available.

Ÿ 15 desktop computer terminals with internet and multimedia facilities are available for users to access the 
college's subscribed e-resources. Ÿ Remote XS is the MHSSCE library webpage and provides access to digital library resources for users on and oﬀ-
campus: (https://mhsscelibrary.remotexs.in/home). Remote XS Remote Access provides secure access to the 
college's e-resources, bringing them under one umbrella, including subscribed e-journals, e-books, and other e-
content, all of which can be accessed anytime, anywhere, with full-text downloads. Ÿ NPTEL Video lecture facility
Ÿ The Digital Learning Resource Center (DLRC) and library issue MacBook laptops to EWS category students of the 
institute. 1. Reference Books 
6885 
2. Dictionaries 
30 
3. Handbooks 
260 
4. Encyclopedias 
55 
5. Word Atlas 
01 
6. Total Bound Volumes of Journal/Periodicals
 
171 
7. Educational CD’s/DVD’s 
1200"
MHSSCE_00431,Prospectus 2025-26.pdf,prospectus,18,1,2025-26,"Dr. Sha Husain Maghrabi- Head (T&P)
16
TRAINING AND PLACEMENT OFFICE
ABOUT US:
The Training and Placement department provides a launch pad for students to make it to the best organizations in the ﬁelds of software, 
core industries, management etc. The Giants in the corporate world visit the campus on a regular basis with enviable recruitment oﬀers. Our students have lived up to the expectations of organizations that visit the campus looking for bright candidates to take up important 
and challenging responsibilities at their workplace. They maintain an excellent rapport with a wide spectrum of companies spread 
across various industry sectors. We have maintained an aura of culture and legacy over the decades of innovative growth and excellence. Having stamped its class in academic and corporate circles, our students on the most challenging and demanding roles in industry, India 
and abroad. This is testimony to the trust and belief that the industry has bestowed in us for years and more importantly is a commitment 
to deliver the best consistently. Over the years, the placement cell has maintained good and strong relationship with Industries across 
the country and as a result has built up an impressive placement record both in terms of percentage of registered students placed as well 
as the number of companies visiting the campus."
MHSSCE_00432,Prospectus 2025-26.pdf,prospectus,18,2,2025-26,"good and strong relationship with Industries across 
the country and as a result has built up an impressive placement record both in terms of percentage of registered students placed as well 
as the number of companies visiting the campus.

The idea of creating better technologists, better leaders and importantly better citizens 
suﬀuses through the teaching pedagogy of the curriculum. We expose the best minds we have, to the outer world that waits to test and 
absorb the talent radiating from every individual. The institute also gives equal importance to extracurricular activities with a focus on 
the overall development of its students to equip them to face the challenges of the highly competitive corporate world. Activities of TPO: 
How pre-placement activity takes place:
 
A) Campus recruitment Training
 
B) Aptitude Training
 
C) Soft Skill Training
 
D) Professional Counselor / Motivational activities
 
E) PCDC (Professional Competence Development Cell) for B.E Students
BEST PRACTICES
 
Internship programmes at reputed places like NIC, MMRC, RCF, TIFR. Regular counseling sessions from expert counselor and life coaches for the students to balance their personal
 
and professional life. Every year, Students are trained on Aptitude & Soft Skills to make them industry ready. Mock Sessions – Every year more than 50 Experts from various Industries guide our Pre-Final year Students on 
 
Resume Building, Interview preparation etc. Scholarship Assistance is provided in certain cases. HOW WE TRAIN:
S.E. - TPO Connect
1) Orientation Program
2) Industry Expectations
3) Need of time (Academic Skills)
B.E."
MHSSCE_00433,Prospectus 2025-26.pdf,prospectus,18,3,2025-26,"Pre-Final year Students on 
 
Resume Building, Interview preparation etc. Scholarship Assistance is provided in certain cases. HOW WE TRAIN:
S.E. - TPO Connect
1) Orientation Program
2) Industry Expectations
3) Need of time (Academic Skills)
B.E.

-Company Speciﬁc Training / Alumni Connect
1) Preparing Students for Placements
2) Mock Session
3) Alumni Talk
T.E.-Training Programs
1) Aptitude and Soft Skill Training
2) Technical Training
3) Programming Training
4) Hands-on Practice of Coding
5) Guest Lecture
6) Technical Talk
7) Webinars by industry experts"
MHSSCE_00434,Prospectus 2025-26.pdf,prospectus,19,1,2025-26,"NOTABLE ALUMNI
Sr. No. Name 
Designation 
 
Organization 
Year of Passing 
 
Branch
34. SANTOSH
Deputy General Manager
Piaggio Pune
1997
Automobile
35. AVINASH BHIDE
Sr Manager
Kohler India Corporation
1999
Automobile
36. ZAHEER NANJI
Director, Technology
 Management
NTT DATA Global Technology Pvt. Ltd
1999
Electronics
37. AVINASH RAO
Branch Head
Kotak Mahindra
2000
Automobile
38. ASIF IQBAL KACHWALA
Vice President
J P Morgan
2000
Construction
39. HASAN SABUWALA
National Head
Forex and Derivatives Sale
2000
Electronics
40. SUDHANSHU SHARMA
C E O
Residuary Pvt. Ltd
2002
Auto
41. MOHAMMED KABIR SHEIKH
Strategic Advisor | GTM
Block Chain AI Meta Web3 FinTech
2003
Computer
42. NORMAN MOSES JOSEPH
General Technical Director
Walt Disney Animation Studios
2005
Computer
43. ANSARI AHTESHAM ANWAR
Vice President
JP Morgan Chase
2005
Computer
44. MOHAMMED SUHAIL F MEMON
DIRECTOR
EDW
2006
IT
45. SHAHEENA LOKHANDWALA
Program Manager
Google USA
2007
Computer
46. NARESH SHRIDHAR CHIKANE
Director, IT
Equinix Mumbai
2007
Computer
47. IRSHAD CHOUHAN
Sr. Solutions Architect
Amazon Web Services (AWS)
2007
Computer
48. MERAJ SAYED
Senior Manager
Morgan Stanley
2007
Computer
49. MOHAMMED ALI SHAIKH
Director - Product
 Management
Golden Source
2007
IT
50. AASIM SURVE
Front Oﬃce Solution
 Designer &amp; Developer
Macquarie Group
2007
Computer
51. FAIAZ MOHAMED
 Marketing Director
Creative Percept FZCO, UAE
2008
Computer
52. MURSHID KHAN
Director
UBS
2008
Computer
53."
MHSSCE_00435,Prospectus 2025-26.pdf,prospectus,19,2,2025-26,"Source
2007
IT
50. AASIM SURVE
Front Oﬃce Solution
 Designer &amp; Developer
Macquarie Group
2007
Computer
51. FAIAZ MOHAMED
 Marketing Director
Creative Percept FZCO, UAE
2008
Computer
52. MURSHID KHAN
Director
UBS
2008
Computer
53.

TABISH SANGAR
Chief Information Oﬃcer
Wellness Forever
2009
Computer
54. FAHAD AZAD
Technical Director
OTSAW Singapore
2009
Automobile
55. KAMIL KHAN
Co-Founder aZifup.com
Zifup.com
2009
Computer
56. MAGAR JAFER SHABBIR
Senior Consultant
Deloitte US
2010
Computer
57. AMMAR GITHAM 
Consultant
Fusion Systems Japan
2011
Computer
58. BIYA DANISH GULAM HABIB
SALMA
Senior Performance DBA 
in Teradata
Teradata
2011
IT
59. KAYOMARS BATLIWALLA
Software development
Engineer II
Amazon
2012
IT
60. GHULAM JILANI QUADRI
Doctoral Fellow
University of South Florida
2012
Computer
61. CHAPPALWALA AQSA MOHD ASIF
Lead Oracle Database
 Administrator 
Capgemini
2013
IT
62. MOHAMMED SOHAIL SHAIKH
Founder and CTO
Silent coders
2014
Information
 Technology
63. HAIDARALI NADIR SHAH
Software Developer
UNIQLO, Japan
2019
Computer
Sr. No. Name 
Designation 
 
Organization 
 Year of Passing 
 
Branch
01. ATUL KULKARNI 
 
Director
Atos India 
1989 
Production
02. JAMAL MANSOORI 
GM 
Mahindra and Mahindra 
1989 
Electronics
03
RAMCHANDRA KENKAR
Director 
Bio Tech Envirocare
1989 
Production 
04. SHEILA RODRIGUES 
Vice President Operations
Emirates Airline
1989
Production
05. ROHAN RODRIGUES
GM
Mahindra Tractors Chennai
1989
Production
06. PRAVIN CHAOUDHARI
Executive Director
Kansai NEROLAC paints Ltd
1989
Production
07. PUSHKAR H BHOBE
Deputy GM
Mahindra & Mahindra Nasik
1989
Production
08. SUNIL DESAI
Director
Designcell CAD CAM Solutions PVT Ltd
1990
Production
09."
MHSSCE_00436,Prospectus 2025-26.pdf,prospectus,19,3,2025-26,"PRAVIN CHAOUDHARI
Executive Director
Kansai NEROLAC paints Ltd
1989
Production
07. PUSHKAR H BHOBE
Deputy GM
Mahindra & Mahindra Nasik
1989
Production
08. SUNIL DESAI
Director
Designcell CAD CAM Solutions PVT Ltd
1990
Production
09.

IRFAN KAZI
Chief Information Oﬃcer
SEBI CAP ventures Ltd. 1990
Electronics
10. RAVINDRA KADAM
Vice President
Runwal Development
1990
Construction
11. RASHID R MERCHANT
Vice President
Ready Mix India (Prism Cement Ltd)
1990
Construction
12. JAYDEEP DESAI
Proprietor
Deep Construction
1990
Construction
13. RAJENDRA SURVE
Associate Vice President
Mespack India
1990
Production
14. PRASHANT TANANG
Founder
Trans Speciﬁc Software
1990
Construction
15. BURHANI RAHIL KAMRUDDIN
Chief Information Oﬃcer
Essar Oil UK Limited
1990
Electronics
16. DR. HANIF KANJER
Dean
Rustomjee Business School & 
Alumni London School of Economics 
1990
Production
17. SHAIKH AJAZ AHMED
Deputy Project Manager
Al Qahatani Pipe Coating Industries
1991
Production
18. BOMAN RUSTOM IRANI
Chairman and MD
1991
Production
19. HUZEFA SAMPLEWALA
Director
Woodware furniture
1991
Production
20. MAHESH TENDULKAR
Director
Concrete Research
1992
Construction
21. ANAND MADHUKAR
Director
Ecotech Engineering
1992
Construction
22. ZAFAR SIDDIQUI
Director
Blue Canyon Realty
1992
Construction
23. SALIM JAMADAR
Associate Vice President
Bharat Forge Ltd
1993
Production
24. FARID GHOLE
Executive Group Manager
Rolta India
1995
Production
25. ARVIND BHOORMAL
GM
Marathon Realty Ltd
1995
Construction
26. UDAIPURWALA ANIS ABBAS
Senior Lean Agile 
Capability Coach
Emirates Airlines
UAE
1996
Electronics
27. ASLAM KHAN
Chairman and MD
Octaware Technologies
1996
Electronics
28. FAISAL GADIALLY
Partner
PWC USA
1996
Electronics
29."
MHSSCE_00437,Prospectus 2025-26.pdf,prospectus,19,4,2025-26,"UDAIPURWALA ANIS ABBAS
Senior Lean Agile 
Capability Coach
Emirates Airlines
UAE
1996
Electronics
27. ASLAM KHAN
Chairman and MD
Octaware Technologies
1996
Electronics
28. FAISAL GADIALLY
Partner
PWC USA
1996
Electronics
29.

SHABBIR BHARMAL
Chief Product Oﬃcer
Leidos USA
1996
Electronics
30. DR. APURVA MODY
Founder and CEO
AiRANACULUS
1996
Electronics
31. KAMISH MIRZA
Head Digital Enablement 
of Supply Chain
Ericsson
1996
Production
32. MUFADDAL A CHUNIA
Vice President
Emerging Asian Markets
1996
Automobile
33. SHAHID MIRZA
Head Logistic IE and IT
Apollo Tyres
1996
Production
Rustomjee Group
17"
MHSSCE_00438,Prospectus 2025-26.pdf,prospectus,20,1,2025-26,"Dr. Asarar Pathan, In-charge Sports
SPORTS FACILITIES
18"
MHSSCE_00439,Prospectus 2025-26.pdf,prospectus,21,1,2025-26,"19
ELIGIBILITY CRITERIA
Eligibility Criteria for Maharashtra State Candidates:
A. U. G. Course
 
The Candidate should:
i) Be a citizen of India.
ii) Passed HSC or its equivalent examination with Physics and Mathematics as compulsory subjects along with one of the Chemistry or Biotechnology or 
Biology or Technical Vocational subjects and should have obtained at least 45% marks (at least 40% marks, in case of Backward Class categories and Persons 
with Disability belonging to Maharashtra State only) in the above subjects taken together; and The candidate should have appeared in all the subjects in CET 
and should have obtained non-zero positive score in CET conducted by the Competent Authority.
OR
iii) Passed Diploma in Engineering and Technology and should have obtained at least 45% marks (at least 40% marks, in case of Backward Class categories 
and Persons with Disability belonging to Maharashtra State only.
B P. G. Course
 
B. E. Civil / Construction and valid GATE score.
For further details, please visit 
https://cetcell.mahacet.org"
MHSSCE_00440,Prospectus 2025-26.pdf,prospectus,22,1,2025-26,"20
SEATS DISTRIBUTION FOR UNDER GRADUATE & POST GRADUATE COURSES 
Institute Level
20%
Sr.
No.
Course
CAP Level
Total 
Intake
Minority 
Quota
51%
Open 
Quota
29%
-
24
2.
3.
4.
Civil Engineering
Computer Engineering
Computer Science Engineering
(Artiﬁcial Intelligence & 
Machine Learning)
12
31
17
60
Computer Science & 
Engineering (IoT & Cyber 
Security including Block Chain 
Technology.
31
29
60
61
35
120
1.
12
-
12
5.
6.
31
17
60
Electronics & 
Telecommunication 
Engineering
Information Technology
15
15
30
Mechanical Engineering
7.
31
17
60
24
61
35
120
-
15
15
30
Mechanical Engineering 
Automobile
8.
UG COURSE
PG COURSE
MASTER OF ENGINEERING
 IN CONSTRUCTION ENGINEERING
 & MANAGEMENT
TOTAL INTAKE: 18"
MHSSCE_00441,Prospectus 2025-26.pdf,prospectus,23,1,2025-26,"i. The students while studying in the college, if found indulging in any anti-national activities contrary to the provisions of Acts and Laws enforced by Government/Management or in 
any activity contrary to rules of discipline, will be liable to be expelled from the college without any notice by the Principal of the college. ii. Following points are interpreted as Indiscipline in College Campus
 
a) 
Entry in the campus without I card/kit. b) 
Eating pan, gutka or chewing gum and spitting in the campus. c) 
Using staﬀ wash room. d) 
Running, shouting and playing in class room, lab and corridor. e) 
Any brawl among the students. f) 
Showing impertinence to the faculty member. g) 
Damaging college assets or scripting on walls/benches. h) 
Publicly display of aﬀection. i) 
Honking on the ground. j) 
Any gesture which is interpreted as tarnishing image and secular thread of college at any stage and through any media. Dress Code for Boys: No T-shirts with any objectionable message, no long hair or mushroom cut hair style, no short pants, no bracelet/wristlet/armlet. Dress Code for Girls: No dress which disrupts the diﬃdence of women, such as T-shirts, skin- tight jeans and deep-neck kurta (jeans/pants are allowed only with kurta). CONDUCT AND DISCIPLINE
Maharashtra Prohibition of Ragging Act 1999 and Prevention and Prohibition of Ragging (Appendix-12 published in AICTE Approval Process Handbook 2019-20) and their amendments 
th
which may be published from time to time."
MHSSCE_00442,Prospectus 2025-26.pdf,prospectus,23,2,2025-26,"CONDUCT AND DISCIPLINE
Maharashtra Prohibition of Ragging Act 1999 and Prevention and Prohibition of Ragging (Appendix-12 published in AICTE Approval Process Handbook 2019-20) and their amendments 
th
which may be published from time to time.

The Maharashtra Prohibition of Ragging Act 1999, which is in an eﬀect from 15 May, 1999 has the following provisions for Action against 
Ragging:
i. Ragging within or outside of any educational institution is prohibited. ii. Whosoever directly or indirectly commits, participates in, abets or propagates ragging within or outside any educational institution shall, on conviction, be punished with 
imprisonment for a term up to 2 years and/or penalty, which may extend to Ten thousand rupees. iii. Any student convicted of an oﬀence of ragging shall be dismissed from the educational institution and such student shall not be admitted in any other educational institution for a 
period of ﬁve years from the date of order of such dismissal. iv. Whenever any student or as the case may be, the parent or guardian or a teacher of an educational institution complains, in writing of ragging to the head of the educational 
institution, the head of the educational institution shall, without prejudice to the foregoing provisions, within seven days of the receipt of the complaint, enquire into the matter 
mentioned in the complaint and if, prima facie, it is found true, suspend the student who is accused of the oﬀence and shall immediately forward the complaint to the police station 
having jurisdiction over the area in which the educational institution is located for further action."
MHSSCE_00443,Prospectus 2025-26.pdf,prospectus,23,3,2025-26,"prima facie, it is found true, suspend the student who is accused of the oﬀence and shall immediately forward the complaint to the police station 
having jurisdiction over the area in which the educational institution is located for further action.

Where, on enquiry by the head of the educational institution, it is found that prima 
facie there is no substance, in the complaint received; he/she shall intimate the fact, inwriting, to the complainant. The decision of the head of the educational institution shall be ﬁnal. v. If the Head of the educational institution fails or neglects to act in the manner speciﬁed in section ""d"" above when a complaint of ragging is made, such person shall be deemed to have 
abetted the oﬀence and shall, on conviction, be punished as provided for in section ""b"" above. vi. Undertaking from the candidate shall be taken while admitting the candidate in the Institute. vii. Any Acts or its amendments which may be published from time to time by AICTE, Government or Judgments by Hon. Supreme Court of India, Hon. High Court of Bombay etc. Will be 
applicable to Candidates and Institutions covered under these rules of admission. viii. If any of the statement made in application form or any information supplied, or any certiﬁcate(s) submitted by the candidate in connection with his or her admission is later at any 
time, found to be false or incorrect, his or her admission will be cancelled, fees forfeited and he or she may be expelled from the college by the Principal/Director. An appeal against the 
order of expulsion, however, may be sent within 7 days to the Director of Technical Education, Maharashtra State, Mumbai, whose decision in such cases will be ﬁnal."
MHSSCE_00444,Prospectus 2025-26.pdf,prospectus,23,4,2025-26,"may be expelled from the college by the Principal/Director. An appeal against the 
order of expulsion, however, may be sent within 7 days to the Director of Technical Education, Maharashtra State, Mumbai, whose decision in such cases will be ﬁnal.

Such candidates 
are also liable for penal action as per the provisions in the law. ANTI RAGGING RULES"
MHSSCE_00445,Prospectus 2025-26.pdf,prospectus,24,1,2025-26,"8, Saboo Siddik Polytechnic Road,
Post Box No. 4627, Byculla,
Mumbai - 400008.
+91-22-23012922
+91-22-23051356
+91-22-23082640
aimhssce@gmail.com
mhssce@yahoo.in
www.mhssce.ac.in
Designed & Printed by A.I’s Adabi Printing Press, Mumbai - 400008. Mob.: 9821 80 26 76
ANJUMAN-I-ISLAM’S
M. H. SABOO SIDDIK 
COLLEGE OF ENGINEERING
Advancing Knowledge, Building Careers
CONTACT DETAILS"
MHSSCE_00446,SEM-I-NEP2024.pdf,academic_document,1,1,2024-25,"1 
 
 
 
 
 
 AC – 6.8 
 
 
 
 
 
 
 
 
 
 
Item No. – 28/6/2024 
As Per NEP 2020 
 
 
 
 
University of Mumbai 
 
 
 
 
 
 
Bachelor of Engineering 
 
 First Year Engineering (Semester I & II), Revised Course 
 (NEP-2020 Scheme) from Academic Year 2024-25 
 (Common for All Branches of Engineering) 
 
A- 
U.G. Certificate in Major Discipline of Engineering/Technology 
B- 
U.G. Diploma in Major Discipline of Engineering/Technology 
C- 
B.Voc/B.S.c. in Major Discipline of Engineering/Technology 
D- 
B.E. in Major Discipline of Engineering/Technology 
E- 
B.E. ( Hons.) in Major Discipline of Engineering/Technology 
F- 
B.E. (Hons. With Research) in Major Discipline of Engineering/Technology 
Under 
FACULTY OF SCIENCE & TECHNOLOGY 
 Ref: GR dated 20th April, 2023 for Credit Structure of UG 
 
 (As per AICTE & NEP 2020 Guidelines with effect 
 from the Academic Year 2024-25 Progressively)"
MHSSCE_00447,SEM-I-NEP2024.pdf,academic_document,2,1,,"2 
 
 
 
 
Preamble 
 
To meet the challenge of ensuring excellence and NEP 2020 policy in engineering education, the issue of quality needs to 
be addressed, debated, and taken forward systematically. Accreditation is the principal means of quality assurance in 
higher education. The major emphasis of the accreditation process is to measure the outcomes of the program that is being 
accredited. In line with this Faculty of Science and Technology (in particular Engineering) of the University of Mumbai 
has taken the lead in incorporating the philosophy of NEP 2020 education in the process of curriculum development. The First Year Engineering course is a broad foundation training program to impart scientific and logical thinking Training 
to learners in general with a choice of course selection in the Basic sciences and Engineering Sciences. Simultaneously 
NEP- 2020 objectives demand nurturing the basic skills required for familiarizing within the respective chosen Branch of 
Engineering by the learner. Keeping this in view, a pool of courses is offered in Basic sciences covering fundamentals 
required to understand modern engineering practices and emerging trends in technology. Considering the change in 
pedagogy and the convenience of the stress-free learning process, in the course work under heads of Engineering Sciences, 
a choice-based subject pool is offered in the second semester."
MHSSCE_00448,SEM-I-NEP2024.pdf,academic_document,2,2,,"and emerging trends in technology. Considering the change in 
pedagogy and the convenience of the stress-free learning process, in the course work under heads of Engineering Sciences, 
a choice-based subject pool is offered in the second semester.

Essentially to give a glimpse of trends in the industry under 
vocational skill practices, the pool is offered to nurture and develop creative skills in contemporary industrial practices. Criteria met in the structure is the opportunity for learners to choose the course of their interest in all disciplines. Basic sciences cover Applied Physics and Elective Physics, Applied Chemistry and Elective Chemistry, and Applied 
Mathematics where a pool of subjects are given for selection, the rationale for the same is that generalized basic science 
courses are not feasible from learners' point of view. Considering the present scenario, diverse choices need to be made 
available to fulfill the expectation of a learner to aspire for a career in the field of current trends of Technology and 
interdisciplinary research. Ability enhancement can be achieved in Undergraduate training by giving an objective viewpoint 
to the learning process and transitioning a learner from a rote learner to a creative professional, for the purpose Design 
Thinking is introduced in the First Semester to orient a journey learner to become a skilled professional. Considering the 
NEP-2020 structure of award of Certificate & Diploma at multiple exit-point pools of Vocational skills is arranged for 
giving exposure to the current Industry practices."
MHSSCE_00449,SEM-I-NEP2024.pdf,academic_document,2,3,2024-25,"to orient a journey learner to become a skilled professional. Considering the 
NEP-2020 structure of award of Certificate & Diploma at multiple exit-point pools of Vocational skills is arranged for 
giving exposure to the current Industry practices.

Faculty resolved that course objectives and course outcomes are to be clearly defined for every course so that all faculty 
members in affiliated higher education institutes understand the depth and approach of the course to be taught, which will 
enhance the learner’s learning process. NEP 2020 grading system enables a much-required shift in focus from teacher-
centric to continuous-based learner-centric education since the workload estimated is based on the investment of time in 
learning and not in teaching. It also focuses on continuous evaluation which will enhance the quality of education. Credit 
assignment for courses is based on a 15-week teaching-learning process for NEP 2020, however, the content of courses is 
to be taught in 12-13 weeks and the remaining 2-3 weeks are to be utilized for revision, tutorial, guest lectures, coverage 
of content beyond the syllabus, etc. There was a concern that in the present system, the first-year syllabus must not be heavily loaded to the learner and it is of 
utmost importance that the learner entering into the first year of an engineering course should feel at ease by lowering the 
burden of syllabus and credits. This is necessary for a learner to get accustomed to the new environment of a college and 
to create a bond between the teacher and the learner. The present curriculum will be implemented for the First Year of 
Engineering from the academic year 2024-25."
MHSSCE_00450,SEM-I-NEP2024.pdf,academic_document,2,4,2024-25,"is necessary for a learner to get accustomed to the new environment of a college and 
to create a bond between the teacher and the learner. The present curriculum will be implemented for the First Year of 
Engineering from the academic year 2024-25.

Subsequently, this system will be carried forward for Second Year 
Engineering in the academic year 2025-26, and for Third Year and Final Year Engineering in the academic years 2026-27, 
and 2027-28, respectively. Dr. Deven Shah 
Associate Dean 
Faculty of Science & Technology 
 
Prof. Shivram S. Garje 
Dean 
Faculty of Science & Technology"
MHSSCE_00451,SEM-I-NEP2024.pdf,academic_document,3,1,2024-2025,"3 
 
 
 
 Program Structure for First Year Engineering 
 
UNIVERSITY OF MUMBAI 
(NEP 2020 With Effect from Academic Year 2024-2025) 
 
Semester I 
 
 
Course 
Code 
Course Description 
Teaching Scheme 
(Contact Hours) 
 
 
Credit Assigned 
 
Theory Practical Tutorial Theory 
 
Tutorial 
 
Practical 
Total 
Credits 
BSC101 
Applied Mathematics -I 
2 
-- 
1 
2 
1 
-- 
3 
BSC102 
Applied Physics 
2 
-- 
- 
2 
- 
-- 
2 
BSC103 
Applied Chemistry 
2 
- 
- 
2 
- 
- 
2 
ESC101 
Engineering Mechanics 
2 
- 
- 
2 
- 
- 
2 
ESC102 
Basic Electrical & Electronics 
Engineering 
3 
-- 
- 
3 
- 
-- 
3 
BSL101 
Applied Physics Lab 
- 
1 
- 
- 
- 
0.5 
0.5 
BSL102 
Applied Chemistry Lab 
- 
1 
- 
- 
- 
0.5 
0.5 
ESL101 
Engineering Mechanics Lab 
- 
2 
- 
- 
- 
1 
1 
ESL102 
Basic Electrical & Electronics 
Engineering Lab 
-- 
2 
- 
-- 
- 
1 
1 
AEC101 
Professional and Communication 
Ethics 
2 
-- 
- 
2 
- 
-- 
2 
AEL101 
Professional and Communication 
Ethics 
-- 
2 
 
-- 
-- 
1 
1 
VSEC101 
Engineering Workshop-I 
- 
2 
- 
- 
- 
1 
1 
VSEC102 
C Programming 
- 
2*+2 
- 
- 
- 
2 
2 
CC101 
Induction cum Universal Human 
Values 
2# 
- 
- 
2 
- 
-- 
2 
Total 
15 
14 
1 
15 
01 
07 
23 
 
* Two hours of practical class to be conducted for full class as demo/discussion. 
# Course evaluation is activity-based which may be an individual or group of four students. 
Theory / Tutorial 1 credit for 1 hour and Practical 1 credit for 2 hours"
MHSSCE_00452,SEM-I-NEP2024.pdf,academic_document,4,1,,"4 
 
 
 
 
 
 
 
 
Semester I 
 
Course 
Code 
Course Description 
Examination scheme 
Internal Assessment Test 
(IAT) 
End 
Sem. 
Exam 
Marks 
End Sem. 
Exam 
Duration 
(Hrs) 
Term 
Work 
(Tw) 
Oral 
& 
Pract. 
 
Total 
IAT-I IAT-II 
Total 
(IAT-I) +
IAT-II) 
BSC101 
Applied Mathematics -I 
20 
20 
40 
60 
02 
25 
-- 
125 
BSC102 
Applied Physics 
15 
15 
30 
45 
1.5 
-- 
-- 
75 
BSC103 
Applied Chemistry 
15 
15 
30 
45 
1.5 
-- 
-- 
75 
ESC101 
Engineering Mechanics 
20 
20 
40 
60 
02 
-- 
-- 
100 
ESC102 
Basic Electrical & Electronics 
Engineering 
20 
20 
40 
60 
02 
-- 
-- 
100 
BSL101 
Applied Physics Lab 
-- 
-- 
-- 
-- 
-- 
25 
-- 
25 
BSL102 
Applied Chemistry Lab 
-- 
-- 
-- 
-- 
-- 
25 
-- 
25 
ESL101 
Engineering Mechanics Lab 
-- 
-- 
-- 
-- 
-- 
25 
25 
50 
ESL102 
Basic Electrical & Electronics 
Engineering Lab 
-- 
-- 
-- 
-- 
-- 
25 
25 
50 
AEC101 
Professional and Communication 
Ethics 
15 
15 
30 
45 
1.5 
-- 
-- 
75 
AEL101 
Professional and Communication 
Ethics 
-- 
-- 
-- 
-- 
-- 
25 
-- 
25 
VSEC101 Engineering Workshop-I 
-- 
-- 
-- 
-- 
-- 
25 
-- 
25 
VSEC102 C Programming 
-- 
-- 
-- 
-- 
-- 
25 
25 
50 
CC101 
Induction cum Universal Human 
Values 
-- 
-- 
-- 
-- 
-- 
- 
-- 
- 
Total 
105 105 
210 
315 
10.5 
200 
75 
800"
MHSSCE_00453,SEM-I-NEP2024.pdf,academic_document,5,1,,"9 
 
 
Course 
Teaching Scheme 
Credits Assigned 
Course Name 
(Contact Hours) 
Code 
Theory 
Pract Tut. Theory 
TW/Pract Tut. Total 
BSC101 Applied Mathematics-I 
02 
-- 
01 
02 
-- 
01 
03 
Course 
Code 
Course Name 
 
Examination Scheme 
Theory 
Exam 
Duration 
(in Hrs) 
Term 
Work Pract Oral 
Total 
Internal Assessment 
Test (IAT) 
End 
Sem 
Exam 
IAT-I IAT-II 
IAT-I + 
IAT-II 
(Total) 
BSC101 Applied Mathematics-I 
20 
20 
40 
60 
 02 
25 
-- 
-- 
125 
 
 
Course Objectives: The course is aimed 
 
1. To develop the basic Mathematical skills of engineering students that are imperative for 
effective understanding of engineering subjects. The topics introduced will serve as basic tools 
for specialized studies in many fields of engineering and technology. 2. To provide hands-on experience using SCILAB software to handle applications to real-life 
problems. Course Outcomes: Students will be able to 
 
1. Apply the basic concepts of Complex Numbers and will be able to use them to analyze for 
engineering problems. 2. Apply hyperbolic functions and logarithms in subjects like electrical circuits and 
electromagnetic wave theory for cutting-edge tools and technology. 3. Apply the basic concepts of partial differentiation of function of several variables and will be 
able to use in subjects like Electromagnetic Theory, Heat and Mass Transfer, etc. 4."
MHSSCE_00454,SEM-I-NEP2024.pdf,academic_document,5,2,,"wave theory for cutting-edge tools and technology. 3. Apply the basic concepts of partial differentiation of function of several variables and will be 
able to use in subjects like Electromagnetic Theory, Heat and Mass Transfer, etc. 4.

Apply the concept of Maxima, Minima, and Successive differentiation and will be able to use 
it for optimization and tuning the systems in emerging and computing areas. 5. Apply the concept of Matrices and be able to use it for solving the KVL and KCL in electrical 
networks in emerging and telecommunications areas. 6. Apply the concept of Numerical Methods for solving engineering problems with help of 
SCILAB software."
MHSSCE_00455,SEM-I-NEP2024.pdf,academic_document,6,1,,"10 
 
Module 
Detailed Contents 
Hrs. CO 
Mapping 
01 
Complex Numbers 
Pre-requisite: Review of Complex Numbers‐Algebra of 
Complex Numbers, Cartesian, polar and exponential form of 
complex number, Statement of D’Moivre’s Theorem. 1.1. Expansion of sinnθ, cosnθ in terms of sines and cosines of 
multiples of θ and Expansion of sinnθ, cosnθ in powers of 
sinθ, cosθ. 1.2. Powers and Roots of a complex number. # Self-learning topic: Basic of Complex Number. 2 
 
2 
 
 
 
 
 
 
CO1 
02 
 Hyperbolic Functions & Logarithms of Complex Numbers 
2.1. Circular functions of complex number and Hyperbolic 
functions. Inverse 
 Circular and Inverse Hyperbolic Functions. Separation of 
real and imaginary 
 parts of all types of Functions. (Simple Examples) 
2.2. Logarithm of Complex Number (Simple Examples) 
 
# Self-learning topic: Applications of complex numbers in 
Electrical circuits. 3 
 
1 
 
 
 
 
 
 
 
CO2 
 03 
Partial Differentiation 
3.1.Partial Differentiation: Function of two and three 
variables, Partial derivatives of first and higher order. Differentiation of composite function. 3.2.Euler’s Theorem on Homogeneous functions with two 
independent variables (with proof). Deductions from 
Euler’s Theorem. (without proof). # Self-learning topics: Total differentials, implicit functions, 
Euler’s Theorem 
 on Homogeneous functions with three independent variables. 3 
 
2 
 
 
 
 
 
 
CO3 
04 
Applications of Partial Differentiation and Successive 
Differentiation."
MHSSCE_00456,SEM-I-NEP2024.pdf,academic_document,6,2,,"# Self-learning topics: Total differentials, implicit functions, 
Euler’s Theorem 
 on Homogeneous functions with three independent variables. 3 
 
2 
 
 
 
 
 
 
CO3 
04 
Applications of Partial Differentiation and Successive 
Differentiation.

4.1.Maxima and Minima of a function of two independent 
variables, 
4.2.Successive differentiation: nth derivative of standard 
functions. Leibnitz’s Theorem (without proof) and 
simple examples. # Self-learning topics: Jacobian’s of two and three independent 
variables 
 (simple problems) Lagrange’s Multiplier method. 1 
 
3 
 
 
 
 
 
 
 
CO4 
05 
Matrices 
Pre-requisite: Inverse of a matrix, addition, multiplication, and 
transpose of a matrix, symmetric, skew-symmetric Matrix (Only 
 
3"
MHSSCE_00457,SEM-I-NEP2024.pdf,academic_document,7,1,,"11 
 
Definition). 5.1.Types of Matrices (Hermitian, Skew Hermitian, Unitary, 
Orthogonal Matrices and 
 properties of Matrices (without proof)). The rank of a 
Matrix using Echelon form, reduction to 
 normal form, and PAQ form (Only 3X3 Matrix) 
5.2.System of homogeneous and non –non-homogeneous 
equations, their consistency, and solutions. # Self-learning topics: Application of inverse of a matrix to 
coding theory. Reduction to normal form and PAQ form.( m x n Matrix) 
2 
 
 
 
 
 
 
 
 
CO5 
06 
Numerical Solutions of Transcendental Equations and 
System 
of Linear Equations and Expansion of Function. 6.1.Solution of Transcendental Equations: Solution by 
Newton Raphson method and Regula –Falsi method. 6.2.Solution of a system of linear algebraic equations, by 
(1) Gauss Jacobi Iteration 
Method, (2) Gauss Seidel Iteration Method. # Self-learning topics: Indeterminate forms, L‐ Hospital Rule, 
Gauss Elimination Method, Gauss Jordan Method. 2 
 
 
 
2 
 
 
 
 
 
 
CO6 
 
References: 
1. Higher Engineering Mathematics, Dr.B.S.Grewal, Khanna Publication 
2. Advanced Engineering Mathematics, Erwin Kreyszig, Wiley EasternLimited, 9thEd. 3. Engineering Mathematics by Srimanta Pal and Subodh, C.Bhunia, Oxford University Press 
4. Matrices, Shanti Narayan, S. Chand publication. 5. Applied Numerical Methods with Matlab for Engineers and Scientists by Steven Chapra, 
 McGraw Hill 
6. Elementary Linear Algebra with Application by Howard Anton and Christ Rorres. 6th 
edition."
MHSSCE_00458,SEM-I-NEP2024.pdf,academic_document,7,2,,"4. Matrices, Shanti Narayan, S. Chand publication. 5. Applied Numerical Methods with Matlab for Engineers and Scientists by Steven Chapra, 
 McGraw Hill 
6. Elementary Linear Algebra with Application by Howard Anton and Christ Rorres. 6th 
edition.

John Wiley & Sons, INC. 7. A textbook of Engineering Mathematics by N.P. Bali & Manish Goyal. Laxmi Publication. 8. A textbook of Applied Mathematics Vol-I & Vol-II by P. N. Wartikar & J.N. Wartikar. Term Work: 
 
General Instructions: 
1. Batch-wise tutorials are to be conducted. The number of students per batch should be as per 
 University pattern for practicals. 2. Students must be encouraged to write SCILAB Programs in tutorial class only. Each Student has 
to write at least 2 SCILAB tutorials (including print out) and at least 6 class tutorials on entire 
syllabus. 3. SCILAB Tutorials will be based on (i) Gauss Jacobi Iteration Method (ii) Guass Seidal Iteration 
method (iii) Newton Raphson Method (iv)Regula –Falsi method."
MHSSCE_00459,SEM-I-NEP2024.pdf,academic_document,8,1,,"12 
 
 
The distribution of Term Work marks will be as follows – 
1. Attendance (Theory and Tutorial) 05 marks 
2. Class Tutorials on entire syllabus 10 marks 
3. SCILAB Tutorials 
 10 marks 
 
 
Assessment: 
Internal Assessment Test (IAT) for 20 marks each: 
• IA will consist of Two Compulsory Internal Assessment Tests. Approximately 40% to 
50% of the syllabus content must be covered in the IAT-I and the remaining 40% to 
50% of the syllabus content must be covered in the IAT-II. 
End Semester Theory Examination: 
 
➢ Question paper format 
• Question Paper will comprise a total of six questions each carrying 15 marks Q.1 will 
be compulsory and should cover the maximum contents of the syllabus 
• Remaining questions will be mixed in nature (part (a) and part (b) of each 
question must be from different modules. For example, if Q.2 has part (a) from 
Module 3 then part (b) must be from any other Module randomly selected from all 
the modules) 
• A total of four questions need to be answered"
MHSSCE_00460,SEM-I-NEP2024.pdf,academic_document,9,1,,"13 
 
 
 
 
Rationale: 
Most of the engineering branches are being off-spring of basic sciences where physics is playing a 
pivotal role in concept and understanding of foundation of core engineering branches. This syllabus is 
developed by keeping in mind, needs of all branches that we offer in University of Mumbai. In the 
distribution of modules, core physics and its applied form are given priority. Further, it is ensured that 
these modules will cover prerequisites needed for engineering courses to be introduced in higher 
semesters as core subjects or as interdisciplinary subjects in respective branches. Course Objectives: 
1. To provide students with a basic understanding of laser operation. 2. To explain the basic working principle of Optical fiber and its use in communication 
technology. 3. To demonstrate principles of interference in thin film. 4. To describe Maxwell’s equations and their significance. 5. To build a foundation of quantum mechanics needed for modern technology. 6. To give exposure to the concept of Fermi level in semiconductors. Course Outcomes: 
1. Learners will be able to ILLUSTRATE the use of laser in LiDAR and Barcode reading. 2. Learners will be able to APPLY the foundation of fiber optics in the development of modern 
communication technology 
3. Learners will be able to determine the wavelength of light and refractive index of liquid using 
the interference phenomenon."
MHSSCE_00461,SEM-I-NEP2024.pdf,academic_document,9,2,,"2. Learners will be able to APPLY the foundation of fiber optics in the development of modern 
communication technology 
3. Learners will be able to determine the wavelength of light and refractive index of liquid using 
the interference phenomenon.

Course 
Code 
Course Name 
Teaching Scheme 
(Contact Hours) 
Credits Assigned 
Theory 
Pract. Tut. Theory 
Pract. Tut. Total 
BSC102 
Applied Physics 
2 
-- 
- 
2 
-- 
- 
2 
Course 
Code 
Course Name 
Theory 
Term 
work 
Pract / 
Oral 
Total 
Internal 
Assessment Test 
(IAT) 
End 
Sem 
Exam 
Exam 
Duration 
(in Hrs) 
IAT-I 
 
 
IAT-II 
IAT-I + 
IAT-II 
(Total) 
BSC102 
Applied Physics 
15 
15 
30 
45 
02 
-- 
-- 
75"
MHSSCE_00462,SEM-I-NEP2024.pdf,academic_document,10,1,,"14 
 
4. Learners will be able to ARTICULATE the significance of Maxwell’s equations. 5. Learners will be able to RELATE the foundations of quantum mechanics with the 
development of modern technology. 6. Learner will be able to CLASSIFY semiconductors and EXPLAIN variation of Fermi level 
with temperature and doping concentration. DETAILED SYLLABUS: 
 
Name of 
Module 
Detailed Content 
Hours 
CO 
Mapping 
 
Prerequisite 
Basic knowledge of optics and atomic structure, 
Wavefront and Huygens principle, reflection and 
refraction, Interference by division of wavefront, 
Refractive index of a material, Snell’s law, Basics of 
vector algebra, partial differentiation concepts, Dual 
nature of radiation, Photoelectric effect, Matter 
waves, Davisson-Germer experiment. Intrinsic and extrinsic semiconductors, electrical 
resistivity and conductivity concepts 
-- 
-- 
I 
Lasers 
Lasers: Spontaneous and stimulated emission, 
population inversion, pumping, active medium & 
active center, resonant cavity, coherence length and 
coherence time, Characteristics of lasers, He-Ne 
laser: construction and working."
MHSSCE_00463,SEM-I-NEP2024.pdf,academic_document,10,2,,"-- 
I 
Lasers 
Lasers: Spontaneous and stimulated emission, 
population inversion, pumping, active medium & 
active center, resonant cavity, coherence length and 
coherence time, Characteristics of lasers, He-Ne 
laser: construction and working.

Fiber 
laser Construction and working 
Application: 
(i)Elementary knowledge of LiDAR(ii) Barcode 
reader (iii) Application of 
laser in metal work 
04 
CO1 
II 
Fibre Optics 
Optical fibers: Critical angle, acceptance angle, 
acceptance cone, numerical aperture, total internal 
reflection andpropagation of light, Types of optical 
fibers: Single mode & multimode, step index & 
graded index, attenuation,attenuation coefficient, 
factors affecting attenuation, Fibre Optic 
Communication System, Advantages of optical fiber 
04 
CO2"
MHSSCE_00464,SEM-I-NEP2024.pdf,academic_document,11,1,,"15 
 
communication, numerical 
III 
Interfenence 
In Thin Films 
Interference in thin film of uniform thickness, 
conditions of maxima and minima for reflected 
system, Conditions for maxima and minima for 
wedge shaped film (qualitative), engineering 
applications – 
(i) Newton’s rings for determination of unknown 
monochromatic wavelength and refractive Index of 
transparent liquid (ii) AntiReflecting Coating 
04 
CO3 
IV 
Electrodyna
mics 
Vector Calculus: Gradient, Divergence, Curl. Gauss’s law, Amperes’ circuital Law, Faraday’s law, 
Divergence theorem, Stokes theorem Maxwell’s 
equations in point form, Integral form and their 
significance(Cartesian coordinate only) 
04 
CO4 
V 
Quantum 
Physics 
de Broglie hypothesis of matter waves, de Broglie 
wavelength for electron, Properties of matter waves, 
Wave function and probability density, 
mathematicalconditions for wave function, problems 
on de Broglie wavelength, Need and significance of 
Schrödinger’sequations, Schrödinger’s time 
independent and time dependent equations, Energy of 
a particle enclosed in a rigidbox and related 
numerical problems, Quantum mechanical tunneling, 
Principles of quantum computing: concept of Qubit."
MHSSCE_00465,SEM-I-NEP2024.pdf,academic_document,11,2,,"of 
Schrödinger’sequations, Schrödinger’s time 
independent and time dependent equations, Energy of 
a particle enclosed in a rigidbox and related 
numerical problems, Quantum mechanical tunneling, 
Principles of quantum computing: concept of Qubit.

06 
CO5 
VI 
Basics Of 
Semiconduct
or Physics 
Direct and Indirect Band Gap Semiconductors, 
Electrical Conductivity of Semiconductors, Drift 
Velocity, Mobility and Conductivity in Conductors 
Fermi- Dirac distribution function, Position of Fermi 
Level in Intrinsic and Extrinsic Semiconductors. 04 
CO6 
Text Books: 
1. A Text book of Engineering Physics -Dr. M. N. Avadhanulu, Dr. P. G. Kshirsagar, S. Chand, 
Revised Edition 2014 
2. Modern Engineering Physics - A. S. Vasudeva, S. Chand, Revised Edition 2013 
3. Engineering Physics D. K Bhattacharya,PoonamTandon, Oxford Higher Education, 1st Edition 
2015"
MHSSCE_00466,SEM-I-NEP2024.pdf,academic_document,12,1,,"16 
 
4. Engineering Physics -R. K. Gaur,S. L. Gupta, DhanpatRai Publications, 2012 
5. Engineering Physics -V. Rajendran, McGraw Hill Educations, 2017 
6. A Textbook of Nanoscience and Nanotechnology, T. Pradeep Tata McGraw Hill Education 
Pvt. Ltd., 2012 
References: 
1. Concepts of Modern Physics - ArtherBeiser, ShobhitMahajan, S. Choudhury, McGraw Hill, 
7thEdition 2017 
2. Fundamentals of optics - Francis A. Jenkins, Harvey E. White, McGraw Hill Publication, India, 
4th Edition 
3. Fundamentals of Physics, Halliday and Resnick, Wiley publication 
4. Introduction to Electrodynamics, D. J. Griffiths, Pearson PublicationOnline 
References: 
Sr. No. Website Name 
1. https://archive.nptel.ac.in/courses/115/102/115102124/ 
2. https://archive.nptel.ac.in/courses/115/102/115102025/ 
3. https://archive.nptel.ac.in/courses/115/105/115105132/ 
 
Assessment: 
Internal Assessment Test (IAT) for 15 marks each: 
• IA will consist of Two Compulsory Internal Assessment Tests. Approximately 40% to 
50% of the syllabus content must be covered in the IAT-I and the remaining 40% to 
50% of the syllabus content must be covered in the IAT-II. End Semester Theory Examination: 
 
Question paper format 
• Question Paper will comprise a total of five questions each carrying 15 marks Q.1 
will be compulsory and should cover the maximum contents of the syllabus 
• Remaining questions will be mixed in nature (part (a) and part (b) of each 
question must be from different modules."
MHSSCE_00467,SEM-I-NEP2024.pdf,academic_document,12,2,,"a total of five questions each carrying 15 marks Q.1 
will be compulsory and should cover the maximum contents of the syllabus 
• Remaining questions will be mixed in nature (part (a) and part (b) of each 
question must be from different modules.

For example, if Q.2 has part (a) from 
Module 3 then part (b) must be from any other Module randomly selected from all 
the modules) 
• A total of three questions need to be answered 
 
 
Course 
Code 
Course Name 
Teaching Scheme 
(Contact Hours) 
Credits Assigned 
Theory 
Pract. Tut. Theory 
Pract. Tut. Total 
BSL101 
Applied Physics 
Lab 
-- 
1 
- 
-- 
0.5 
- 
0.5"
MHSSCE_00468,SEM-I-NEP2024.pdf,academic_document,13,1,,"17 
 
 
 
 
Course 
Code 
Course Name 
Theory 
Term 
work 
Pract / 
Oral 
Total 
Internal 
Assessment Test 
(IAT) 
End 
Sem 
Exam 
Exam 
Duration 
(in Hrs) 
IAT-I 
 
 
IAT-II 
IAT-I + 
IAT-II 
(Total) 
BSL101 
Applied Physics 
Lab 
-- 
-- 
-- 
-- 
-- 
25 
-- 
25 
 
Lab Objectives: 
1. To develop scientific understanding of the physics concepts. 2. To develop the ability to explain the processes and applications related to science subjects. 3. To apply skills and knowledge in real life situations. 4. To improve the knowledge about the theory concepts of Physics learned in the class. 5. To improve ability to analyse experimental result and write laboratory report. 6. To develop understanding about inferring and predicting. Lab Outcomes: Learners will be able to.. 1. Determine wavelength / divergence of laser beam. 2. Determine parameters like numerical aperture / power attenuation of an optical fibre. 3. Perform experiments based on interference in thin film and determine radius of curvature of 
lens / diameter of wire / thickness of paper. 4. Calculate basic parameters / constants using semiconductors. 5. Determine energygap / resistivity of a semiconductor. 6. Learner to understand the concept for virtual lab as per syllabus. List of Experiments. (Minimum five experiments required) 
Sr No 
List of Experiments 
Hrs 
LO Mapping 
01 
Determination of wavelength using Diffraction grating."
MHSSCE_00469,SEM-I-NEP2024.pdf,academic_document,13,2,,"a semiconductor. 6. Learner to understand the concept for virtual lab as per syllabus. List of Experiments. (Minimum five experiments required) 
Sr No 
List of Experiments 
Hrs 
LO Mapping 
01 
Determination of wavelength using Diffraction grating.

(Laser 
source) 
01 
LO1 
02 
Study of divergence of laser beam 
01 
LO1 
03 
Determination of Numerical Aperture of an optical fibre. 01 
LO2 
04 
Measuring optical power attenuation in your plastic optical fiber 
01 
LO2 
05 
Determination of radius of curvature of a lens using Newton’s ring 
set up. 01 
LO3 
06 
Determination of diameter of wire/hair or thickness of paper using 
Wedge shape film method. 01 
LO3 
07 
Determination of ‘h’..photo cell 
01 
LO4 
08 
Determination of ‘h’ using LED 
01 
LO4 
09 
Determination of energy band gap of semiconductor. 01 
LO5"
MHSSCE_00470,SEM-I-NEP2024.pdf,academic_document,14,1,,"18 
 
 
Term Work Marks: 25 Marks (Total marks) = 10 Marks (Experiment) + 10 Marks Project + 5 
Marks (Attendance) 
Project work will be extended to semester-2 as well. In semester 1, a group of four students will be 
formed; a domain may be provided by faculty, the group will frame a problem statement in consultation 
with faculty. A PPT presentation with problem statement, preliminary literature survey, execution 
plan and a probable outcome is to be considered for awarding marks. Proper rubrics must be framed 
by faculty member 
 
 
 
 
 
Rationale: 
Chemical science has contributed in many ways to most of the Engineering branches where 
“Environmental Chemistry” is the modern approach to learn impact of Technology on habitat and 
can be common to all Core Groups, “Engineering Materials” can be prerequisites to many subjects 
of all core groups and Impact of corrosion on metals as engineering materials is the important area of 
concern. “Conventional and Non Conventional Energy Study” is the matter of general approach to 
all Core groups as Energy issue is the most recent concern even for designing computational engines 
(Include hardware & software energy efficient). Course Objectives: 
1) To study Coal as a conventional source of energy. 2) To study the effect of corrosion by different mechanisms on metals and methods of corrosion 
control. 10 
Determination of resistivity by four probe method."
MHSSCE_00471,SEM-I-NEP2024.pdf,academic_document,14,2,,"efficient). Course Objectives: 
1) To study Coal as a conventional source of energy. 2) To study the effect of corrosion by different mechanisms on metals and methods of corrosion 
control. 10 
Determination of resistivity by four probe method.

01 
LO5 
11 
Any other experiment based on syllabus may be included, which 
would help the learner to understand concept. Virtual lab may be 
developed and used for performing the experiments, after defining 
a suitable LO 
01 
LO6 
Course 
Code 
Course Name 
Teaching Scheme 
(Contact Hours) 
Credits Assigned 
Theory 
Pract. Tut. Theory 
Pract. Tut. Total 
BSC103 Applied Chemistry 
2 
-- 
- 
2 
-- 
- 
2 
Course 
Code 
Course Name 
Theory 
Term 
work 
Pract / 
Oral 
Total 
Internal 
Assessment Test 
(IAT) 
End 
Sem 
Exam 
Exam 
Duration 
(in Hrs) 
IAT-I 
 
 
IAT-II 
IAT-I + 
IAT-II 
(Total) 
BSC103 Applied Chemistry 
15 
15 
30 
45 
02 
-- 
-- 
75"
MHSSCE_00472,SEM-I-NEP2024.pdf,academic_document,15,1,,"19 
 
3) To recognise importance of alloys and can apply the phase rule on it to study the effect of 
temperature and composition. 4) To introduce important properties of polymers as Engineering material. 5) To recognise the composition, properties and functions of various composite materials. 6) To study importance of Green Chemistry by comparative study of conventional and Green 
routes of syntheses, solvents and fuels. Course Outcomes: Student will be able to - 
1) Determine the quality of coal and quantify the oxygen required for combustion of coal. 2) Apply different methods to minimize corrosion in industries. 3) Interpret various phase transformations of alloy using thermodynamics. 4) Use the polymers for specific engineering applications on the basis of the properties. 5) Identify different types of composite materials for engineering applications. 6) Apply the principles of Green chemistry and study environmental impact for sustainable 
development 
Prerequisite: 
1) Knowledge about basic difference in Conventional and non-conventional energy sources. 2) Knowledge about concepts of Electrochemistry. 3) Knowledge of basic properties of metals and nonmetals. 4) Knowledge of 12 principles of Green Chemistry 
DETAILED SYLLABUS: 
Sr. No. Name of 
Module 
Detailed Content 
Hours 
CO 
Mapping 
I 
Fuels and 
Combustion 
A) cFuel: - Definition, Characteristics of good fuel."
MHSSCE_00473,SEM-I-NEP2024.pdf,academic_document,15,2,,"properties of metals and nonmetals. 4) Knowledge of 12 principles of Green Chemistry 
DETAILED SYLLABUS: 
Sr. No. Name of 
Module 
Detailed Content 
Hours 
CO 
Mapping 
I 
Fuels and 
Combustion 
A) cFuel: - Definition, Characteristics of good fuel.

B) Calorific value (Definition, Types, 
Determination, Dulong’s formula, Numerical) 
C) Coal: - Analysis of coal – Proximate analysis, 
Ultimate analysis, Numerical) 
D) Combustion of coal – Numerical 
04 
CO1 
II 
Corrosion 
A) Introduction: - Definition, Types of Corrosion – 
i) Dry or Atmospheric Corrosion, ii) Wet or 
Electrochemical corrosion (In Acidic medium, In 
Neutral medium) 
B) Factors affecting rate of corrosion:- i) Position of 
metal in galvanic series, ii) Purity of Metal, iii) 
Nature of Corrosion product, iv) Temperature, v) 
pH of medium, vi) concentration of medium, vii) 
moisture, viii) Relative Cathodic and Anodic 
area, ix) overvoltage 
C) Methods to control corrosion: - i) Selection of 
metal, ii) Proper Designing, iii) Cathodic 
protection, iv) Use of Corrosion Inhibitors, v) 
Metallic Coating 
D) Corrosion in Electronic devices 
04 
CO2 
III 
Alloys 
A) Purpose of making alloys. B) i) Gibbs Phase rule – Statement, Terms involved 
04 
CO3"
MHSSCE_00474,SEM-I-NEP2024.pdf,academic_document,16,1,,"20 
 
with examples. ii) Reduced phase rule, Two-component system (Pb-
Ag) & Numerical. iii) Merits and Limitations of Phase rule. IV 
Introductio
n to 
Polymers 
A) Macro-molecular science, basic concept of 
polymers, Chemical bonding in polymers, 
Classification of Polymers. B) Properties of Polymers:- i) Molecular weight - 
Number average molecular weight, Weight 
average molecular weight, Numerical, ii) 
Crystallinity - Crystalline and amorphous 
polymers – Glass transition temperature, iii) 
Mechanical Properties: Hardness, tensile 
strength, creep, fatigue, impact resistance 
(introduction), iv) Electrical properties: 
dielectric strength, insulation resistance, surface 
resistivity (Introduction), v) Optical properties: 
refractive index, transmittance, photoelectric 
property, colour 
05 
CO4 
V 
Introductio
n to 
Composites 
A) Definition, Characteristics of Composites, 
B) Constituents of Composites – Matrix Phase and 
Dispersed Phase (Definition and Functions) 
C) Classification of Composites 
04 
CO5 
VI 
Green 
Chemistry 
for 
sustainable 
developmen
t 
A) Comparative study of synthesis of following 
industrially important molecules by 
conventional and green route:- i) Indigo dye, ii) 
Adipic acid, iii) Carbaryl 
B) Green Solvents: - characteristics and 
applications of Supercritical solvents and ionic 
liquids 
C) Green Fuels:- Synthesis and Advantages of i) 
Biodiesel, ii) Ethanol 
 
05 
CO6 
Recommended Books: 
1."
MHSSCE_00475,SEM-I-NEP2024.pdf,academic_document,16,2,,"dye, ii) 
Adipic acid, iii) Carbaryl 
B) Green Solvents: - characteristics and 
applications of Supercritical solvents and ionic 
liquids 
C) Green Fuels:- Synthesis and Advantages of i) 
Biodiesel, ii) Ethanol 
 
05 
CO6 
Recommended Books: 
1.

Engineering Chemistry, Jain and Jain, Dhanpat Rai Publication 
2. A textbook of Engineering Chemistry, S. S. Dara, S. Chand and Company 
3. Polymer science: Vasant Gowarikar, Wiley Estern Ltd, new Delhi 
4. Green Chemistry: V. K. Ahluwalia 
 
Online References: 
Sr. No. Website Name 
1. https://archive.nptel.ac.in/courses/103/106/105106205/ 
2. https://courses.nptel.ac.in/noc20_ch41/preview 
 
Assessment: 
Internal Assessment Test (IAT) for 15 marks each:"
MHSSCE_00476,SEM-I-NEP2024.pdf,academic_document,17,1,,"21 
 
• IA will consist of Two Compulsory Internal Assessment Tests. Approximately 40% to 
50% of the syllabus content must be covered in the IAT-I and the remaining 40% to 
50% of the syllabus content must be covered in the IAT-II. End Semester Theory Examination: 
 
Question paper format 
• Question Paper will comprise a total of five questions each carrying 15 marks Q.1 
will be compulsory and should cover the maximum contents of the syllabus 
• Remaining questions will be mixed in nature (part (a) and part (b) of each 
question must be from different modules. For example, if Q.2 has part (a) from 
Module 3 then part (b) must be from any other Module randomly selected from all 
the modules) 
• A total of three questions need to be answered. Lab Objectives: 
1. To apply knowledge acquired during the theory class in carrying out the experiments for 
qualitative and quantitative determination. 2. To analyse experimental results and write laboratory report. Lab Outcomes: After completion of experiment, the learners will be able to: 
1. Understand the significance of proximate analysis of coal and determine quality of coal sample. 2. Learn various quantitative analytical techniques to determine % of elements from alloy samples. 3. Synthesize biodiesel at laboratory level and calculate % atom economy from Green chemistry 
point of view. Course 
Code 
Course Name 
Teaching Scheme 
(Contact Hours) 
Credits Assigned 
Theory 
Pract. Tut. Theory 
Pract. Tut."
MHSSCE_00477,SEM-I-NEP2024.pdf,academic_document,17,2,,"from alloy samples. 3. Synthesize biodiesel at laboratory level and calculate % atom economy from Green chemistry 
point of view. Course 
Code 
Course Name 
Teaching Scheme 
(Contact Hours) 
Credits Assigned 
Theory 
Pract. Tut. Theory 
Pract. Tut.

Total 
BSL102 Applied Chemistry 
Lab 
-- 
1 
- 
-- 
0.5 
- 
0.5 
Course 
Code 
Course Name 
Theory 
Term 
work 
Pract / 
Oral 
Total 
Internal 
Assessment Test 
(IAT) 
End 
Sem 
Exam 
Exam 
Duration 
(in Hrs) 
IAT-I 
 
 
IAT-II 
IAT-I + 
IAT-II 
(Total) 
BSL102 
Applied Chemistry 
Lab 
-- 
-- 
-- 
-- 
-- 
25 
-- 
25"
MHSSCE_00478,SEM-I-NEP2024.pdf,academic_document,18,1,,"22 
 
4. Learn the effect of various factors on the rate of corrosion. 5. Synthesize bioplastic at laboratory level using from Green chemistry. 6. Quantitative determination of N2 / Flue gas. Prerequisite: 
1. Knowledge of basic safety practices in the Chemistry Laboratory 
2. Knowledge of Proximate analysis of coal 
3. Knowledge of volumetric analysis 
 
List of Experiments. Assessment: 
Term Work: Term Work shall consist of at least 5 to 6 practicals based on the above list. Also, 
Term work Journal must include at least 4 assignments."
MHSSCE_00479,SEM-I-NEP2024.pdf,academic_document,18,2,,"analysis of coal 
3. Knowledge of volumetric analysis 
 
List of Experiments. Assessment: 
Term Work: Term Work shall consist of at least 5 to 6 practicals based on the above list. Also, 
Term work Journal must include at least 4 assignments.

Term Work Marks: 25 Marks (Total marks) = 15 Marks (Experiment) + 5 Marks (Assignments) + 
5 Marks (Attendance) 
 
 
 
 
 
 
 
Sr No 
List of Experiments 
Hrs 
LO 
Mapping 
01 
Determination of moisture content of coal 
01 
LO1 
02 
Determination of ash content of coal 
01 
LO1 
03 
Determination of Zn in Brass 
01 
LO2 
04 
Synthesis of Biodiesel from vegetable oil 
02 
LO3 
05 
Determination of Cu in Brass 
01 
LO2 
06 
Flue gas analysis by Orsats Apparatus 
02 
LO6 
07 
Synthesis of biodegradable plastics 
02 
LO5 
08 
Determination of nitrogen by Kjeldahl’s method 
02 
LO6 
09 
To compare rate of corrosion of various metals in acidic 
medium 
01 
LO4 
Sr No 
List of Assignments / Tutorials 
LO 
Mapping 
01 
Numerical based on calorific value determination, proximate and 
ultimate analysis of coal 
LO1 
02 
Phase Diagram on Electrochemical corrosion in different medium 
LO4 
03 
Diagrams and numerical based on two component system 
LO2 
04 
Numerical based on average molecular weight of polymers 
LO5 
05 
Synthesis of at least two Industrially important molecules 
LO3, LO5"
MHSSCE_00480,SEM-I-NEP2024.pdf,academic_document,19,1,,"23 
 
 
 
 
 
 
 
Rationale: 
Engineering mechanics is a branch of science that deals with the behavior of solid bodies when 
subjected to external forces or loads and the effects of these forces on the bodies. It is a fundamental 
discipline within engineering and provides the basis for understanding and analyzing various types of 
structures and mechanisms. Course Objectives: 
1. To acquaint with basic principles of centroid and its application 
2. To familiarize with the concepts of force, moment, Resultant and Equilibrium of system of 
coplanar force. 3. To acquaint with the basic concept of friction and its application in real-life problems. 4. To understand the parameters required to quantify the Kinematics of Particle and Rigid 
body. 5. To understand the parameters required to quantify the Kinetics of rigid body. 6. To acquaint with the basics of Robot kinematics 
 
Course Outcomes: 
1. Determine the equivalent force-couple system for a given system of forces.(L3) 
2. Demonstrate the understanding of Centroid and its significance and locate the same. (L3) 
3. Illustrate the concept of force, moment and apply the same along with the 
concept of equilibrium in two- and three-dimensional systems with the help of FBD. (L3) 
4. Calculate position, velocity and acceleration etc. of particle/rigid body using principles of 
kinematics (L3) 
5."
MHSSCE_00481,SEM-I-NEP2024.pdf,academic_document,19,2,,"moment and apply the same along with the 
concept of equilibrium in two- and three-dimensional systems with the help of FBD. (L3) 
4. Calculate position, velocity and acceleration etc. of particle/rigid body using principles of 
kinematics (L3) 
5.

Analyze particles in motion using force and acceleration, work-energy and impulse- 
momentum principles (L4) 
 
 
Course 
Code 
 
 
Course Name 
Theory 
Term 
work 
Pract 
/ 
Oral 
Total 
Internal Assessment 
Test (IAT) 
End 
Sem 
Exam 
Exam 
Duration 
(in Hrs) 
IAT-I 
IAT-
II 
IAT-I + 
IAT-II 
(Total) 
ESC101 
Engineering 
Mechanics 
20 
20 
40 
60 
02 
-- 
-- 
100 
Course 
Code 
Course Name 
Teaching Scheme 
(Contact Hours) 
Credits Assigned 
Theory 
Pract. Tut. Theory 
Pract. Tut. Total 
ESC101 
Engineering 
Mechanics 
02 
- 
- 
02 
- 
- 
02"
MHSSCE_00482,SEM-I-NEP2024.pdf,academic_document,20,1,,"24 
 
6. Establish the relation between robot joints and parameters (L2) 
 
 
DETAILED SYLLABUS: 
Sr. No. Name of 
Module 
Detailed Content 
Hours 
CO 
Mapping 
0 
Prerequisite 
Resolution of a force. Use of trigonometry functions. Parallelogram law of forces. Law of triangle. Polygon 
law of forces, Lami’s theorem. Concepts of Vector 
Algebra. Uniformly accelerated motion along a straight line, 
motion under gravity, projectile motion, Time of flight, 
Horizontal range, Maximum height of a projectile. Law of conservation of Energy, Law of conservation of 
Momentum, and Collision of Elastic Bodies. Work-
Energy Principle 
(Note: There will be no questions from the prerequisite 
in the theory examination) 
01 
CO1 
I 
System of 
Forces 
Classification 
of 
force 
systems, 
Principle 
of 
transmissibility, composition and resolution of forces. Resultant of coplanar force system (Concurrent forces, 
parallel forces and general system of forces). Moment 
of force about a point, Couples, Varignon’s Theorem. Resultant of Non-Coplanar (Space Force): Concurrent 
force system 
04 
CO1 
II 
Centroid 
Centroids of plane laminas: Plane lamina consisting 
of primitive geometrical shapes. 03 
CO2 
III 
Equilibrium of 
Force system 
and Friction 
3.1 Equilibrium: 
Conditions of equilibrium for concurrent forces, 
parallel forces and general forces, Couples. Equilibrium 
of rigid bodies, free body diagrams."
MHSSCE_00483,SEM-I-NEP2024.pdf,academic_document,20,2,,"geometrical shapes. 03 
CO2 
III 
Equilibrium of 
Force system 
and Friction 
3.1 Equilibrium: 
Conditions of equilibrium for concurrent forces, 
parallel forces and general forces, Couples. Equilibrium 
of rigid bodies, free body diagrams.

3.2 Equilibrium of Beams: 
Types of beams, simple and compound beams, type of 
supports and reaction: Determination of reactions at 
supports for various types of loads on beams. (Excluding problems on internal hinges) 
3.3 Friction: 
 Laws of friction. Cone of friction. angle of repose, 
angle of friction, equilibrium of bodies on a 
horizontal and inclined plane. 06 
CO3 
IV 
Kinematics of 
particle and 
rigid bodies 
4.1 Motion of particle with variable acceleration. Motion along plane curved path. velocity and 
acceleration in terms of rectangular components, 
tangential and normal component of acceleration. 4.2 Introduction to general plane motion, problem 
based on Instantaneous center (ICR) method for 
general plane motion (up to 2 linkage mechanism 
and no relative velocity method) 
05 
CO4"
MHSSCE_00484,SEM-I-NEP2024.pdf,academic_document,21,1,,"25 
 
V 
Kinetics of 
particle 
5.1 Force and Acceleration: -Introduction to basic 
concepts, D’Alembert’s Principle, concept of Inertia 
force, Equations of dynamic equilibrium. 5.2 Principle of linear impulse and momentum. Impact 
and collision: Law of conservation of momentum, 
Coefficient of Restitution. Direct Central Impact and 
Oblique Central Impact. Loss of Kinetic Energy in 
collision of inelastic bodies. 05 
CO5 
VI 
Introduction to 
Robot 
Kinematics 
Fundamental of Robot Mechanics, Degree of 
Freedom, 
D-H 
Parameters, 
robot 
kinematics 
(Forward), Homogeneous transformation (limited 
to 2 DOF Serial robot) 
02 
CO6 
 
Text Books: 
1. Engineering Mechanics by A K Tayal, Umesh Publication. 2. Engineering Mechanics by Kumar, Tata McGraw Hill 
3. Engineering Mechanics by Beer &Johnston, Tata McGraw Hill 
 
References: 
1. Engineering Mechanics by R. C. Hibbeler. 2. Engineering Mechanics by F. L. Singer, Harper& Raw Publication 
3. Engineering Mechanics by Macklin & Nelson, Tata McGraw Hill 
4. Engineering Mechanics by Shaum Series 
5. Engineering Mechanics (Statics) by Meriam and Kraige, Wiley Bools 
6. Engineering Mechanics (Dynamics) by Meriam and Kraige, Wiley Bools 
7. Introduction to Industrial Robotics by Ramchandran Nagrajan, Pearson publication 
 
Online References: 
Sr. No. Website Name 
3. https://archive.nptel.ac.in/courses/112/106/112106286/ 
4. https://onlinecourses.nptel.ac.in/noc21_me70/preview 
3."
MHSSCE_00485,SEM-I-NEP2024.pdf,academic_document,21,2,,"7. Introduction to Industrial Robotics by Ramchandran Nagrajan, Pearson publication 
 
Online References: 
Sr. No. Website Name 
3. https://archive.nptel.ac.in/courses/112/106/112106286/ 
4. https://onlinecourses.nptel.ac.in/noc21_me70/preview 
3.

https://archive.nptel.ac.in/courses/112/106/112106180/ 
 
Assessment: 
Internal Assessment Test (IAT) for 20 marks each: 
• IA will consist of Two Compulsory Internal Assessment Tests. Approximately 40% to 
50% of the syllabus content must be covered in the IAT-I and the remaining 40% to 
50% of the syllabus content must be covered in the IAT-II. End Semester Theory Examination: 
 
➢ Question paper format 
• Question Paper will comprise a total of six questions each carrying 15 marks 
Q.1 will be compulsory and should cover the maximum contents of the syllabus 
• Remaining questions will be mixed in nature (part (a) and part (b) of each 
question must be from different modules. For example, if Q.2 has part (a) from"
MHSSCE_00486,SEM-I-NEP2024.pdf,academic_document,22,1,,"26 
 
Module 3 then part (b) must be from any other Module randomly selected from all 
the modules). • A total of four questions needs to be answered 
 
 
 
 
 
Lab Objectives: 
1. To acquaint with basic principles of centroid and its application 
2. To familiarize with the concepts of force, moment, Resultant and Equilibrium of system of 
coplanar force. 3. To acquaint with the basic concept of friction and its application in real-life problems. 4. To understand the parameters required to quantify the Kinematics of Particle and Rigid body. 5. To understand the parameters required to quantify the Kinetics of rigid body. 6. To acquaint with the basics of Robot kinematics 
 
Lab Outcomes: 
1. Determine the equivalent force-couple system for a given system of forces (L3) 
2. Demonstrate the understanding of Centroid and its significance and locate the same. (L3) 
3. Illustrate the concept of force, moment and apply the same along with the concept of 
equilibrium in two- and three-dimensional systems with the help of FBD. (L3) 
4. Calculate position, velocity and acceleration etc of particle and rigid body using principles of 
kinematics. (L3) 
5. Analyze particles in motion using force and acceleration, work-energy and impulse- 
momentum principles (L4) 
6. Establish the relation between robot joints and parameters (L2) 
List of Experiments: 
Minimum six experiments from the following list of which a minimum one should be from 
dynamics."
MHSSCE_00487,SEM-I-NEP2024.pdf,academic_document,22,2,,"work-energy and impulse- 
momentum principles (L4) 
6. Establish the relation between robot joints and parameters (L2) 
List of Experiments: 
Minimum six experiments from the following list of which a minimum one should be from 
dynamics.

Course 
Code 
Course Name 
Teaching Scheme 
(Contact Hours) 
Credits Assigned 
Theory 
Pract. Tut. Theory 
Pract. Tut. Total 
ESL101 
Engineering 
Mechanics Lab 
-- 
02 
- 
-- 
01 
- 
01 
 
 
Course 
Code 
 
 
Course Name 
Theory 
Term 
work 
Pract 
/ 
Oral 
Total 
Internal Assessment 
Test (IAT) 
End 
Sem 
Exam 
Exam 
Duration 
(in Hrs) 
IAT-
I 
IAT-
II 
IAT-I 
+ IAT-
II 
(Total) 
ESL101 
Engineering 
Mechanics Lab 
-- 
-- 
-- 
-- 
-- 
25 
25 
50"
MHSSCE_00488,SEM-I-NEP2024.pdf,academic_document,23,1,,"27 
 
 
 
 
Term Work: Term Work shall consist of at least 6 practical’s and 8 assignments based on the above 
list 
Term Work Marks: 25 Marks (Total marks) = 10 Marks (Experiment) + 10 Marks (Assignments) + 
5 Marks (Attendance) 
Oral Exam: An Oral exam will be held based on entire syllabus. Sr No 
List of Experiments 
Hrs 
CO 
mapping 
01 
Verification of Polygon law of coplanar forces 
01 
LO1 
02 
Verification of the Principle of Moments (Bell crank lever) 
01 
LO3 
03 
Determination of support reactions of a Simply Supported Beam. 01 
LO3 
04 
Determination of coefficient of friction) using inclined plane 
01 
LO3 
05 
Verification of the equations of equilibrium for non-concurrent 
non-parallel (General) force system. 02 
LO3 
06 
Collision of elastic bodies (Law of conservation of momentum). 02 
LO5 
07 
Kinematics of particles. (Uniform motion of a particle, Projectile 
motion, motion under gravity) 
02 
LO4 
08 
Kinetics of particles. (collision of bodies) 
02 
LO5 
Sr No 
List of Assignments / Tutorials 
Hrs 
CO 
mapping 
01 
Resultant of Coplanar force system 
02 
LO1 
02 
Resultant of non-coplanar force system: Concurrent force system 
01 
LO1 
03 
Centroid of Composite plane Laminas 
01 
LO2 
04 
Equilibrium of System of Coplanar Forces including support reaction 
of beams 
02 
LO3 
05 
Equilibrium of bodies on inclined plane and problems involving 
ladder."
MHSSCE_00489,SEM-I-NEP2024.pdf,academic_document,23,2,,"force system 
01 
LO1 
03 
Centroid of Composite plane Laminas 
01 
LO2 
04 
Equilibrium of System of Coplanar Forces including support reaction 
of beams 
02 
LO3 
05 
Equilibrium of bodies on inclined plane and problems involving 
ladder.

02 
LO3 
06 
Kinematics of particles (Variable acceleration) 
02 
LO4 
07 
Kinetics of particles (D’Alembert’s Principle, Impulse momentum 
Principle, Impact and Collisions.) 
02 
LO5 
08 
Homogeneous transformation, Direct Kinematics of robot 
02 
LO6 
Course 
Code 
Course Name 
Teaching Scheme 
(Contact Hours) 
Credits Assigned 
Theory 
Pract. Tut. Theory 
Pract. Tut. Total 
ESC102 
Basic Electrical 
and Electronics 
Engineering 
3 
-- 
- 
3 
-- 
- 
3"
MHSSCE_00490,SEM-I-NEP2024.pdf,academic_document,24,1,,"28 
 
 
 
Course 
Code 
Course Name 
Theory 
Term 
work 
Pract 
/ 
Oral 
Total 
Internal Assessment 
Test (IAT) 
End 
Sem 
Exam 
Exam 
Duration 
(in Hrs) 
 
 
 
IAT-
I 
IAT-
II 
IAT-I 
+ IAT-
II 
(Total) 
ESC102 
Basic Electrical and 
Electronics 
Engineering 
20 
20 
40 
60 
2 
- 
- 
100 
 
Course Objectives: 
1. To provide knowledge on fundamentals of DC circuits 
2. To provide knowledge of single phase and three phase AC circuits. 3. To inculcate fundamental knowledge of 1-Φ transformer. 4. To provide basic knowledge on fundamentals of DC and AC machines. 5. To provide knowledge of special purpose Diodes. 6. To provide knowledge of Transistor. Course Outcomes: 
1) Apply various network theorems to determine the circuit response / behavior. 2) Evaluate and analyze 1-Φ and 3-Φ AC circuits. 3) Understand the construction, operation and applications of 1-Φ transformers. 4) Illustrate the working principle of 3-Φ, 1-Φ Induction motors and DC Motors. 5) Study the construction, operation and applications of some special purpose Diodes. 6) Study construction, operation and applications of some Transistors. DETAILED SYLLABUS: 
Sr. No. Name of 
Module 
Detailed Content 
Hours 
CO 
Mapping 
0 
Prerequisite 
Resistance, inductance, capacitance, series and parallel 
connections of resistance, concepts of voltage, current, 
power and energy and its units. Magnetic circuits, 
MMF, Magnetic field strength, reluctance."
MHSSCE_00491,SEM-I-NEP2024.pdf,academic_document,24,2,,"Hours 
CO 
Mapping 
0 
Prerequisite 
Resistance, inductance, capacitance, series and parallel 
connections of resistance, concepts of voltage, current, 
power and energy and its units. Magnetic circuits, 
MMF, Magnetic field strength, reluctance.

I 
 01 
DC Circuits: (Only independent sources) Kirchhoff’s 
Laws, Ideal and Practical Voltage and Current 
Sources, Source Transformation, Mesh and Nodal 
Analysis (no super node and super mesh) Star-Delta / 
Delta-Star Transformations, Superposition Theorem, 
Thevenin’s Theorem, Norton’s Theorem and 
Maximum Power Transfer Theorem. 10 
CO1 
II 
 02 
AC Circuits: Generation of alternating voltage, basic 
definitions, average and RMS values, phasor and phase 
difference, sums on phasors, Single-phase ac series 
12 
CO2"
MHSSCE_00492,SEM-I-NEP2024.pdf,academic_document,25,1,,"29 
 
and parallel circuits consisting of R, L, C, RL, RC, 
RLC combinations, definitions - real, reactive and 
apparent power, admittance (Y), Series and parallel 
resonance (only theory). Generation of Three-Phase 
Voltages, voltage & current relationships in Star and 
Delta Connections. III 
03 
Single Phase Transformer: (Numerical are not 
expected) Working principle of single-phase 
transformer, types of single- phase transformer, 
transformation ratio, actual (practical) and ideal 
transformer, Transformer losses, efficiency, 
applications of transformer. 04 
CO3 
IV 
04 
Electrical Machines: (Numerical are not expected) 
principle of operation, constructional details, 
classification and applications of DC Motor, three-
phase induction motor, Single-Phase induction motors 
and BLDC motor 
05 
CO4 
V 
 05 
Special Purpose Diodes: (Numerical are not expected) 
Characteristics and operation of Zener Diode and 
application as a voltage regulator. Basic and structure 
of LED. Application of LED in indicative and lighting 
displays. 04 
CO5 
VI 
 06 
Introduction to Transistors: (Numerical are not 
expected) structure and operation of BJT. BJT 
configurations (only common emitter). FET structure 
and operation. Application of BJT and FET in 
amplification, switching and oscillators. 04 
CO6 
 
Text Books: 
1. V. N. Mittal and Arvind Mittal “Basic Electrical Engineering” Tata McGraw Hill, (Revised Edition) 
2."
MHSSCE_00493,SEM-I-NEP2024.pdf,academic_document,25,2,,"common emitter). FET structure 
and operation. Application of BJT and FET in 
amplification, switching and oscillators. 04 
CO6 
 
Text Books: 
1. V. N. Mittal and Arvind Mittal “Basic Electrical Engineering” Tata McGraw Hill, (Revised Edition) 
2.

Vincent Del Toro “Electrical Engineering Fundamentals”, PHI Second edition, 2011 
3. Edward Hughes “Hughes Electrical and Electronic Technology”, Pearson Education (Tenth edition) 
4. D P Kothari and I J Nagrath “Theory and Problems of Basic Electrical Engineering”, PHI 13th 
edition 2011. 5. M. Naidu,S. Kamakshaiah “Introduction to Electrical Engineering” McGraw-Hill Education, 2004. 6. B.R Patil “Basic Electrical Engineering” Oxford Higher Education, 
7. Electronic Devices and Circuit Theory"" by Robert L. Boylestad and Louis Nashelsky 
 
References: 
1. B.L. Theraja “Electrical Engineering “ Vol-I and II 
2. S.N. Singh, “Basic Electrical Engineering” PHI, 2011Book 
 
Assessment: 
Internal Assessment Test (IAT) for 20 marks each: 
• IA will consist of Two Compulsory Internal Assessment Tests. Approximately 40% to 
50% of the syllabus content must be covered in the IAT-I and the remaining 40% to 
50% of the syllabus content must be covered in the IAT-II. End Semester Theory Examination:"
MHSSCE_00494,SEM-I-NEP2024.pdf,academic_document,26,1,,"30 
 
➢ Question paper format 
• Question Paper will comprise a total of six questions each carrying 15 marks Q.1 will 
be compulsory and should cover the maximum contents of the syllabus 
• Remaining questions will be mixed in nature (part (a) and part (b) of each 
question must be from different modules. For example, if Q.2 has part (a) from 
Module 3 then part (b) must be from any other Module randomly selected from all 
the modules) 
• A total of four questions need to be answered 
 
 
 
 
 
 
 
 
Course 
Code 
Course Name 
Theory 
Term 
work 
Pract 
/ 
Oral 
Total 
Internal Assessment 
Test (IAT) 
End 
Sem 
Exam 
Exam 
Duration 
(in Hrs) 
 
 
 
IAT-
I 
IAT-
II 
IAT-I 
+ IAT-
II 
(Total) 
ESL102 
Basic Electrical and 
Electronics 
Engineering Lab 
-- 
-- 
-- 
-- 
-- 
25 
25 
50 
 
Lab Objectives: 
1. To impart the basic concept of network analysis and its application. 
2. To provide the basic concept of AC circuit analysis and its application. 
3. To illustrate the operation of the transformer. 
4. To illustrate the operation of machines. 
5. To explain the Zener diode voltage regulation characteristic. 
6. To explain the BJT and FET as switches and amplifiers. 
 
Course 
Code 
Course Name 
Teaching Scheme 
(Contact Hours) 
Credits Assigned 
Theory 
Pract. 
Tut. 
Theory 
Pract. 
Tut. 
Total 
ESL102 
Basic Electrical 
and Electronics 
Engineering Lab 
-- 
2 
- 
-- 
1 
- 
1"
MHSSCE_00495,SEM-I-NEP2024.pdf,academic_document,27,1,,"31 
 
Lab Outcomes: 
1) Interpret and analyze the behavior of DC circuits using network theorems. 2) Perform and infer experiments on single-phase and three-phase AC circuits 
3) Illustrate the performance of a single-phase transformer 
4) Illustrate the performance of A.C. machine and DC Motor 
5) Perform an experiment on voltage regulation characteristics of Special diode 
6) Perform an experiment on the VI characteristic Transistor. List of Experiments. Online Resources: 
Sr. No. Website Name 
5. All About Circuits (https://www.allaboutcircuits.com) 
Sr No 
List of Experiments 
Hrs 
LO Mapping 
01 
Basic safety precautions. Introduction and use of measuring 
instruments - voltmeter, ammeter, multi-meter, oscilloscope. Real-
life resistors, capacitors, and inductors 
01 
LO1 
02 
To measure output voltage across load resistor/current through load 
resistor and verify the result using Mesh and Nodal analysis 
01 
LO1 
03 
Verification of Superposition Theorem. 02 
LO1 
04 
Verification Thevenin’s and Norton's theorem 
02 
LO1 
05 
Verification Maximum Power Transfer Theorem. 02 
LO1 
06 
To find the resistance and inductance of a coil connected in series 
with a pure resistance using the voltmeter method 
02 
LO2 
07 
To measure the relationship between phase and line, currents and 
voltages in three-phase system (star & delta) 
02 
LO2 
08 
To demonstrate cut-out sections of the single-phase transformer."
MHSSCE_00496,SEM-I-NEP2024.pdf,academic_document,27,2,,"a pure resistance using the voltmeter method 
02 
LO2 
07 
To measure the relationship between phase and line, currents and 
voltages in three-phase system (star & delta) 
02 
LO2 
08 
To demonstrate cut-out sections of the single-phase transformer.

02 
LO3 
09 
To demonstrate cut-out sections of the DC machine 
02 
LO4 
10 
To plot Zener diode voltage regulation characteristics 
02 
LO5 
11 
To demonstrate the application of LED in indicative and lighting 
display 
02 
LO5 
12 
To demonstrate the application of BJT as a switch 
02 
LO5 
13 
To demonstrate BJT/FET as an amplifier 
02 
LO6 
Sr No 
List of Assignments / Tutorials 
Hrs 
LO 
Mapping 
01 
Assignment on Basic electrical safety practices 
02 
LO1 
02 
Numerical assignment on Mesh analysis and nodal analysis 
LO1 
03 
Numerical assignment on Thevenin, Norton, and maximum power 
transfer theorem 
LO1 
04 
Numerical assignment on series and parallel circuits 
LO2 
05 
Assignment on single-phase transformer 
LO2 
06 
Assignment on DC and AC machine 
LO4 
07 
Assignment on special purpose diodes 
LO5 
08 
Assignment on BJT and FET 
LO6"
MHSSCE_00497,SEM-I-NEP2024.pdf,academic_document,28,1,,"32 
 
6. 
Circuit Lab (https://www.circuitlab.com) 
3. 
Tinkercad (https://www.tinkercad.com) 
 
 
Assessment: 
Term Work: Term Work shall consist of at least 08 to 10 practicals based on the above list. Also, 
Term work Journal must include at least 6 assignments. 
Term Work Marks: 25 Marks (Total marks) = 15 Marks (Experiment) + 5 Marks (Assignments) + 
5 Marks (Attendance) 
Practical& Oral Exam: An Oral & Practical exam will be held based on the above syllabus. 
 
 
 
 
 
 
 
 
Course 
Code 
Course Name 
Teaching Scheme 
(Contact Hours) 
Credits Assigned 
Theory Pract. Tut. Theory Pract. Tut. Total 
AEC101 
Professional 
Communication and 
Ethics 
02 
- 
- 
02 
- 
- 
02 
 
 
 
 
 
Course 
Code 
 
 
 
 
Course Name 
Theory 
Term 
work 
Pract 
/ 
Oral 
Total 
Internal 
Assessment 
Test (IAT) 
End 
Sem 
Exam 
Exam 
Duration 
(in Hrs) 
IAT-I IAT-II IAT-I + 
IAT-II 
(Total) 
AEC101 
Professional 
Communication 
and Ethics 
15 
15 
30 
45 
1.5 
-- 
-- 
75 
 
Rationale 
 
This course has been designed to hone the communicative abilities of First Year Engineering students 
by providing them skill-based training on LSRW (Listening-Speaking-Reading-Writing) to prepare"
MHSSCE_00498,SEM-I-NEP2024.pdf,academic_document,29,1,,"33 
 
them for a career in the industry and for competitive exams pertaining to higher studies. Course Objectives - The learners should be able to: 
1. Effectively evaluate the dynamics of communication and navigate professional arenas 
2. Competently acquire active listening skills by comprehending various types of Speech Acts 
3. Critically analyse communication barriers, audience and purpose to speak proficiently 
4. Minutely comprehend extensive texts, technical and non-technical, to execute relevant tasks 
5. Efficiently organize and create purposeful technical writing for professional transaction 
6. Successfully manage teams, by applying ethical standards to deliver synergistic solutions 
 
Course Outcomes - The learners will be able to: 
 
1. Evaluate the dynamics of communication and effectively navigate professional arenas 
2. Acquire active listening skills by comprehending various types of Speech Acts 
3. Analyse different communication barriers, audience and purpose, and speak proficiently 
4. Comprehend extensive texts, technical and non-technical, to execute relevant tasks 
5. Organize and create purposeful technical writing for professional transactions 
6. Manage teams successfully, by applying ethical standards to deliver synergistic solutions 
 
DETAILED SYLLABUS: 
Sr. No. Name 
of 
Module 
Detailed Content 
Hours CO 
Mapping 
01 
Module 1- 
Fundamentals 
of 
Communication 
1.1. Basic Concepts of Communication 
• Definition, Objectives, Postulates 
 
1.2."
MHSSCE_00499,SEM-I-NEP2024.pdf,academic_document,29,2,,"to deliver synergistic solutions 
 
DETAILED SYLLABUS: 
Sr. No. Name 
of 
Module 
Detailed Content 
Hours CO 
Mapping 
01 
Module 1- 
Fundamentals 
of 
Communication 
1.1. Basic Concepts of Communication 
• Definition, Objectives, Postulates 
 
1.2.

Process of Communication 
• Stimulus, Sender, Encoding, Message, 
Medium, Channel, Receiver, Decoding, 
Feedback 
 
1.3. Methods of Communication 
• 
Verbal (Written & Spoken). • 
Non-verbal cues perceived through the five 
senses 
(Visual, 
Auditory, 
Tactile, 
Olfactory, Gustatory) 
• 
Non-verbal cues transmitted cues through 
(The body, Voice, Space, Time, Silence) 
 
1.4. Barriers to Communication 
• 
Mechanical, 
Physical, 
Semantic 
& 
Linguistic, Psychological, Socio-cultural 
 
1.5. Organisational Communication 
• 
Formal (Upward, Downward, Horizontal). • 
Informal (Grapevine) 
 
08 
CO1"
MHSSCE_00500,SEM-I-NEP2024.pdf,academic_document,30,1,,"34 
 
02 
Module 2 - 
Developing 
Basic Listening 
Skills 
2.1. Concepts of Active Listening 
• Listening for Details 
• Listening for Gist 
• Listening for Inference 
(For details please refer to Lab. Syllabus) 
 
2.2. Enhancing Listening Proficiency Using 
Language Labs or on Open Source Platforms 
02 
 
 
 
CO2 
03 
Module 3 - 
Developing 
Basic Speaking 
Skills 
 3.1. Conversational Activities - Monologues 
• Introducing yourself, Introducing others, 
One-minute impromptu speeches, Scaffolded 
story telling 
 
 3.2. Conversational Activities - Dialogues 
• Role 
plays 
on 
everyday 
interactions, 
Interviews (Find out if…), Information Gap 
Activities, Picture descriptions and feedback, 
Situational conversations. 
 
 3.3. Conversational Activities - Pronunciation, 
Stress & Rhythm, Intonation 
• Neutralisation of accent, Word stress, 
Rhythm 
& 
Pauses, 
Tonal 
variations/inflections 
 
(For details please refer to Lab. Syllabus) 
02 
CO3"
MHSSCE_00501,SEM-I-NEP2024.pdf,academic_document,31,1,,"35 
 
04 
Module 4 -
Developing 
Basic Reading 
Skills 
4.1. Verbal Aptitude 
• Root Words, Meanings, Word Forms, 
Synonyms, 
Antonyms, 
Collocations, 
Prefixes, Suffixes at a similar difficulty 
level 
of 
entrance 
tests 
like CAT/GRE/GMAT & proficiency 
tests like TOEFL/IELTS 
 
4.2. Grammar 
• Identifying Common Errors (Subject-verb 
agreement, Articles. Prepositions, 
Misplaced modifiers and Punctuations) 
Redundancies, Idioms, Cliches at a similar 
difficulty level of entrance tests 
like CAT/GRE/GMAT & proficiency 
tests like TOEFL/IELTS 
 
4.3. Techniques to Improve Reading Fluency 
and Comprehension 
• 
Intensive Reading 
• 
Extensive Reading 
• 
Skimming 
• 
Scanning 
• 
SQ5R Method (Survey, Question, Reading, 
Recording, Recall, Review and Revise) 
 
4.4. Reading & Summarisation Skills 
• Summarising text to Graphic Organisers 
(GO) and visa-versa. Venn diagrams, 
Radial 
Diagrams 
(Mindmaps), 
Tree 
Diagrams, Cyclic Diagrams, Flow Charts, 
Timelines, Matrix (Tables), Pyramids 
• Summarising text in point form 
• Summarising text in one-sentence central 
idea 
02 
CO4 
05 
Module 5 - 
Developing 
Basic Writing 
Skills 
5.1. Coherence & Cohesion in Writing 
• Basic Units of Writing (Words, Sentences, 
Paragraphs) 
• Coherence (Structure of written pieces, CSI 
Order of Organisation) 
• Cohesive 
Devices 
(Referencing, 
Repetition, 
Substitution, 
Ellipsis, 
Transition Signals). • Structure of a Paragraph (Topic Sentence, 
Supporting Ideas, Concluding Sentence). 5.2."
MHSSCE_00502,SEM-I-NEP2024.pdf,academic_document,31,2,,"(Structure of written pieces, CSI 
Order of Organisation) 
• Cohesive 
Devices 
(Referencing, 
Repetition, 
Substitution, 
Ellipsis, 
Transition Signals). • Structure of a Paragraph (Topic Sentence, 
Supporting Ideas, Concluding Sentence). 5.2.

Seven Cs of Business Writing 
• Completeness, 
Conciseness, 
Consideration, 
Concreteness, 
Clarity, 
Courtesy, Correctness. 09 
CO5"
MHSSCE_00503,SEM-I-NEP2024.pdf,academic_document,32,1,,"36 
 
 
5.3. Format & Types of Formal Letters 
• Parts of a Formal Letter in Complete Block 
Style 
• Request/Permission Letter 
• Claim and Adjustment Letter 
• Sales Letter 
• E-mails 
 
5.4. Writing User Instructions 
• Styles 
of 
Instruction 
Presentation 
(Impersonal, Indirect, Direct, Imperative) 
• Describing general function/purpose of an 
object/process, 
• Drawing labelled diagrams 
• Describing labelled parts 
• Writing User Instructions 
• Writing Special Notices (Note, Caution, 
Warning, Danger) 
 
5.5. Content Creation for Social Media and e-
Commerce Platforms 
• 
Blogs 
• 
Poetry 
• 
Keynote speeches 
• 
Podcast titles 
• 
Landing pages 
• 
Social media posts 
• 
YouTube video description 
• 
Screenwriting/Script Writing 
 
(Ensure minimum 3 of these categories are 
covered in the form of competitions) 
 
06 
Module 6 - 
Ethical and 
Managerial 
Skills for 
Engineers 
6.1.Team building 
• Five stages of Team, (Forming, Storming, 
Norming, Performing and Adjourning) 
 
6.2.Goal setting 
• SMART goals – short term and long-term 
goals 
 
6.3.Ethical Considerations for Professional 
Integrity 
• Fairness and Honesty 
• Difference between Values and Ethics 
• Ethical principles 
• Ethical use of AI Tools 
• Plagiarism and copyright infringement 
03 
CO6"
MHSSCE_00504,SEM-I-NEP2024.pdf,academic_document,33,1,,"37 
 
• Ethical-dilemma case studies 
 
References: 
1. Communication Skills by Sanjay Kumar & Pushp Lata 
2. Business Communication with Writing Improvement Exercises. Hemphill, McCormick and 
Hemphill 
3. Business Communication: Building Critical Skills by Locker, Kitty O. Kaczmarek, Stephen Kyo 
4. Effective Business Communication by Herta Murphy 
5. Technical Communication: Principles and Practice by Raman and Sharma 
6. Effective Technical Communication: A Guide for Scientists and Engineers by Rizvi 
7. Oxford Guide to Effective Writing & Speaking by John Seely 
8. English Grammar by Raymond Murphy 
9. Word Power Made Easy by Norman Lewis 
Online References: 
1. https://bbclearningenglish.org 
2. https://www.bbc.co.uk/learningenglish 
 
Assessment: 
Internal Assessment Test (IAT) for 15 marks each: 
• IA will consist of Two Compulsory Internal Assessment Tests. Approximately 40% to 
50% of the syllabus content must be covered in the IAT-I and the remaining 40% to 
50% of the syllabus content must be covered in the IAT-II. End Semester Theory Examination: 
 
Question paper format 
• Question Paper will comprise a total of five questions each carrying 15 marks Q.1 
will be compulsory and should cover the maximum contents of the syllabus 
• Remaining questions will be mixed in nature (part (a) and part (b) of each 
question must be from different modules."
MHSSCE_00505,SEM-I-NEP2024.pdf,academic_document,33,2,,"a total of five questions each carrying 15 marks Q.1 
will be compulsory and should cover the maximum contents of the syllabus 
• Remaining questions will be mixed in nature (part (a) and part (b) of each 
question must be from different modules.

For example, if Q.2 has part (a) from 
Module 3 then part (b) must be from any other Module randomly selected from all 
the modules) 
• A total of three questions need to be answered. Course 
Code 
Course Name 
Teaching Scheme 
(Contact Hours) 
Credits Assigned 
Theory Pract. Tut. Theory Pract. Tut. Total 
 AEL101 
Professional 
Communication and Ethics 
- 
2 
- 
- 
1 
- 
1"
MHSSCE_00506,SEM-I-NEP2024.pdf,academic_document,34,1,,"38 
 
 
 
 
 
 
 
Course 
Code 
 
 
 
 
Course Name 
Theory 
Term 
work 
Pract 
/ 
Oral 
Total 
Internal Assessment Test 
(IAT) 
End 
Sem 
Exam 
Exam 
Duration 
(in Hrs) 
IAT-I IAT-II 
IAT-I + IAT-
II (Total) 
AEL101 
Professional 
Communication 
and Ethics 
-- 
-- 
-- 
-- 
-- 
25 
-- 
25 
 
Lab Objectives: The learners should be able to: 
1. Effectively evaluate the dynamics of communication and navigate professional arenas 
2. Competently acquire active listening skills by comprehending various types of Speech Acts 
3. Critically analyse communication barriers, audience and purpose to speak proficiently 
4. Minutely comprehend extensive texts, technical and non-technical, to execute relevant tasks 
5. Efficiently organize and create purposeful technical writing for professional transactions 
6. Successfully manage teams, by applying ethical standards to deliver synergistic solutions 
 
Lab Outcomes: The learners will be able to: 
1. Apply the understanding of communication dynamics and navigate professional arenas 
2. Appreciate other’s point of view and apply effective listening strategies 
3. Analyse different communication barriers, audience and purpose to speak proficiently 
4. Comprehend extensive technical and non-technical texts to execute specific tasks 
5. Plan and create purposeful technical writing for professional transactions 
6. Employ ethical standards and managerial skills in various professional situation 
 
DETAILED SYLLABUS: 
 
Sr. No. Module 
No."
MHSSCE_00507,SEM-I-NEP2024.pdf,academic_document,34,2,,"texts to execute specific tasks 
5. Plan and create purposeful technical writing for professional transactions 
6. Employ ethical standards and managerial skills in various professional situation 
 
DETAILED SYLLABUS: 
 
Sr. No. Module 
No.

Practical/ 
Tutorial 
Detailed Content 
Hours 
LO 
Mapping 
1 
Fundamentals 
of 
Communication 
 
1 
1.1. Situational Application of 
Fundamentals of Communication 
 
1.2. Case Studies on Fundamentals 
of Communication 
02 
LO1"
MHSSCE_00508,SEM-I-NEP2024.pdf,academic_document,35,1,,"39 
 
2 
Developing 
Basic Listening 
Skills 
2 
2.1. Listening for Details 
• Listen to a song and fill in the 
blanks, Listen to a telephonic 
conversation and fill in the 
blanks, Listen to a 
story/lecture/podcast and fill in 
the blanks, Listen to a 
monologue and complete the 
sentences 
 
2.2. Listening for Gist 
• Listen to an audio recording and 
identify the gist/main idea/theme 
in the form of MCQs or 
True/False statements 
 
2.3. Listening for Inference 
• Listen to short passages and 
draw inferences in the form of 
MCQs or True/False statements 
 
2.4. Listening Comprehension Exercises 
in the Language Lab or on Open 
Source Platforms 
• Listening to a telephonic 
conversation, Listen to a Podcast 
 
Examples of the Activities That Can Be 
Done under the Above 4 Heads: 
 
Listen to a Formal Speech 
• Martin Luther King Jr., 
• Swami Vivekananda 
• Dr.A.P.J.Abdul Kalam 
• John F. Kennedy 
• Mr.Ratan Tata 
• Steve Jobs 
 
Note-taking & Designing Quizzes 
• Listen to a lecture, take notes 
and prepare a quiz for others 
 
Dictations 
• Take old-fashioned dictation 
with special focus on 
punctuations and spellings 
 
04 
LO2"
MHSSCE_00509,SEM-I-NEP2024.pdf,academic_document,36,1,,"40 
 
Draw a Story 
• Listen to a descriptive passage 
read out by the teacher on a 
scenery/item and draw a picture 
based on what you hear 
 
Labelling a Map, Plan, Diagram, Table 
& Flow Charts 
• Listen to your teacher and write 
labels on a plan (e.g. of a 
building), map (e.g. of part of a 
town) diagram (e.g. of a piece of 
equipment), table (e.g. 
place/time/price), flow chart 
(e.g. a process which has clear 
stages). 
3 
Developing 
Basic Speaking 
Skills 
3 
3.1. Conversational Activities - 
Monologues 
• Introducing yourself, 
Introducing others, One-minute 
impromptu speeches, Scaffolded 
story telling 
 
3.2. Conversational Activities - 
Dialogues 
• Role plays on everyday 
interactions, Interviews (Find 
out if…), Information Gap 
Activities, Picture descriptions 
and feedback, Situational 
conversations. 
 
3.3. Conversational Activities - 
Pronunciation, Stress and Rhythm, 
Intonation 
• Neutralisation of accent, Word 
stress, Rhythm & Pauses, Tonal 
variations/inflections 
 
Suggested Examples of Functional 
Communication Activities That Can Be 
Done under the Above 3 Heads: 
• 
Asking for and giving information 
• 
Taking initiative 
• 
Seeking and giving favour/offers 
• 
Requesting and responding to 
requests 
• 
Apologizing and forgiving 
• 
Seeking and giving permission 
04 
LO3"
MHSSCE_00510,SEM-I-NEP2024.pdf,academic_document,37,1,,"41 
 
• 
Congratulating people on their 
success 
• 
Expressing opinions, likes and 
dislikes, agreements and 
disagreements 
• 
Expressing condolences 
• 
Asking questions and responding 
politely 
• 
Giving instructions 
• 
Agreeing and disagreeing 
• 
Asking for and giving advice and 
suggestions 
• 
Expressing sympathy 
• 
Using mobile phone 
• 
Live commentary on videos on mute 
• 
Debates 
 
4 
Developing 
Basic Reading 
Skills 
4 
4.1. Verbal Aptitude 
Reading Fluency & Comprehension 
Monitoring 
• Reading short/long passages to 
answer MCQs based on factual, 
general and inferential 
comprehension skills 
• Reading short/long passages to 
answer MCQs based on factual, 
general 
and 
inferential 
comprehension skills 
(Passages should be of a technical 
nature and minimum length of passages 
should be 350-400 words) 
 
4.2. Vocabulary Building Activities 
 
Examples of Word Games: 
• 
Crosswords 
• 
Bingo 
• 
Word Ladders 
• 
Hangman 
• 
Word Association 
04 
LO4 
 
 
4.3. Reading & Summarisation Skills 
• 
Summarising text to Graphic 
Organisers and visa-versa 
o Venn diagrams 
o Radial Diagrams 
(Mindmaps) 
o Tree Diagrams 
o Cyclic Diagrams 
o Flow Charts 
o Timelines"
MHSSCE_00511,SEM-I-NEP2024.pdf,academic_document,38,1,,"42 
 
o Matrix (Tables) 
o Pyramids 
• 
Summarising text in bullet points 
• 
Summarising text in one-sentence 
central idea 
5 
Developing 
Basic Writing 
Skills 
5 
5.1. Mechanics of Writing - Paragraph 
Writing 
• 
Building paragraphs developing 
coherence (Structure of written 
pieces, CSI Order of Organisation) 
• 
Coherence (Structure of written 
pieces, CSI Order of Organisation) 
• 
Cohesive Devices (Referencing, 
Repetition, Substitution, Ellipsis, 
Transition Signals). 
• 
Structure of a Paragraph (Topic 
Sentence, Supporting Ideas, 
Concluding Sentence). 
5.2. Write Letters and eMails 
• 
Request/Permission Letter 
• 
Claim & Adjustment Letter 
• 
Sales Letter 
(Complete Block format applying the 
seven Cs) 
• 
eMails 
 
USE ONLY COMPLETE BLOCK 
FORMAT 
 
5.3 Writing User Instructions on: 
Examples: 
• 
Installing a software 
• 
Ordering food on delivery apps 
(Zomato, Swiggy) 
• 
Using payment system (Google Pay, 
PhonePe, Paytm) 
• 
Using AI Tools (ChatGPT, Gemini, 
ZeroGPT and GPTZero) 
• 
Electronic Devices/ Gadget (Gaming 
Console, Smartwatch) 
• 
Home Appliances (Mixer-Grinder, 
Microwave Oven, Air Fryer) 
• 
Tools (Chisel, Screw-driver) 
 
5.4 Content Creation for Social Media 
and e-Commerce Platforms 
 
Examples 
04 
LO5"
MHSSCE_00512,SEM-I-NEP2024.pdf,academic_document,39,1,,"43 
 
• 
Blogs 
• 
Poetry 
• 
Keynote speeches 
• 
Podcast Titles 
• 
Landing Pages 
• 
Social media posts 
• 
YouTube Video Description 
• 
Screenwriting/Script Writing 
 
(Ensure minimum 3 of these categories 
are covered in the form of competitions) 
 
6 
Ethical and 
Managerial 
Skills for 
Engineers 
6 
6.1. Ethics 
• 
Case Studies on Ethical dilemma 
 
6.2. Team building 
 
Examples 
• 
Newspaper Bridges/ Towers/ Dress 
Building 
• 
Best out of waste 
• 
Obstacle Race 
 
02 
LO6 
 
 
Nos. List of Assignments 
Details 
Hrs. 01 
Application-based 
Assignment on 
Communication Theory 
Must include Methods and Barriers from Module 1 
01 
02 
Consolidated Listening 
Skills Activity Sheet with 
Students’ Answers 
At least 4 type of listening activities must be taken from 
Module 2 
 
01 
03 
Performance-based Oral 
Activities (Refer below for 
further details) 
Should be based on Continuous Evaluation of minimum 
5 activities from entire lab syllabus. Follow the 
Common European Framework of Reference (CEFR) 
Rubrics for assessment. 01 
04 
A. MCQ on Reading 
Comprehension and 
Summarisation with GO 
 
B. Objective Test on 
Verbal Aptitude & 
Grammar 
A. Must cover sub-topics under Module 4 
 
 
 
B."
MHSSCE_00513,SEM-I-NEP2024.pdf,academic_document,39,2,,"the 
Common European Framework of Reference (CEFR) 
Rubrics for assessment. 01 
04 
A. MCQ on Reading 
Comprehension and 
Summarisation with GO 
 
B. Objective Test on 
Verbal Aptitude & 
Grammar 
A. Must cover sub-topics under Module 4 
 
 
 
B.

Must be based on Module 4 at the same difficulty 
level of entrance tests like CAT/GRE/GMAT & 
proficiency tests like TOEFL/IELTS 
01 
05 
Assignment on Writing 
Skills 
Must include 3 types of letters from Module 5 
01 
06 
Application-based 
Assignment on Ethics 
Case studies on ethical dilemma from Module 6 
01"
MHSSCE_00514,SEM-I-NEP2024.pdf,academic_document,40,1,,"44 
 
 
 
References: 
1. Communication Skills by Sanjay Kumar & Pushp Lata 
2. Business Communication with Writing Improvement Exercises. Hemphill, McCormick and 
Hemphill 
3. Business Communication: Building Critical Skills by Locker, Kitty O. Kaczmarek, Stephen Kyo 
4. Effective Business Communication by Herta Murphy 
5. Technical Communication: Principles and Practice by Raman and Sharma 
6. Effective Technical Communication: A Guide for Scientists and Engineers by Rizvi 
7. Oxford Guide to Effective Writing & Speaking by John Seely 
8. English Grammar by Raymond Murphy 
9. Word Power Made Easy by Norman Lewis 
Online References: 
Sr. No. 
Website Name 
1. 
https://bbclearningenglish.org 
2. 
https://www.bbc.co.uk/learningenglish 
 
Term Work: Term Work shall consist of at least 6 practicals’ based on the above list. Also, Term 
work Journal must include at least 9 assignments. 
Term Work Marks: 25 Marks (Total marks) = 10 Marks (Experiment) + 10 Marks (Assignments) + 
5 Marks (Attendance)"
MHSSCE_00515,SEM-I-NEP2024.pdf,academic_document,41,1,,"45 
 
 
 
 
 
Lab Objectives 
1. To impart training to help the students develop engineering skill sets. 2. To inculcate respect for physical work and hard labor. 3. To get exposure to the interdisciplinary engineering domain. Lab Outcomes: Learners will be able to… 
1. Develop the necessary skill required to handle/use different fitting tools. 2. Develop skill required for hardware maintenance. 3. Able to install an operating system and system drives. 4. Able to identify the network components and perform basic networking and crimping. 5. Able to prepare the edges of jobs and do simple arc welding. 6. Develop the necessary skill required to handle/use different plumbing tools and simple job. Sr. No. Detailed Content 
Hrs. LO 
Mapping 
Note: 
Trade 1 and 2 are compulsory. Select any ONE trade topics out of 
the topic at trade 3 to 5. Demonstrations and hands on experience 
to be provided during the periods allotted for the same. Report on 
the demonstration including suitable sketches is also to be 
included in the term work 
CO-1 is related to Trade-1 
CO-2 to CO-4 is related to Trade-2 CO-5 is related to Trade-3 
CO-6 is related to Trade-4 CO-7 is related to Trade-5 
 
 
Course 
Code 
Course Name 
Teaching Scheme 
(Contact Hours) 
Credits Assigned 
Theory 
Pract. Tut. Theory 
Pract. Tut."
MHSSCE_00516,SEM-I-NEP2024.pdf,academic_document,41,2,,"Trade-1 
CO-2 to CO-4 is related to Trade-2 CO-5 is related to Trade-3 
CO-6 is related to Trade-4 CO-7 is related to Trade-5 
 
 
Course 
Code 
Course Name 
Teaching Scheme 
(Contact Hours) 
Credits Assigned 
Theory 
Pract. Tut. Theory 
Pract. Tut.

Total 
VSEC1
01 
Engineering 
Workshop-I 
- 
2 
- 
- 
- 
- 
1 
 
 
Course 
Code 
 
 
Course Name 
Theory 
Term 
work 
Pract 
/ 
Oral 
Total 
Internal Assessment 
Test (IAT) 
End 
Sem 
Exam 
Exam 
Duration 
(in Hrs) 
IAT-
I 
IAT-
II 
IAT-I 
+ IAT-
II 
(Total) 
VSEC101 
Engineering 
Workshop-I 
-- 
-- 
-- 
-- 
-- 
25 
-- 
25"
MHSSCE_00517,SEM-I-NEP2024.pdf,academic_document,42,1,,"46 
 
CO evaluation is to be done according to the opted Trades in 
addition to Compulsory Trades. Trade-1 
Fitting (Compulsory): 
• Use and setting of fitting tools for chipping, cutting, filing, 
marking, center punching, drilling, tapping. • Term work to include one job involving following operations: filing to size, one simple male- female joint, drilling and 
tapping 
04 
LO1 
Trade-2 
Hardware and Networking: (Compulsory) 
• Dismantling of a Personal Computer (PC), Identification of 
Components of a PC such as power supply, motherboard, 
processor, hard disk, memory (RAM, ROM), CMOS battery, CD 
drive, monitor, keyboard, mouse, printer, scanner, pen drives, 
disk drives etc.  Assembling of PC, Installation of Operating 
System (Any one) and Device drivers, Boot-up sequence. Installation of application software (at least one)  Basic 
troubleshooting and maintenance  Identification of network 
components: LAN card, wireless card, switch, hub, router, 
different types of network cables (straight cables, crossover 
cables, rollover cables) Basic networking and crimping. NOTE: 
Hands on experience to be given in a group of not more than four 
students 
06 
LO2, 
LO3, 
LO4 
Trade-3 
Welding: 
• Edge preparation for welding jobs. Arc welding for different job 
like, Lap welding of two plates, butt welding of plates with simple 
cover, arc welding to join plates at right angles."
MHSSCE_00518,SEM-I-NEP2024.pdf,academic_document,42,2,,"than four 
students 
06 
LO2, 
LO3, 
LO4 
Trade-3 
Welding: 
• Edge preparation for welding jobs. Arc welding for different job 
like, Lap welding of two plates, butt welding of plates with simple 
cover, arc welding to join plates at right angles.

06 
 LO5 
Trade 4 
Plumbing: 
• Use of plumbing tools, spanners, wrenches, threading dies, 
demonstration of preparation of a domestic line involving fixing 
of a water tap and use of coupling, elbow, tee, and union etc. 04 
 
 LO6 
Trade-5 
Machine Shop: 
• At least one turning job is to be demonstrated and simple 
job to be made for Term Work in a group of 4 students. 06 
 LO6 
 
Term Work: Term Work shall consist of at least 3 Trade based on the above list. Also, Term work. Term Work Marks: 25 Marks (Total marks) = 20 Marks (Workshop Experiment) + 5 Marks 
(Attendance)"
MHSSCE_00519,SEM-I-NEP2024.pdf,academic_document,43,1,,"47 
 
 
 
Course 
Code 
 
 Course Name 
Teaching 
Scheme 
(Contact 
Hours) 
Credits Assigned 
Theory 
Pract. Tut. Theory 
Pract. Tut. Total 
VSEC102 C Programming 
-- 
2*+2 
- 
 
2 
- 
2 
 
 
Course 
Code 
 
 
Course 
Name 
Examination Scheme 
Theory 
Term 
work 
Pract 
/ 
Oral 
Total 
Internal 
Assessment Test 
(IAT) 
End 
Sem 
Exam 
Exam 
Duration 
(in Hrs) 
 
 
 
IAT-I 
IAT-
II 
IAT-I + 
 IAT-II 
(Total) 
 
VSEC102 
 
C Programming 
 
- 
 
- 
 
- 
 
- 
 
- 
 
25 
 
25 
 
50 
 
Lab Objectives: This subject aims to provide students with an understanding of the role 
computation can play in solving problems. The Course will be taught using C-Programming 
Language. 1. Understand and use basic terminology in computer programming. 2. Use various data types in C programs effectively. 3. Design and implement programs involving decision structures, loops, and functions. 4. Design Implement Arrays, String, and Structure 
5. Describe and utilize memory dynamics through the use of pointers. 6. Use different data structures and create/update basic data files in C. Lab Outcomes: Learners will be able to 
1. Illustrate the basic terminology used in computer programming. 2. Use different data types in a computer program. 3. Design programs involving decision structures, loops and functions. 4. Implement Arrays, String, and Structure 
5. Describe the dynamics of memory by the use of pointers. 6. Use different data structures and create/update basic data files. DETAILED SYLLABUS 
 
Sr. No."
MHSSCE_00520,SEM-I-NEP2024.pdf,academic_document,43,2,,"decision structures, loops and functions. 4. Implement Arrays, String, and Structure 
5. Describe the dynamics of memory by the use of pointers. 6. Use different data structures and create/update basic data files. DETAILED SYLLABUS 
 
Sr. No.

Module 
Detailed Content 
Hours LO 
mapping"
MHSSCE_00521,SEM-I-NEP2024.pdf,academic_document,44,1,,"48 
 
 
1 
 
 
 
Fundament
als of C-
Programmi
ng 
1.1 Character Set, Identifiers and keywords, Data 
types, Constants, Variables. 1.2 Operators-Arithmetic, Relational and logical,
 Assignment, Unary, Conditional, Bitwise, Comma, 
other operators. Expression, statements, Library Functions, 
Preprocessor. 1.3 Data Input and Output – getchar( ), putchar( ), 
scanf( ), printf( ), gets( ), puts( ), Structure of C 
program. 06 
 
 
LO1, 
LO2 
 
 
2 
 
 
Control 
Structures 
2.1 Branching - If statement, If-else Statement, Multiway 
decision. 2.2 Looping – while, do-while, for 
2.3 Nested control structure- Switch statement, 
Continue statement Break statement, Goto 
statement. 05 
LO3 
 
 
3 
 
Functions 
and 
Paramete
r 
3.1 Function -Introduction of Function, Function Main, 
defining a Function, accessing a Function, Function 
Prototype, Passing Arguments to a Function, 
Recursion. 3.2 Storage Classes –Auto, Extern, Static, Register 
 
 
05 
LO3 
 
 
 
 
4 
 
 
 
Arrays, 
String 
Structure 
4.1 Array-Concepts, 
Declaration, Definition,
Accessing 
array element, One-dimensional 
and Multidimensional array. 4.2 String- Basic of String, Array of String, Functions in 
String.h 
4.3 Structure- Declaration, Initialization, structure 
within structure, Operation on structures, Array of 
Structure."
MHSSCE_00522,SEM-I-NEP2024.pdf,academic_document,44,2,,"array element, One-dimensional 
and Multidimensional array. 4.2 String- Basic of String, Array of String, Functions in 
String.h 
4.3 Structure- Declaration, Initialization, structure 
within structure, Operation on structures, Array of 
Structure.

05 
LO4 
 
5 
 
Pointer 
5.1 Pointer: Introduction, Definition and uses of 
Pointers, Address Operator, Pointer Variables, 
Dereferencing Pointer, Void Pointer, Pointer 
Arithmetic, Pointers to Pointers, Pointers and Array. 03 
LO5 
6 
Files 
6.1 Files: File operation- Opening, Closing, Creating, 
Reading, Processing File. 02 
LO6 
 
Text Books 
1. “Basics of Computer Science”, by BehrouzForouzan, Cengage Learning."
MHSSCE_00523,SEM-I-NEP2024.pdf,academic_document,45,1,,"49 
 
2. “Programming Techniques through C”, by M. G. Venkateshmurthy, Pearson Publication. 3. “Programming in ANSI C”, by E. Balaguruswamy, Tata McGraw-Hill Education. 4. “Programming in C”, by Pradeep Day and Manas Gosh, Oxford University Press. 5. “Let Us C”, by Yashwant Kanetkar, BPB Publication. Reference Books 
 
1. ""The C Programming Language"" by Brian W. Kernighan and Dennis M. Ritchie, Publisher: 
Prentice Hall 
Publication Date: February 22, 1988,ISBN-13: 978-0131103627, 
2. ""C Programming: A Modern Approach"" by K. N. King, Publisher: W. W. Norton & Company 
Publication Date: April 26, 2008 (2nd Edition), ISBN-13: 978-0393979503 
3. ""C Primer Plus"" by Stephen Prata, Publisher: Addison-Wesley Professional Publication Date: 
December 27, 2013 (6th Edition) ISBN-13: 978-0321928429 
4. ""Programming in C"" by Stephen G. Kochan Publisher: Addison-Wesley Professional 
Publication Date: August 18, 2014 (4th Edition) ISBN-13: 978-0321776419 
 
Online Resources: 
 
Sr. No. Website Name 
 1. Learn C - This website offers a free, interactive tutorial to learn C programming, 
covering both basic and advanced topics. 2. Codecademy - Codecademy provides a comprehensive, interactive course for learning 
C, complete with real-world projects and skill paths. 3. Coursera - Coursera, in collaboration with Duke University, offers a specialization in C 
programming, including hands-on projects and a certificate upon completion. 4."
MHSSCE_00524,SEM-I-NEP2024.pdf,academic_document,45,2,,"course for learning 
C, complete with real-world projects and skill paths. 3. Coursera - Coursera, in collaboration with Duke University, offers a specialization in C 
programming, including hands-on projects and a certificate upon completion. 4.

edX - This course, offered by edX, covers C programming with a focus on Linux, 
including professional certification. Sr 
No 
Suggested List of 
Experiments 
H
rs 
 
 
01 
 
a) Program to demonstrate Operators Data Input and Output – 
getchar( ), putchar( ), scanf( ), printf( ), gets( ), puts( ) 
b) Program to demonstrate Operators-Arithmetic, Relational and 
logical, Assignment, Unary, Conditional, Bitwise, Comma, other 
operators. 02 
 
 
02 
a) Program to demonstrate Branching - If statement, If-else 
Statement, Multiway decision. b) Program to demonstrate Looping – while, do-while 
 
 
02 
03 
a) Program to demonstrate Nested control structure- Switch 
statement, Continue statement, Break statement, Goto statement 
 02 
 
04 
a) Program to demonstrate Function, Passing Arguments to a Function 
(call by value and call by reference 
 
02"
MHSSCE_00525,SEM-I-NEP2024.pdf,academic_document,46,1,,"50 
 
05 
a) Implement an iterative function for factorial/ Fibonacci etc. b) Implement a recursive function for factorial/ Fibonacci etc. 02 
06 
a) Program to demonstrate Storage Classes –Auto, Extern, Static, 
Register 
 02 
07 
c) Program to demonstrate Array 1D, 
d) Program to demonstrate Array 2D 
02 
08 
e) Program to demonstrate String 
f) Program to demonstrate String arrays of string 
02 
09 
Program to demonstrate Structure 
 Write a program to store and display information of a student/employee 
etc. using structures. a) Define a structure. b) Read and store details. c) Display the stored information. 02 
10 
Program to demonstrate pointers 
a) Define a node structure. b) Implement functions to insert, delete, and display nodes. 02 
11 
Program to demonstrate files 
Write a program to maintain a simple student/employee etc. database using 
file handling. a) Open a file to store student records. b) Implement functions to add, update, and display records. c) Ensure data persistence by saving changes to the file. 02 
12 
Implement one small application using Function, Files, Structure and 
Pointers concepts you have learnt in C (eg.: Simple Library Management 
System 
1.Functions: Add, display, and search books. 2. Files: Store and retrieve 
book data. 3. Structures: Represent a book. 4."
MHSSCE_00526,SEM-I-NEP2024.pdf,academic_document,46,2,,"using Function, Files, Structure and 
Pointers concepts you have learnt in C (eg.: Simple Library Management 
System 
1.Functions: Add, display, and search books. 2. Files: Store and retrieve 
book data. 3. Structures: Represent a book. 4.

Pointers: Manage the list of 
books dynamically 
 
02 
 
 
 
 
 
 
 
Sr No 
List of Assignments / Tutorials 
Hrs 
01 
Flowcharts for programs 
02 
02 
Functions and Parameter 
03 
Control Structures 
04 
Functions and Parameter 
05 
Arrays, String Structure and Union 
06 
Pointer and Files"
MHSSCE_00527,SEM-I-NEP2024.pdf,academic_document,47,1,,"51 
 
Assessment: 
 
Term Work: Term Work shall consist of at least 10 to 12 practicals’ based on the above list. Also, 
Term work Journal must include at least 2 assignments. 
 
Term Work Marks: 25 Marks (Total marks) = 15 Marks (Experiment) + 5 Marks (Assignments) + 
5 Marks (Attendance) 
 
Practical & Oral Exam: An Oral & Practical exam will be held based on the above syllabus."
MHSSCE_00528,SEM-I-NEP2024.pdf,academic_document,48,1,,"52 
 
 
 
 
Course 
Code 
Course Name 
Theory 
Term 
work 
Pract / 
Oral 
Total 
Internal 
Assessment Test 
(IAT) 
End 
Sem 
Exam 
Exam 
Duration 
(in Hrs) 
IAT-I 
 
 
IAT-II 
IAT-I + 
IAT-II 
(Total) 
CC101 
Induction cum 
Universal 
Human Values 
-- 
-- 
-- 
-- 
-- 
-- 
-- 
-- 
 
Rationale: 
“The purpose of the education system is to develop good human beings capable of rational thought 
and action, possessing compassion and empathy…, with sound ethical moorings and values. It aims at 
producing engaged, productive, and contributing citizens for building an equitable, inclusive, and 
plural society as envisaged by our Constitution. Education must develop not only cognitive capacities... but also social, ethical, and emotional capacities and dispositions…. Education is fundamental for 
achieving full human potential, developing an equitable and just society, and promoting national 
development… A holistic and multidisciplinary education would aim to develop all capacities of 
human beings – intellectual, aesthetic, social, physical, emotional, and moral in an integrated manner” 
[NEP 2020, p 4]. UHV courses are intended to help students to develop a holistic, humane world vision. A self-
reflective, explorational methodology is adopted. All content discussed is universal, rational, and 
verifiable, and leads to harmony. Holistic education inculcates the following three aspects in the student: 
1. Holistic, Humane Vision of Life – harmonious individual to cosmos 
2."
MHSSCE_00529,SEM-I-NEP2024.pdf,academic_document,48,2,,"is adopted. All content discussed is universal, rational, and 
verifiable, and leads to harmony. Holistic education inculcates the following three aspects in the student: 
1. Holistic, Humane Vision of Life – harmonious individual to cosmos 
2.

Human Values– human feelings, participation based on holistic vision 
3. Skills– required to live with these values in mutual relationship at all levels of human existence 
 
Course Objectives: 
The objective of the course is: 
1. Development of a holistic perspective based on self-exploration about themselves (human 
being), family, society and nature/existence. 2. Understanding (or developing clarity) of the harmony in the human being, family, society and 
nature/existence 
3. Strengthening of self-reflection. 4. Development of commitment and courage to act. Course 
Code 
Course Name 
Teaching Scheme 
(Contact Hours) 
Credits Assigned 
Theory 
Pract. Tut. Theory 
Pract. Tut. Total 
CC101 
Induction cum 
Universal Human 
Values 
2# 
- 
- 
- 
- 
- 
2"
MHSSCE_00530,SEM-I-NEP2024.pdf,academic_document,49,1,,"53 
 
5. Prepare learner for achieving full human potential who can be contribute for developing an 
equitable and just society, and promoting national development 
6. developing clarity of these fundamental universal human values to help the learner in 
understanding and living by the various specific expressions. E.g., National values enshrined 
in the Constitution, aspirations articulated in NEP 2020, UN MDGs and SDGs... Course Outcomes: After completion of the course learner will be able to 
1. Identify basic human aspirations and programme for its fulfilment. 2. Express existing reality of Human being 
3. Explain the values in human-human relationship and program for its fulfilment to ensure 
mutual happiness. 4. Describe harmony in surroundings family and society. 5. Explain harmony nature, existence as coexistence and become more responsible in life, in 
handling problems with sustainable solutions. 6. Apply what they have learnt to their own self in day-to-day life and utilize the professional 
competence for augmenting universal human order, develop holistic technologies, management 
models and production systems. Prerequisite: There is no prerequisite for this course. DETAILED SYLLABUS: 
 
Sr. No."
MHSSCE_00531,SEM-I-NEP2024.pdf,academic_document,49,2,,"life and utilize the professional 
competence for augmenting universal human order, develop holistic technologies, management 
models and production systems. Prerequisite: There is no prerequisite for this course. DETAILED SYLLABUS: 
 
Sr. No.

Name of Module 
Detailed Content 
Hours 
CO 
Mapping 
0 
Prerequisite 
No prerequisite 
 
 
I 
Introduction - 
Need, Basic 
Guidelines, 
Content and 
Process for Value 
Education 
Purpose and motivation for the course, Self-
Exploration, 
Continuous 
Happiness 
and 
Prosperity- the basic Human Aspirations, Right 
understanding, 
Relationship 
and 
Physical 
Facility- the basic requirements for fulfilment of 
aspirations, 
Understanding 
Happiness 
and 
Prosperity correctly- A critical appraisal of the 
current scenario, Method to fulfil the above 
human aspirations. 05 
CO1 
II 
Understanding 
Harmony in the 
Human Being 
 
Understanding human being as a co-existence of 
the sentient ‘I’ and the material ‘Body’. Understanding the needs of Self (‘I’) and ‘Body’ 
- happiness and physical facility. the Body as an 
instrument of ‘I’, characteristics and activities of 
‘I’ and harmony in ‘I’, harmony of I with the 
Body: Self-regulation and Health; correct 
appraisal of Physical needs, meaning of 
Prosperity in detail, Programs to ensure Self-
regulation and Health. 04 
CO2 
III 
Understanding 
Harmony in the 
Family 
Understanding 
values 
in 
human-human 
relationship and program for its fulfilment to 
ensure mutual happiness; Trust and Respect as the 
foundational values of relationship, the other 
salient values in relationship 
07 
CO3"
MHSSCE_00532,SEM-I-NEP2024.pdf,academic_document,50,1,,"54 
 
IV 
Understanding 
Harmony in the 
Society 
 
Understanding the harmony in the society 
(society 
being 
an 
extension 
of 
family): 
Resolution, Prosperity, fearlessness (trust) and 
co-existence as comprehensive Human Goals, 
Visualizing a universal harmonious order in 
society- Undivided Society, Universal Order- 
from family to world family. 03 
CO4 
V 
Understanding 
Harmony in the 
Nature and 
Existence - Whole 
existence as 
Coexistence 
 
Understanding the harmony in the Nature, 
Interconnectedness and mutual fulfilment among 
the four orders of nature, cyclability and self-
regulation in nature. Understanding Existence as 
Co-existence of mutually interacting units in all 
pervasive space, Holistic perception of harmony 
at all levels of existence. 04 
CO5 
VI 
Implications of 
the Holistic 
Understanding of 
Harmony on 
Professional 
Ethics 
 
Natural 
acceptance 
of 
human 
values, 
Definitiveness of Ethical Human Conduct, Basis 
for 
Humanistic 
Education, 
Humanistic 
Constitution and Humanistic. Universal Order, 
Competence in professional ethics: Ability to 
utilize 
the 
professional 
competence 
for 
augmenting universal human order and identify 
the scope and characteristics of people friendly 
and eco-friendly production systems. Ability to 
identify and develop appropriate technologies and 
management patterns for above production 
systems."
MHSSCE_00533,SEM-I-NEP2024.pdf,academic_document,50,2,,"augmenting universal human order and identify 
the scope and characteristics of people friendly 
and eco-friendly production systems. Ability to 
identify and develop appropriate technologies and 
management patterns for above production 
systems.

Case studies of typical holistic 
technologies, 
management 
models 
and 
production systems, Strategy for transition from 
the present state to Universal Human Order. Sum 
up. 03 
CO6 
 
(In every module one lecture can be used for students sharing and discussion) 
Text Books: 
1. A Foundation Course in Human Values and Professional Ethics, R R Gaur, R Asthana, G P 
Bagaria, 3rd Revised Edition, Excel Books, New Delhi, 2019. ISBN 978-93-87034-47-1 
2. The Teacher’s Manual Teachers‟ Manual for A Foundation Course in Human Values and 
Professional Ethics, R R Gaur, R Asthana, G P Bagaria, 2nd Revised Edition, Excel Books, 
New Delhi, 2019. ISBN 978-93-87034-53-2 
3. A Foundation Course in Holistic Human Health – Its Philosophy and Practice, Sharmila 
Asthana, Akhilesh Shukla, T Sundara Raj Perumall, 1st Edition, October 2023, Published by 
UHV Publications,, Kanpur, UP.7 
 
A References: 
1. Jeevan Vidya: Ek Parichaya, A Nagaraj, Jeevan Vidya 
2. Prakashan, Amarkantak, 1999. 3. Human Values, A.N. Tripathi, New Age Intl. Publishers, New Delhi, 2004. 4. The Story of Stuff (Book). 5. The Story of My Experiments with Truth - by Mohandas Karamchand Gandhi 
6. Small is Beautiful - E. F Schumacher."
MHSSCE_00534,SEM-I-NEP2024.pdf,academic_document,51,1,,"55 
 
7. Slow is Beautiful - Cecile Andrews 
8. Economy of Permanence - J C Kumarappa 
9. Bharat Mein Angreji Raj – Pandit Sunderlal 
10. Rediscovering India - by Dharampal 
11. Hind Swaraj or Indian Home Rule - by Mohandas K. Gandhi 
12. India Wins Freedom - Maulana Abdul Kalam Azad 
13. Vivekananda - Romain Rolland (English) 
14. Gandhi - Romain Rolland (English) 
Online References: 
Sr. No. 
Website Name 
7. 
https://uhv.org.in 
Note: 
1. This is an audit course. 
2. This course is to be taught by faculty from every teaching department 
3. Lecture hours are to be used for interactive discussion, placing the proposals about the topics 
at hand and motivating students to reflect, explore and verify them. 
4. In the discussions, the mentor encourages the student to connect with one’s own self and do 
self-observation, self-reflection and self-exploration 
5. One or two periods from each module may be used for tutorials. These are important for the 
course. The difference is that the laboratory is everyday life, and practical are how you behave 
and work in real life. 
6. Depending on the nature of topics, worksheets, home assignment and/or activity can be 
included. The practice sessions (tutorials) would also provide support to a student in 
performing actions commensurate to his/her beliefs. It is intended that this would lead to 
development of commitment, namely behaving and working based on basic human values."
MHSSCE_00535,SEM-II-NEP2024.pdf,academic_document,1,1,2024-25,"1 
 
 
 
 
 
 AC – 6.8 
 
 
 
 
 
 
 
 
 
 
Item No. – 28/6/2024 
As Per NEP 2020 
 
 
 
 
University of Mumbai 
 
 
 
 
 
 
Bachelor of Engineering 
 
 First Year Engineering (Semester I & II), Revised Course 
 (NEP-2020 Scheme) from Academic Year 2024-25 
 (Common for All Branches of Engineering) 
 
A- 
U.G. Certificate in Major Discipline of Engineering/Technology 
B- 
U.G. Diploma in Major Discipline of Engineering/Technology 
C- 
B.Voc/B.S.c. in Major Discipline of Engineering/Technology 
D- 
B.E. in Major Discipline of Engineering/Technology 
E- 
B.E. ( Hons.) in Major Discipline of Engineering/Technology 
F- 
B.E. (Hons. With Research) in Major Discipline of Engineering/Technology 
Under 
FACULTY OF SCIENCE & TECHNOLOGY 
 Ref: GR dated 20th April, 2023 for Credit Structure of UG 
 
 (As per AICTE & NEP 2020 Guidelines with effect 
 from the Academic Year 2024-25 Progressively)"
MHSSCE_00536,SEM-II-NEP2024.pdf,academic_document,2,1,,"2 
 
 
 
 
Preamble 
 
To meet the challenge of ensuring excellence and NEP 2020 policy in engineering education, the issue of quality needs to 
be addressed, debated, and taken forward systematically. Accreditation is the principal means of quality assurance in 
higher education. The major emphasis of the accreditation process is to measure the outcomes of the program that is being 
accredited. In line with this Faculty of Science and Technology (in particular Engineering) of the University of Mumbai 
has taken the lead in incorporating the philosophy of NEP 2020 education in the process of curriculum development. The First Year Engineering course is a broad foundation training program to impart scientific and logical thinking Training 
to learners in general with a choice of course selection in the Basic sciences and Engineering Sciences. Simultaneously 
NEP- 2020 objectives demand nurturing the basic skills required for familiarizing within the respective chosen Branch of 
Engineering by the learner. Keeping this in view, a pool of courses is offered in Basic sciences covering fundamentals 
required to understand modern engineering practices and emerging trends in technology. Considering the change in 
pedagogy and the convenience of the stress-free learning process, in the course work under heads of Engineering Sciences, 
a choice-based subject pool is offered in the second semester."
MHSSCE_00537,SEM-II-NEP2024.pdf,academic_document,2,2,,"and emerging trends in technology. Considering the change in 
pedagogy and the convenience of the stress-free learning process, in the course work under heads of Engineering Sciences, 
a choice-based subject pool is offered in the second semester.

Essentially to give a glimpse of trends in the industry under 
vocational skill practices, the pool is offered to nurture and develop creative skills in contemporary industrial practices. Criteria met in the structure is the opportunity for learners to choose the course of their interest in all disciplines. Basic sciences cover Applied Physics and Elective Physics, Applied Chemistry and Elective Chemistry, and Applied 
Mathematics where a pool of subjects are given for selection, the rationale for the same is that generalized basic science 
courses are not feasible from learners' point of view. Considering the present scenario, diverse choices need to be made 
available to fulfill the expectation of a learner to aspire for a career in the field of current trends of Technology and 
interdisciplinary research. Ability enhancement can be achieved in Undergraduate training by giving an objective viewpoint 
to the learning process and transitioning a learner from a rote learner to a creative professional, for the purpose Design 
Thinking is introduced in the First Semester to orient a journey learner to become a skilled professional. Considering the 
NEP-2020 structure of award of Certificate & Diploma at multiple exit-point pools of Vocational skills is arranged for 
giving exposure to the current Industry practices."
MHSSCE_00538,SEM-II-NEP2024.pdf,academic_document,2,3,2024-25,"to orient a journey learner to become a skilled professional. Considering the 
NEP-2020 structure of award of Certificate & Diploma at multiple exit-point pools of Vocational skills is arranged for 
giving exposure to the current Industry practices.

Faculty resolved that course objectives and course outcomes are to be clearly defined for every course so that all faculty 
members in affiliated higher education institutes understand the depth and approach of the course to be taught, which will 
enhance the learner’s learning process. NEP 2020 grading system enables a much-required shift in focus from teacher-
centric to continuous-based learner-centric education since the workload estimated is based on the investment of time in 
learning and not in teaching. It also focuses on continuous evaluation which will enhance the quality of education. Credit 
assignment for courses is based on a 15-week teaching-learning process for NEP 2020, however, the content of courses is 
to be taught in 12-13 weeks and the remaining 2-3 weeks are to be utilized for revision, tutorial, guest lectures, coverage 
of content beyond the syllabus, etc. There was a concern that in the present system, the first-year syllabus must not be heavily loaded to the learner and it is of 
utmost importance that the learner entering into the first year of an engineering course should feel at ease by lowering the 
burden of syllabus and credits. This is necessary for a learner to get accustomed to the new environment of a college and 
to create a bond between the teacher and the learner. The present curriculum will be implemented for the First Year of 
Engineering from the academic year 2024-25."
MHSSCE_00539,SEM-II-NEP2024.pdf,academic_document,2,4,2024-25,"is necessary for a learner to get accustomed to the new environment of a college and 
to create a bond between the teacher and the learner. The present curriculum will be implemented for the First Year of 
Engineering from the academic year 2024-25.

Subsequently, this system will be carried forward for Second Year 
Engineering in the academic year 2025-26, and for Third Year and Final Year Engineering in the academic years 2026-27, 
and 2027-28, respectively. Dr. Deven Shah 
Associate Dean 
Faculty of Science & Technology 
 
Prof. Shivram S. Garje 
Dean 
Faculty of Science & Technology"
MHSSCE_00540,SEM-II-NEP2024.pdf,academic_document,3,1,2024-2025,"5 
 
 
 
 
 
 
Program Structure for First Year Engineering 
 
UNIVERSITY OF MUMBAI 
(NEP 2020 With Effect from Academic Year 2024-2025) 
 
Semester II 
 
 
Course 
Code 
Course Description 
 
Teaching Scheme 
(Contact Hours) 
 
 
 
Credit Assigned 
Theory Practical Tutorial 
Theory 
 
Tutorial 
 
Practical 
Total 
Credits 
BSC201 
Applied Mathematics – II 
2 
- 
1 
2 
1 
-- 
3 
BSC202X 
Elective Physics 
2 
- 
- 
2 
- 
-- 
2 
BSC203X 
Elective Chemistry 
2 
- 
- 
2 
- 
-- 
2 
ESC201 
Engineering Graphics 
3 
- 
- 
3 
- 
-- 
3 
PCC201X 
Program Core Course 
2 
- 
- 
2 
- 
-- 
2 
BSL201X 
Elective Physics Lab 
- 
1 
- 
- 
- 
0.5 
0.5 
BSL202X 
Elective Chemistry Lab 
- 
1 
- 
- 
- 
0.5 
0.5 
ESL201 
Engineering Graphics Lab 
- 
2 
-- 
- 
- 
1 
1 
PCL201X 
Program Core Lab 
- 
2 
- 
- 
- 
1 
1 
CC201 
 Social Science & Community 
Services 
- 
2*+2 
- 
- 
- 
2 
2 
 IKS201 
Indian knowledge System 
- 
2*+2 
- 
- 
- 
2 
2 
VSEC201 
Engineering Workshop-II 
- 
2 
- 
- 
- 
1 
1 
VSEC202 
Python Programming 
- 
2*+2 
- 
- 
- 
2 
2 
Total 
11 
20 
01 
11 
01 
 10 
22 
 
* Two hours of practical class to be conducted for full class as demo/discussion 
# Course evaluation is activity-based which may be individual or group of four students. 
Theory / Tutorial 1 credit for 1 hour and Practical 1 credit for 2 hours."
MHSSCE_00541,SEM-II-NEP2024.pdf,academic_document,4,1,,"6 
 
 
 
 
 
Semester II 
 
 
 
Course 
Code 
Course Description 
Examination scheme 
Internal Assessment Test 
(IAT) 
End 
Sem. 
Exam 
Marks 
End Sem. 
Exam 
Duration 
(Hrs) 
Term 
Work 
(Tw) 
Oral 
& 
Pract. 
 
Total 
IAT-I IAT-II 
Total 
(IAT-I) + 
IAT-II) 
BSC201 
Applied Mathematics – II 
20 
20 
40 
60 
02 
25 
-- 
125 
BSC202X 
Elective Physics 
15 
15 
30 
45 
1.5 
-- 
-- 
75 
BSC203X 
Elective Chemistry 
15 
15 
30 
45 
1.5 
-- 
-- 
75 
ESC201 
Engineering Graphics 
20 
20 
40 
60 
02 
-- 
-- 
100 
PCC201X 
Program Core Course 
20 
20 
40 
60 
02 
-- 
-- 
100 
BSL201X 
Elective Physics Lab 
-- 
-- 
-- 
-- 
-- 
25 
-- 
25 
BSL202X 
Elective Chemistry Lab 
-- 
-- 
-- 
-- 
-- 
25 
-- 
25 
ESL201 
Engineering Graphics Lab 
-- 
-- 
-- 
-- 
-- 
25 
25 
50 
PCL201X 
Program Core Lab 
-- 
-- 
-- 
-- 
-- 
25 
25 
50 
CC201 
 Social Science & Community 
Services 
-- 
-- 
-- 
-- 
-- 
25 
-- 
25 
 IKS201 
Indian knowledge System 
-- 
-- 
-- 
-- 
-- 
25 
-- 
25 
VSEC201 
Engineering Workshop-II 
-- 
-- 
-- 
-- 
-- 
25 
-- 
25 
VSEC202 
Python Programming 
-- 
-- 
-- 
-- 
-- 
25 
25 
50 
Total 
90 
90 
180 
270 
09 
225 
75 
750 
 
Elective Physics 
 
 
 
 
 
BSC202X 
Elective Physics Theory 
 
 
BSC2021 
Physics for Emerging Fields 
BSC2022 
Semiconductor Physics 
BSC2023 
Physics of Measurements and Sensors 
BSL201X 
Elective Physics Lab 
 
 
BSL2011 
Physics for Emerging Fields Lab 
BSL2012 
Semiconductor Physics Lab 
BSL2013 
Physics of Measurements and Sensors Lab"
MHSSCE_00542,SEM-II-NEP2024.pdf,academic_document,5,1,,"7 
 
 
 
 
 
 
Elective Chemistry 
 
 
 
Program Core Course 
 
 
BSC203X 
Elective Chemistry 
 
 
BSC2031 
Engineering Materials 
BSC2032 
Environmental Chemistry and Non-conventional energy sources 
BSC2033 
Introduction to Computational Chemistry 
BSL202X 
Elective Chemistry Lab 
 
 
BSL2021 
Engineering Materials Lab 
BSL2022 
Environmental Chemistry and Non-conventional energy sources Lab 
BSL2023 
Introduction to Computational Chemistry Lab 
PCC201X 
Name of Program as per Cluster 
Name of Program Core Course 
PCC2011 
Computer Engineering, 
Information Technology, 
Computer Science & Engineering, 
Computer Science & Design, CSE 
(AI & ML), CSE(DS), CSE (IoT & 
CSBT), CS&E, AI &DS, AI &ML, 
Cyber Security, Internet of Things, 
Data Engineering 
 
 
 
 
Data Structure 
PCC2012 
Civil Engineering, Civil and 
Infrastructure Engineering, Civil 
Engineering and Planning 
 
Elements of Civil Engineering 
PCC2013 
Biomedical Engineering 
Elements of Biomedical 
Engineering 
PCC2014 
Electronics Engineering & 
Electronics Engineering & 
Computer Science 
 
Digital Electronics 
PCC2015 
Chemical Engineering 
Introduction to Chemical 
Engineering 
PCC2016 
Electronics & Telecommunication-
Engineering 
Elements of Telecommunication 
PCC2017 
Electrical Engineering 
Elements of Electrical Systems 
 
PCC2018 
Mechanical Engineering, 
Mechatronics, Automation & 
Robotics 
Elements of Mechanical 
Engineering 
 
PCC2019 
Instrumentation Engineering 
Basics of Measurement and 
Sensors"
MHSSCE_00543,SEM-II-NEP2024.pdf,academic_document,6,1,,"8 
 
 
 
 
 
 
Program Core Lab 
 
 
 
 
 
 
 
 
 
 
 
 
 
 
 
PCL201X 
Name of Program as per Cluster 
Name of Program Core Course 
PCL2011 
Computer Engineering, 
Information Technology, 
Computer Science & Engineering, 
Computer Science & Design, CSE 
(AI & ML), CSE(DS), CSE (IoT & 
CSBT), CS&E, AI &DS, AI &ML, 
Cyber Security, Internet of Things, 
Data Engineering 
 
 
 
 
Data Structure Lab 
PCL2012 
Civil Engineering, Civil and 
Infrastructure Engineering, Civil 
Engineering and Planning 
 
Elements of Civil Engineering 
Lab 
PCL2013 
Biomedical Engineering 
Elements of Biomedical 
Engineering Lab 
PCL2014 
Electronics Engineering & 
Electronics Engineering & 
Computer Science 
 
Digital Electronics Lab 
PCL2015 
Chemical Engineering 
Introduction to Chemical 
Engineering Lab 
PCL2016 
Electronics & Telecommunication-
Engineering 
Elements of Telecommunication 
Lab 
PCL2017 
Electrical Engineering 
Elements of Electrical Systems 
Lab 
 
PCL2018 
Mechanical Engineering, 
Mechatronics Engineering, 
Automation & Robotics 
Elements of Mechanical 
Engineering Lab 
PCL2019 
Instrumentation Engineering 
Basics of Measurement and 
Sensors Lab"
MHSSCE_00544,SEM-II-NEP2024.pdf,academic_document,7,1,,"56 
 
 
 
 
 
 
 
 
 
Course 
Teaching Scheme 
Credits Assigned 
Course Name 
(Contact Hours) 
Code 
Theory 
Pract.
Tut. 
Theory TW/Pract 
Tut. 
Total 
BSC201 Applied Mathematics-II 
02 
-- 
01 
02 
-- 
01 
03 
Course 
Code 
Course Name 
Examination Scheme 
Theory 
Term 
Work Pract 
Oral 
Total 
Internal Assessment 
Test (IAT) 
End 
Sem 
Exam 
IAT-I 
IAT-II 
IAT-I + 
IAT-II 
(Total) 
BSC201 Applied Mathematics-II 
20 
20 
40 
60 
25 
-- 
-- 
125 
 
 
Course Objectives 
1. The course is aimed to develop the basic Mathematical skills of 
engineering students that are imperative for effective understanding of 
engineering subjects. The topics introduced will serve as basic tools for 
specialized studies in many fields of engineering and technology. 
2. To provide hands on experience in using SCILAB software to 
handle applications to real life problems. 
 
Course Outcomes: Students will be able to… 
1. Apply the concepts of First Order and first degree Differential equation 
to the problems in the field of engineering. 
2. Apply the concepts of Higher Order Linear Differential equation to the 
engineering problems. 
3. Apply concepts of Beta and Gamma function to solve improper integrals. 
4. Apply concepts of Double integral of different coordinate systems to 
the engineering problems. 
5. Apply concepts of triple integral of different coordinate systems to the"
MHSSCE_00545,SEM-II-NEP2024.pdf,academic_document,8,1,,"57 
 
engineering problems and its application. 6. Solve differential equations and integrations numerically using SCILAB 
software to experimental aspect of applied mathematics. DETAILED SYLLABUS 
 
Module 
Detailed Contents 
Hrs. CO 
Mapping 
01 
Differential Equations of First Order and First Degree 
1.1 Exact differential Equations, Equations reducible to exact form by 
using integrating factors. 1.2 Linear differential equations (Review), equation reducible to linear 
form, Bernoulli’s equation. # Self learning topics: Simple application of differential equation of 
first order and first degree to electrical and Mechanical Engineering 
problem 
3 
2 
 CO1 
02 
Linear Differential Equations With Constant Coefficients of 
Higher Order 
2.1 Linear Differential Equation with constant coefficient‐ 
complementary function, particular integrals of differential 
equation of the type f(D)y = X where X is 𝑒𝑎𝑥, 
sin(ax + b), cos (ax +b), 𝑥𝑚, 𝑒𝑎𝑥𝑉 
2.2 Method of variation of parameters. # Self learning topics: Cauchy’s homogeneous linear differential 
equation and Legendre’s differential equation, Applications of Higher 
order differential equation. 3 
1 
 CO2 
 03 
Beta and Gamma Function, Differentiation under Integral sign 
 
3.1 Beta and Gamma functions and its properties. 3.2 Differentiation under integral sign with constant limits of 
integration."
MHSSCE_00546,SEM-II-NEP2024.pdf,academic_document,8,2,,"of Higher 
order differential equation. 3 
1 
 CO2 
 03 
Beta and Gamma Function, Differentiation under Integral sign 
 
3.1 Beta and Gamma functions and its properties. 3.2 Differentiation under integral sign with constant limits of 
integration.

# Self learning topics: Rectification of curves.(Cartesian, Polar 
and Parametric) 
 
2 
 
2 
 
 CO3 
 04 
Multiple Integration- I 
Pre-requisite: Tracing of curves 
 
4.1 Double integration‐definition, Evaluation of Double 
Integrals.(Cartesian & Polar) 
 
4.2 Change the order of integration.(No Evaluation) 
4.3 Evaluation of double integrals by changing to polar coordinates 
 
 
2 
 
 
 
1 
 
2 
 CO4 
 05 
Multiple Integration- II 
 
5.1 Triple integration definition and evaluation (Cartesian, cylindrical 
and spherical polar coordinates). 5.2 Application of double integrals to compute Area, Mass. # Self learning topics: Application of triple integrals to compute 
 
 
2 
 
 
2 
 
CO5"
MHSSCE_00547,SEM-II-NEP2024.pdf,academic_document,9,1,,"58 
 
Volume. 06 
Numerical solution of ordinary differential equations of first 
order and first degree, and, Numerical Integration 
6.1 Numerical solution of ordinary differential equation using (a) 
Euler’s method 
(b) Modified Euler method, (c) Runge‐Kutta fourth order method 
6.2 Numerical integration‐ by (a) Trapezoidal (b) Simpson’s 1/3rd (c) 
Simpson’s 3/8th rule (all without proof) 
 
 
 
 
3 
 
 
 
1 
CO6 
 
References: 
1. Higher Engineering Mathematics, Dr.B.S.Grewal, Khanna Publication 
2. Advanced Engineering Mathematics, Erwin Kreyszig, Wiley EasternLimited, 9thEd. 3. Engineering Mathematics by Srimanta Pal and SubodhBhunia, Oxford University 
 Press 
4. Applied Numerical Methods with MATLAB for Engineers and Scientists by Steven 
 Chapra, McGraw Hill 
5. Elementary Linear Algebra with Application by Howard Anton and Christ Rorres. 6th 
 edition. John Wiley & Sons,INC. Term Work: 
General Instructions: 
1. Batch wise tutorials are to be conducted. The number of students per batch should 
be as per University pattern for practical. 2. Students must be encouraged to write SCILAB Programs in tutorial class only. Each Student has to write at least 4 SCILAB tutorials (including print out) and at least 6 
class tutorials on entire syllabus. 3."
MHSSCE_00548,SEM-II-NEP2024.pdf,academic_document,9,2,,"per University pattern for practical. 2. Students must be encouraged to write SCILAB Programs in tutorial class only. Each Student has to write at least 4 SCILAB tutorials (including print out) and at least 6 
class tutorials on entire syllabus. 3.

SCILAB Tutorials will be based on (i) Euler Method, (ii) Modified Euler Method, 
(iii) Runge-Kutta Method of fourth order, (iv) Trapezoidal Rule, (v) Simpson’s 1/3rd Rule 
(vi) Simpson’s 3/8th rule 
 
The distribution of Term Work marks will be as follows – 
 
1. Attendance (Theory and Tutorial): 05 marks 
2. Class Tutorials on entire syllabus: 10 marks 
3. SCILAB Tutorials: 10 marks 
 
Assessment: 
Internal Assessment (IA) for 20 marks each:"
MHSSCE_00549,SEM-II-NEP2024.pdf,academic_document,10,1,,"59 
 
• IA will consist of Two Compulsory Internal Assessment Tests. Approximately 40% to 
50% of the syllabus content must be covered in the IAT-I and the remaining 40% to 
50% of the syllabus content must be covered in the IAT-II. 
End Semester Theory Examination: 
 
➢ Question paper format 
• Question Paper will comprise a total of six questions each carrying 15 marks Q.1 will 
be compulsory and should cover the maximum contents of the syllabus 
• Remaining questions will be mixed in nature (part (a) and part (b) of each question 
must be from different modules. For example, if Q.2 has part (a) from Module 3 
then part (b) must be from any other Module randomly selected from all the 
modules) 
• A total of four questions need to be answered."
MHSSCE_00550,SEM-II-NEP2024.pdf,academic_document,11,1,,"60 
 
 
 
 
 
 
 
 
 
 
 
Theory 
Ter
m 
work 
Pract 
/ 
Oral 
Total 
Internal Assessment 
Test (IAT) 
End 
Sem 
Exa
m 
Exam 
Duratio
n 
(in Hrs) 
 
 
 
IAT-
I 
IAT-
II 
IAT-I 
+ IAT-
II 
(Total) 
BSC20
21 
Physics for 
Emerging Fields 
15 
15 
30 
45 
2 
 
-- 
75 
 
Rationale: 
This course discusses basic aspects and working principles of frontier technologies which are in trend 
and in frontier research. Modules are designed to provide conceptual clarity of technologies of the 
21st century ranging from Imaging to Energy Harvesting where AI and Data analytic are going to play 
an important role. Creative young minds have larger scope to explore in these areas with the skill sets 
they are going to acquire in having specific training in their selected Branch of engineering. 
 
 
Course 
Code 
Course Name 
Teaching Scheme 
(Contact Hours) 
Credits Assigned 
Theory 
Pract. 
Tut. 
Theory 
Pract. 
Tut. 
Total 
BSC202
1 
Physics for 
Emerging Fields 
2 
-- 
- 
2 
-- 
- 
2"
MHSSCE_00551,SEM-II-NEP2024.pdf,academic_document,12,1,,"61 
 
Course Objectives: 
1. To demonstrate the use of Solar Power system and basic designing of solar power stations. 
2. To explain basic working principle of Image sensors and their use and fundamentals of 
image processing. 
3. To explain MEMS technology and sensor construction 
4. To describe various types of fuel cell and its selection 
5. To provide fundamentals of Energy harvesting 
6. To discuss nanotechnology applications in Nano computing 
 
Course Outcomes: 
1. Learners will be able to MEASURE solar Power and CONSTRUCT basic solar power 
system.[BT 3] 
2. Learners will be able to MEASURE Chromaticity and ILLUSTRATE colour matching 
concept..[BT3] 
3. Learners will be able to ILLUSTRATE use of MEMS sensors {BT2] 
4. Learners will be able to DESCRIBE various Fuel cells and its components [BT2] 
5. Learner will be able to ASSIMILATE concept of Energy harvesting and its role in emerging 
innovative eco friendly applications. [BT2] 
6. Learner will be able to EXPLAIN AI integration in various nanotechnology 
applications.[BT2] 
DETAILED SYLLABUS:"
MHSSCE_00552,SEM-II-NEP2024.pdf,academic_document,13,1,,"62 
 
 
Name of Module 
Detailed Content 
Hours 
CO 
Mapping 
0 
Prerequisite 
P-n- junction, working principle of optical 
fibre, Basics of sound, electric field, 
magnetic field, conductivity, mobility, 
Basics of Crystal Physics (Unit cell, Space 
lattice, Crystal systems), X-rays, 
Frequency ranges in electromagnetic 
spectrum, classification of sound, 
Electrostatic focusing, magneto-static 
focusing. 
 
 
I 
solar Energy 
Conversion of solar Energy in to 
Electricity,PhotovoltaicEffect and Solar 
Cells working principle, Types of Solar 
Cells, Series & parallel solar cell 
connections. Applications of Solar system. 
4 
CO1 
II 
OPTICAL 
Imaging 
Imaging sensors CCD, CMOS 
construction and working, Image 
formation.(Monochrome and Colour) 
Chromaticity diagram, Chromaticity 
coordinates, Colour Measurement & colour 
matching 
4 
CO2 
III 
Micro Electro -
Mechanical 
Systems 
Overview of MEMS, Intrinsic 
Characteristics of MEMS, Microsensors 
and microactuators, Materials for MEMS 
(Silicon, polymer, Metal), Packaging and 
encapsulation of MEMS. 
4 
CO3 
IV 
Fuel Cell 
Introduction, Classification of Fuel cell 
Construction & working of Alkaline Fuel 
cell,Molten carbonate fuel cell, Polymer 
electrolyte membrane Cell, Solid OXide 
fuel cell. 
4 
CO4"
MHSSCE_00553,SEM-II-NEP2024.pdf,academic_document,14,1,,"63 
 
V 
 Energy 
harvesting 
Piezoelectric Effect, Materials and models 
for Piezoelectric effect,Piezoelectric 
Electricity generator, energy harvesting 
application, human power 
4 
CO5 
VI 
Nanocomputing 
Nanocomputer Introduction, Nano 
computer Building block, DNA Carbon 
nanotubes and nanowires,CHEMICALLY 
ASSEMBLED ELECTRONIC 
NANOTECHNOLOGY (CAEN) 
 
6 
CO6 
 
Text Books: 
1. Terrestrial Solar Photovoltaics: Tapan Bhattacharya: Narosa Publication House 
2. Essential Principles of Image Sensors: by Takao Kuroda: oreilly Publication 
3. Fuel cells from fundamentals to Applications By S Srinivasan, L. Krishnana, C Marozzi, 
Springer 
4. Piezo electric Energy Harvesting Willey 
5 Designing Nano computer 
https://rguir.inflibnet.ac.in/bitstream/123456789/16635/1/9781984664167.pdf 
6. Digital Image Processing - Rafael C. Gonzalez, Richard E. Woods, Pearson Prentice Hall 
7. Designing Nano computer 
https://rguir.inflibnet.ac.in/bitstream/123456789/16635/1/9781984664167.pdf 
8. Instrumentation & Measurement Techniques by Albert D. Helfrick& William D. Cooper 
(PHI) Edition 
 
9. A Textbook of Nanoscience and Nanotechnology, T. Pradeep Tata McGraw Hill Education 
Pvt. Ltd., 2012 
 
References: 
1. Handbook of Modern Sensors Physics design and application- Jacob Fraden, Springer, AIP press. 2. Fundamentals of Physics, Halliday and Resnick, Wiley publication 
3."
MHSSCE_00554,SEM-II-NEP2024.pdf,academic_document,14,2,,"T. Pradeep Tata McGraw Hill Education 
Pvt. Ltd., 2012 
 
References: 
1. Handbook of Modern Sensors Physics design and application- Jacob Fraden, Springer, AIP press. 2. Fundamentals of Physics, Halliday and Resnick, Wiley publication 
3.

Textbook of and Nanoscience Nanotechnology - B S Murty, S Shankar, Springer Universities Press 
 
Online References: 
Sr. No. Website Name 
1. https://onlinecourses.nptel.ac.in/noc23_ee95/preview 
2. https://repositorio.uam.es/bitstream/handle/10486/665596/artificial_sacha_NT_2013_
ps.pdf 
 3. https://biogenericpublishers.com/pdf/JBGSR.MS.ID.00147.pdf 
4 
https://archive.nptel.ac.in/courses/117/105/117105082/ 
5 
https://www.bharathuniv.ac.in/page_images/pdf/courseware_eee/Notes/NE3/BEE026
%20MEMS.pdf"
MHSSCE_00555,SEM-II-NEP2024.pdf,academic_document,15,1,,"64 
 
 
Assessment: 
Internal Assessment Test (IAT) for 20 marks each: 
• IA will consist of Two Compulsory Internal Assessment Tests. Approximately 40% to 
50% of the syllabus content must be covered in the IAT-I and the remaining 40% to 
50% of the syllabus content must be covered in the IAT-II. 
End Semester Theory Examination: 
 
Question paper format 
• Question Paper will comprise a total of five questions each carrying 15 marks Q.1 
will be compulsory and should cover the maximum contents of the syllabus 
• Remaining questions will be mixed in nature (part (a) and part (b) of each 
question must be from different modules. For example, if Q.2 has part (a) from 
Module 3 then part (b) must be from any other Module randomly selected from all 
the modules) 
• A total of three questions need to be answered 
 
 
 
 
 
 
 
 
 
 
 
Course 
Code 
Course Name 
Teaching Scheme 
(Contact Hours) 
Credits Assigned 
Theory 
Pract. 
Tut. 
Theory 
Pract. 
Tut. 
Total 
BSL201
1 
Physics for 
Emerging Fields 
Lab 
 
1 
- 
 
0.5 
- 
0.5 
Course 
Code 
Course 
Name 
Examination Scheme 
Theory Marks 
Term 
Wor
k 
Practical/ 
Oral 
Total 
Internal assessment 
(IAT) 
End 
Sem. 
Exam 
IAT-
I 
IAT-
II 
IAT-I + 
IAT-II 
(Total) 
BSL2011 
Physics for 
Emerging 
Fields Lab 
-- 
-- 
-- 
-- 
25 
 
25"
MHSSCE_00556,SEM-II-NEP2024.pdf,academic_document,16,1,,"65 
 
 
 
 
 
 
Lab Objectives: 
1. To develop scientific understanding of the physics concepts. 2. To develop the ability to explain the processes and applications related to science subjects. 3. To apply skills and knowledge in real life situations. 4. To improve the knowledge about the theory concepts of Physics learned in the class. 5. To improve ability to analyze experimental result and write laboratory report. 6. To develop understanding about inferring and predicting. Lab Outcomes: 
Learners will be able to 
1. Learn Characteristics and use of Photovoltaic Cell 
2. Learn Characteristics and use of MEMS sensors 
3. Learn to use color sensors and Color measurement 
4. Learn to Calibrate RGB LED 
5. Learn to use CMOS image sensor 
6. Learn use of virtual lab and simulation Experiments. List of Experiments. (Minimum five experiments required) 
 
 
 
Term Work Marks: 25 Marks (Total marks) = 10 Marks (Experiment) + 10 Marks Project + 5 
Marks (Attendance) 
Project work: Execution of project as per the plan submitted in semester-I, A working model or a 
simulation model or a study report leading to a conclusion as anticipated in semester –I is required to 
be used for awarding marks. A proper rubric should be framed."
MHSSCE_00557,SEM-II-NEP2024.pdf,academic_document,16,2,,"of project as per the plan submitted in semester-I, A working model or a 
simulation model or a study report leading to a conclusion as anticipated in semester –I is required to 
be used for awarding marks. A proper rubric should be framed.

Sr No 
List of Experiments 
Hrs 
LO 
01 
Measurements of V-I characteristics (Load) Photovoltaic Cell 
01 
LO1 
02 
Study of power out of series and parallel combinations of Photovoltaic 
cells 
01 
LO1 
03 
Study of MEMS pressure Sensor 
01 
LO2 
04 
study of colour sensor 
01 
LO3 
05 
Study of Chromaticity diagram with RGB led 
01 
LO4 
06 
Study of directivity and frequency response of MEMS microphone 
01 
LO2 
07 
Study of CMOS image sensor and Colour calibration 
01 
LO3 
08 
Study of a piezoelectric electric transducer as energy source 
01 
LO2 
09 
Study of a Chromaticity & colour matching using Chromatic Vision 
simulator 
01 
LO3 
10 
Simulation experiments based on nanotechnology using open source 
simulation 
02 
LO6 
11 
Any other experiment based on syllabus may be included, which would 
help the learner to understand concept.,after defining a suitable LO 
02 
LO6"
MHSSCE_00558,SEM-II-NEP2024.pdf,academic_document,17,1,,"66 
 
 
 
 
 
 
 
 
 
Rationale: 
Most of the engineering branches are being off-spring of basic sciences where physics is playing a 
pivotal role in concept and understanding of foundation of core engineering branches. This syllabus is 
developed by keeping in mind, needs of all branches that we offer in University of Mumbai. In the 
distribution of modules, core physics and its applied form are given priority. Further, it is ensured that 
these modules will cover prerequisites needed and will remain aligned to the requirements for a certain 
group of engineering courses to be introduced in higher semesters as core subjects or as 
interdisciplinary subjects. Course Objectives: 
1. To provide students with a basic understanding of Semiconductors in the field of Basic 
Engineering. 2. To explain basic importance of p-n junction diodes. 3. To learn about few special diode important for semiconductor industry. 4. To understand the basics of transistors and their applications in the field of electronics. 5. To build foundation of Field effect transistors and their applications. 6. To give exposure to the upcoming field of Nano technology in the field of solid state physics. Course Outcomes: 
1. Learners will be able to USE and DEMOSTRATE his/ her ability earned here to apply 
it to calculate Hall voltage 
2. Learners will be able to CALCULATE barrier potential and PLOT I-V characteristics of 
p-n junction diode."
MHSSCE_00559,SEM-II-NEP2024.pdf,academic_document,17,2,,"Course Outcomes: 
1. Learners will be able to USE and DEMOSTRATE his/ her ability earned here to apply 
it to calculate Hall voltage 
2. Learners will be able to CALCULATE barrier potential and PLOT I-V characteristics of 
p-n junction diode.

Course 
Code 
Course Name 
Theory 
Term 
work 
Pract 
/ 
Oral 
Total 
Internal Assessment 
(IAT) 
End 
Sem 
Exam 
Exam 
Duration 
(in Hrs) 
IAT-
I 
IAT-
II 
IAT-I 
+ ITA-
II 
(Total) 
BSC2022 
Semiconductor 
Physics 
15 
15 
30 
45 
2 
 
-- 
75 
Course 
Code 
Course Name 
Teaching Scheme 
(Contact Hours) 
Credits Assigned 
Theory 
Pract. Tut. Theory 
Pract. Tut. Total 
BSC202
2 
Semiconductor 
Physics 
2 
 
- 
2 
 
- 
2"
MHSSCE_00560,SEM-II-NEP2024.pdf,academic_document,18,1,,"67 
 
3. Learners will be able to PLOT I - V characteristics and understand their applications of 
some special diodes 
4. Learners will be able to CALCULATE current gain and PLOT I-V characteristics for CB-
CE configurations. 5. Learner will be able to PLOT I-V characteristics and understand applications of FETs 
6. Learner will be able to APPLY the knowledge of Nano Technology to certain emerging 
areas of technology. DETAILED SYLLABUS: 
Sr. No. Name of Module 
Detailed Content 
Hours 
CO 
Mapping 
 
Prerequisite 
Band theory of solids Fermi Dirac 
Distribution function Density of 
states and 
- 
- 
1 
Basics of 
Semiconductors 
Types of semiconductors, Carrier 
Concentration in Intrinsic 
Semiconductors, Fermi level of 
Intrinsic Semiconductors, Variation 
of Fermi level of Intrinsic 
Semiconductors, wrttemperature. Extrinsic Semiconductors, Fermi 
level of Extrinsic Semiconductors, 
Variation of Fermi level of 
Extrinsic Semiconductors, wrt 
temperature and Impurity 
Concentration, Equation of 
conductivity with current flow, Hall 
Effect, Calculation of Hall Voltage. 4 
CO1 
2 
Junction diode 
Formation of p-n junction, 
calculation of barrier potential 
Diode equation, p-n junction in 
forward Bias, p-n junction in 
Reverse bias, Current- voltage 
curve for p-n junction diode, LED 
and its working 
4 
CO2 
3 
Important Diodes Working of: Photo diode, solar 
cell, Zenerdiode,Varactor diode, 
Gunn diode and their applications."
MHSSCE_00561,SEM-II-NEP2024.pdf,academic_document,18,2,,"in 
forward Bias, p-n junction in 
Reverse bias, Current- voltage 
curve for p-n junction diode, LED 
and its working 
4 
CO2 
3 
Important Diodes Working of: Photo diode, solar 
cell, Zenerdiode,Varactor diode, 
Gunn diode and their applications.

4 
CO3 
4 
Bipolar Junction 
Transistors 
BJT Structure and Operation - BJT 
structure, Modes of operation,CB, 
CE I-V characteristics BJT 
Amplification and Switching - 
Current gain, BJT as a switch, 
4 
CO4 
5 
Field Effect 
Transistors 
Field-Effect Transistors (FETs) - 
FET types: JFET, MOSFET, 
Structure and operation MOSFETs 
6 
CO5"
MHSSCE_00562,SEM-II-NEP2024.pdf,academic_document,19,1,,"68 
 
in Detail - MOSFET structure, 
Enhancement and depletion modes, 
Threshold voltage MOSFET 
Applications - MOSFET as a 
switch, 
6 
NanoTechnology 
Introduction to Nanotechnology, 
Properties (optical, Electrical, 
Structural, Mechanical) Importance 
of surface to Volume ratio, 
Bonding in solids (Vander walls 
interactions), Application: 
Lithography, Single Electron 
Transfer (SET), Spin Valves. 4 
CO6 
 
Text Books: 
1. Engineering Physics by D.K Bhttacharya, PoonamTandon - Oxford University Press 
2. Solid State Electronic Devices – B. G. Streetman – Pearson 
3. Electronic Devices and Circuits – Homas Floyd – Pearson 
4. Electronic Devices and Circuits – David A. Bell – Oxford University Press 
References: 
1. Semiconductor Physics and Devices – Basic Principles – Donald Neamen – McGraw Hill 
2. Physics of Semiconductor Devices - S.M. Sze, Kwok K. Ng - John Wiley & Sons 
3. Electronic Devices and Circuit Theory - R. Boylestad, L Nashelsky - Pearson 
 
 
 
 
Online References: 
Sr. No. Website Name 
8. https://archive.nptel.ac.in/courses/108/108/108108122/ 
9. https://onlinecourses.nptel.ac.in/noc22_ee97/preview 
3. https://www.optima.ufam.edu.br/SemPhys/Downloads/Neamen.pdf 
 
Assessment: 
Internal Assessment Test (IAT) for 20 marks each: 
• IA will consist of Two Compulsory Internal Assessment Tests. Approximately 40% to 
50% of the syllabus content must be covered in the IAT-I and the remaining 40% to 
50% of the syllabus content must be covered in the IAT-II."
MHSSCE_00563,SEM-II-NEP2024.pdf,academic_document,19,2,,"for 20 marks each: 
• IA will consist of Two Compulsory Internal Assessment Tests. Approximately 40% to 
50% of the syllabus content must be covered in the IAT-I and the remaining 40% to 
50% of the syllabus content must be covered in the IAT-II.

End Semester Theory Examination: 
 
Question paper format 
• Question Paper will comprise a total of five questions each carrying 15 marks Q.1 
will be compulsory and should cover the maximum contents of the syllabus 
• Remaining questions will be mixed in nature (part (a) and part (b) of each 
question must be from different modules. For example, if Q.2 has part (a) from 
Module 3 then part (b) must be from any other Module randomly selected from all 
the modules)"
MHSSCE_00564,SEM-II-NEP2024.pdf,academic_document,20,1,,"69 
 
• A total of three questions need to be answered 
 
 
 
 
 
Course 
Code 
Course Name 
Teaching Scheme 
(Contact Hours) 
Credits Assigned 
Theory 
Pract. Tut. Theory 
Pract. Tut. Total 
BSL201
2 
Semiconductor 
Physics Lab 
 
1 
- 
 
0.5 
- 
0.5 
 
 
Course 
Code 
Course 
Name 
Examination Scheme 
Theory Marks 
Term 
Wor
k 
Practical/ 
Oral 
Total 
Internal assessment 
(IAT) 
End 
Sem. Exam 
IAT-
I 
IAT-
II 
IAT-I + 
IAT-II 
(Total) 
BSL2012 
Semincondu
ctor Physics 
Lab 
-- 
-- 
-- 
-- 
25 
 
25 
 
Lab Objectives: 
1. To develop scientific understanding of the physics concepts. 2. To develop the ability to explain the processes and applications related to science subjects. 3. To apply skills and knowledge in real life situations. 4. To improve the knowledge about the theory concepts of Physics learned in the class. 5. To improve ability to analyze experimental result and write laboratory report. 6. To develop understanding about inferring and predicting. Lab Outcomes: 
Learners will be able to.. 1. Understand the concepts of Hall effect. 2. Experimentally obtain I-V Characteristics of various junction diodes. 3. Experimentally obtain I-V Characteristics of transistors in various configurations. 4. Experimentally obtain I-V Characteristics of FET in configurations 
5. Experimentally obtain I-V characteristics of special purpose diodes. 6. Use virtual lab effectively to perform experiments 
 
List of Experiments."
MHSSCE_00565,SEM-II-NEP2024.pdf,academic_document,20,2,,"in various configurations. 4. Experimentally obtain I-V Characteristics of FET in configurations 
5. Experimentally obtain I-V characteristics of special purpose diodes. 6. Use virtual lab effectively to perform experiments 
 
List of Experiments.

(Minimum five experiments required) 
Sr No 
List of Experiments 
Hrs 
LO 
01 
Measurement of Hall Voltage 
01 
LO1 
02 
Input –out put characteristics of CE configuration 
01 
LO3 
03 
Input –out put characteristics of CB configuration 
01 
LO3"
MHSSCE_00566,SEM-II-NEP2024.pdf,academic_document,21,1,,"70 
 
 
Term Work Marks: 25 Marks (Total marks) = 10 Marks (Experiment) + 10 Marks Project + 5 
Marks (Attendance) 
Project work: Execution of project as per the plan submitted in semester-I, A working model or a 
simulation model or a study report leading to a conclusion as anticipated in semester –I is required to 
be used for awarding marks. A proper rubric should be framed. Rationale: 
Most of the engineering branches are being off-spring of basic sciences where physics is playing a 
pivotal role in concept and understanding of foundation of core engineering branches. This syllabus is 
developed by keeping in mind, needs of all branches that we offer in University of Mumbai. In the 
distribution of modules, core physics and its applied form are given priority. Further, it is ensured that 
these modules will cover prerequisites needed and will remain aligned to the requirements for a certain 
group of engineering courses to be introduced in higher semesters as core subjects or as 
interdisciplinary subjects. Course Objectives: 
04 
I-V Characteristics of p-n junction diode 
01 
LO2 
05 
I-V Characteristics of Zener diode (RB) 
01 
LO5 
06 
I-V Characteristics of photo diode 
01 
LO5 
07 
Carrier concentration using Hall Effect 
01 
LO1 
08 
I-V characteristics of JFET 
01 
LO4 
09 
Carrier concentration using Hall Effect 
01 
LO1 
10 
Simulation experiments based on nanotechnology using open source 
simulation."
MHSSCE_00567,SEM-II-NEP2024.pdf,academic_document,21,2,,"diode 
01 
LO5 
07 
Carrier concentration using Hall Effect 
01 
LO1 
08 
I-V characteristics of JFET 
01 
LO4 
09 
Carrier concentration using Hall Effect 
01 
LO1 
10 
Simulation experiments based on nanotechnology using open source 
simulation.

02 
LO6 
11 
 Any other experiment based on syllabus may be included, which would 
help the learner to understand concept.,after defining a suitable LO 
02 
LO6 
Course 
Code 
Course Name 
Teaching Scheme 
(Contact Hours) 
Credits Assigned 
 
Theory 
Pract. Tut. Theory 
Pract. Tut. Total 
BSC202
3 
Physics of 
Measurements and 
Sensors 
2 
 
- 
2 
 
- 
2 
 
 
Theory 
Term 
work 
Pract 
/ 
Oral 
Total 
Internal Assessment 
(IAT) 
End 
Sem 
Exam 
Exam 
Duration 
(in Hrs) 
IAT-
I 
IAT-
II 
IAT-I 
+ IAT-
II 
(Total) 
BSC2023 
Physics of 
Measurements 
and Sensors 
15 
15 
30 
45 
2 
 
-- 
75"
MHSSCE_00568,SEM-II-NEP2024.pdf,academic_document,22,1,,"71 
 
1. To provide students with a basic understanding of Measurements in the field of Basic 
Engineering. 2. To explain basic importance of Interference in the field of measurements. 3. To learn foundation of Transducers in the area of measurements.. 4. To describe the significance of solid state sensors. 5. To build foundation of temperature measurements required in the field of technology.. 6. To give exposure to upcoming field of Nano technology in the field of Measurements. Course Outcomes: 
1. Learners will be able to USE and DEMOSTRATE his ability earned here to EXAMINE 
the erroneous results of measurement systems. 2. Learners will be able to EXECUTE the flatness testusing Light waves 
3. Learners will be able toEXAMINE the use of appropriate transducers for application. 4. Learners will be able toEXAMINE the use of appropriate sensors for application 
 5. Learner will be able to IMPLEMENT andORGANISE Various 
temperaturemeasurementtechniques ranges. 6. Learner will be able to IMPLEMENT knowledge learned here to nano measurements 
 
DETAILED SYLLABUS: 
 
Sr. No. Name of Module 
Detailed Content 
Hours 
CO 
Mapping 
 
Prerequisite 
Unit and Dimensions, Wave optics, 
Piezo electric effect, Wheatstone 
bridge, Potentiometer, Wave 
particle duality."
MHSSCE_00569,SEM-II-NEP2024.pdf,academic_document,22,2,,"here to nano measurements 
 
DETAILED SYLLABUS: 
 
Sr. No. Name of Module 
Detailed Content 
Hours 
CO 
Mapping 
 
Prerequisite 
Unit and Dimensions, Wave optics, 
Piezo electric effect, Wheatstone 
bridge, Potentiometer, Wave 
particle duality.

- 
- 
1 
Introduction 
Preliminary Idea of Physical 
Measurements: Principle of 
Measurement, Error of 
Measurement, Correction, 
Correctness of Measurement 
Reliability of Measurements, 
Verification, Calibration, 
Measuring Instruments: Measuring 
range, Sensitivity, Scale Intervals, 
Response time, repeatability, 
Inaccuracy, Precision,Accuracy. Sources of error: Static error, 
Environmental error, Characteristic 
error dynamic error 
Statistical Treatment of errors: 
Sample mean, Sample Standard 
deviation, Population Mean, 
6 
CO1"
MHSSCE_00570,SEM-II-NEP2024.pdf,academic_document,23,1,,"72 
 
Population standard Deviation, 
Principles of least Squares 
2 
Measurements by 
light – Wave 
Interference 
Significance of monochromatic 
light in interference, Interferometry 
applied to flatness testing, surface 
contour test 
4 
CO2 
3 
Transducers 
Transducers: Classification by 
function, classification by 
performance, classification by 
output. Developments in transducer 
technology:Solid state transducer, 
Optical transducers, Piezoelectric 
Transducers 
Resistive Transducers: 
Potentiometer, Strain Gauges, 
Resistive Temperature Transducers 
Inductive Transducers: LVDT 
Optical measurements system: 
Thermal photo detectors 
4 
CO3 
4 
Solid state 
sensors 
Hall Effect, Measurement of Hall 
voltage, Piezo electric effect and 
its use as source in Ultrasonic 
system, Its application in flow 
measurements, Ultrasonic distance 
meter 
4 
CO4 
5 
Temperature and 
its measurements 
Concept of Heat, Temperature and 
its measurements, Bimetallic 
thermometers, Platinum Resistance 
thermometers, Thermoelectric 
thermometers Negative 
Temperature Coefficient (NTC) 
Thermistors, Factors for the 
selection of a thermometer for a 
particular use, Temperature Range 
and Comparison of various 
thermometers. Calibration of PT-
100 for temperature measurement."
MHSSCE_00571,SEM-II-NEP2024.pdf,academic_document,23,2,,"thermometers Negative 
Temperature Coefficient (NTC) 
Thermistors, Factors for the 
selection of a thermometer for a 
particular use, Temperature Range 
and Comparison of various 
thermometers. Calibration of PT-
100 for temperature measurement.

4 
CO5 
6 
Nanotechnology 
Introduction to Nanotechnology, 
Properties (optical, Electrical, 
Structural, Mechanical) Importance 
of surface to Volume ratio, 
Bonding in solids (Vander walls 
interactions),Scanning Electron 
4 
CO6"
MHSSCE_00572,SEM-II-NEP2024.pdf,academic_document,24,1,,"73 
 
Microscope (SEM), Transmission 
Electron Microscope (TEM), 
Atomic Force Microscope (AFM), 
Applications in sensing toxic gases, 
gas sensing capacitors, Introduction 
to lithography, water purification 
 
Text Books: 
1.Engineering Metrology by R.K.Jain (Khanna Publication) 
2.Mechatronics byD.A.Bradley et al CRC press Boca Raton London 
3. Engineering Physics byDattu R. Joshi Mcgraw Hill Publication (India) Pvt Limited 
 
References: 
1.:Transducers and Interfacing by Banister B.R. and Whitehead DC 
2 Sensors and Transducers by D Patranabis PHI 
3. Transducers and Instrumentation byMurty DVS, (Second Edition ) PHI 
 
Online References: 
Sr. No. Website Name 
1. https://onlinecourses.nptel.ac.in/noc21_ee32/preview 
2. https://onlinecourses.nptel.ac.in/noc23_ee95/preview 
3. https://nptel.ac.in/courses/118102003 
 
Assessment: 
Internal Assessment Test (IAT) for 20 marks each: 
• IA will consist of Two Compulsory Internal Assessment Tests. Approximately 40% to 
50% of the syllabus content must be covered in the IAT-I and the remaining 40% to 
50% of the syllabus content must be covered in the IAT-II. End Semester Theory Examination: 
 
Question paper format 
• Question Paper will comprise a total of five questions each carrying 15 marks Q.1 
will be compulsory and should cover the maximum contents of the syllabus 
• Remaining questions will be mixed in nature (part (a) and part (b) of each 
question must be from different modules."
MHSSCE_00573,SEM-II-NEP2024.pdf,academic_document,24,2,,"a total of five questions each carrying 15 marks Q.1 
will be compulsory and should cover the maximum contents of the syllabus 
• Remaining questions will be mixed in nature (part (a) and part (b) of each 
question must be from different modules.

For example, if Q.2 has part (a) from 
Module 3 then part (b) must be from any other Module randomly selected from all 
the modules) 
• A total of three questions need to be answered"
MHSSCE_00574,SEM-II-NEP2024.pdf,academic_document,25,1,,"74 
 
 
 
 
 
 
Course 
Code 
Course Name 
Teaching Scheme 
(Contact Hours) 
Credits Assigned 
Theory 
Pract. 
Tut. 
Theory 
Pract. 
Tut. 
Total 
BSL201
3 
Physics of 
Measurements and 
Sensors Lab 
 
1 
- 
 
0.5 
- 
0.5 
 
 
Course 
Code 
Course 
Name 
Examination Scheme 
Theory Marks 
Term 
Wor
k 
Practical/ 
Oral 
Total 
Internal assessment 
(IAT) 
End 
Sem. 
Exam 
IAT-
I 
IAT-
II 
IAT-I + 
IAT-II 
(Total) 
BSL2013 
Physics of 
Measureme
nts and 
Sensors Lab 
-- 
-- 
-- 
-- 
25 
 
25 
 
Lab Objectives: 
1. To develop scientific understanding of the physics concepts. 
2. To develop the ability to explain the processes and applications related to science subjects. 
3. To apply skills and knowledge in real life situations. 
4. To improve the knowledge about the theory concepts of Physics learned in the class. 
5. To improve ability to analyze experimental result and write laboratory report. 
6. To develop understanding about inferring and predicting. 
 
Lab Outcomes: 
Learners will be able to: 
1. Measure certain physical parameters like R.I., 
2. Understand function of Solid state sensors. 
3. Calibrate thermocouple 
4. Measure physical parameters using ultra sound sensors. 
5. Use virtual lab effectively to perform experiments 
 
List of Experiments. 
Sr No 
List of Experiments 
Hrs 
LO 
01 
Measurements of R.I of a suitable liquid using Newton’s ring 
Experiment 
1 
LO1 
02 
Measurement of Hall Voltage 
1 
LO2 
03 
Carrier concentration using Hall Effect 
1 
LO2"
MHSSCE_00575,SEM-II-NEP2024.pdf,academic_document,26,1,,"75 
 
 
Term Work Marks: 25 Marks (Total marks) = 10 Marks (Experiment) + 10 Marks Project + 5 
Marks (Attendance) 
Project work: Execution of project as per the plan submitted in semester-I, A working model or a 
simulation model or a study report leading to a conclusion as anticipated in semester –I is required to 
be used for awarding marks. A proper rubric should be framed. 
 
 
 
 
 
 
 
 
 
 
 
 
 
 
 
 
 
 
 
 
 
 
 
 
 
 
 
 
 
 
 
 
 
 
04 
Measuring distance using ultrasonic distance meter flow 
1 
LO4 
05 
Calibration of PT100 
1 
LO3 
06 
Calibration of J /K type thermocouple 
1 
LO3 
07 
Simulation experiments based on nanotechnology using open source 
simulation 
1 
LO5 
08 
Study and use of pressure transducer 
1 
LO2 
09 
V-I characteristic of photo diode 
1 
LO2 
10 
Characteristics of LDR 
2 
LO2 
11 
Any other experiment based on syllabus may be included, which would 
help the learner to understand concept.,after defining a suitable LO 
2 
LO6"
MHSSCE_00576,SEM-II-NEP2024.pdf,academic_document,27,1,,"76 
 
 
 
 
 
Theory 
Ter
m 
work 
Pract 
/ 
Oral 
Total 
Internal Assessment 
(IAT) 
End 
Sem 
Exa
m 
Exam 
Duratio
n 
(in Hrs) 
IAT-
I 
IAT-
II 
IAT-
I + 
IAT-
II 
(Tota
l) 
BSC2031 
Engineering 
Materials 
15 
15 
30 
45 
2 
 
-- 
75 
 
Rationale: 
Chemical science has contributed in many ways to most of the Engineering branches where 
 “Engineering Materials” such as alloys, ceramics, composites can be prerequisites to many subjects 
of all core groups. Polymeric materials can be learnt from the perspective of applications as Polymer 
semiconductor, Polymer batteries which are common in technology. Course Objectives: 
1. To study the composition, properties and functions of various alloys 
2. To learn the types, properties and uses of various Ceramics 
3. To learn the composition, properties and functions of various Composite materials 
4. To learn important types, synthesis and uses of plastics and elastomers. 5. To study the different types of advanced polymers with their applications. 6. To study the types, properties and uses of various Nanomaterials 
 
Course Outcomes: 
Student will be able to – 
1. Identify different types of alloys and use them for specific engineering applications 
2. Familiar with different types of ceramics and apply them for different engineering purposes 
3. Identify different types of composite materials for the industrial uses 
4. Utilize different plastics and elastomers in industries 
5."
MHSSCE_00577,SEM-II-NEP2024.pdf,academic_document,27,2,,"applications 
2. Familiar with different types of ceramics and apply them for different engineering purposes 
3. Identify different types of composite materials for the industrial uses 
4. Utilize different plastics and elastomers in industries 
5.

Recognize different advanced polymers for specific engineering applications 
6. Find different nanomaterials for the scientific applications 
 
Prerequisite: 
1. Knowledge about purpose of making alloys 
2. Knowledge about Constituents of Composites and their functions. 3. Knowledge of basic properties of polymers. Course 
Code 
Course Name 
Teaching Scheme 
(Contact Hours) 
Credits Assigned 
Theory 
Pract. Tut. Theory Pract. Tut. Total 
BSC2031 
Engineering 
Materials 
2 
 
- 
2 
 
- 
2"
MHSSCE_00578,SEM-II-NEP2024.pdf,academic_document,28,1,,"77 
 
 
DETAILED SYLLABUS: 
Sr. No. Name of 
Module 
Detailed Content 
Hours 
CO 
Mapping 
I 
Alloys 
A) Ferrous alloys – Plain-carbon steels, 
Heat and Shock resisting steels, 
Stainless steels. Effect of the alloying 
element- Ni, Cr, Co, Mn, Mo, W and 
V. B) Aluminium alloys – Composition, 
properties and uses of i) Duralumin, 
ii) Magnalium. C) Copper alloys – Composition, 
properties and uses of i) Brass – 
Dutch Metal and German Silver and 
ii) Bronze – Gun metal and Nickel 
bronze. D) Alloys of Pb – Composition, 
properties and Uses of i) Wood’s 
metal ii) Tinman’s solder. E) Numerical based on Composition, 
density and weight of an alloy 
4 
CO1 
II 
Ceramics 
A) Introduction of Ceramics – 
Definition, types, properties and 
uses. B) Glass – Definition, Properties, Types 
with uses. C) Abrasives – Natural and Artificial 
Abrasives – Examples, Properties 
and Uses. D) Optical fibres – Definition, 
Components of optical transmission 
system, Advantages of optical fibre 
communication, Applications of 
glass-based fibre - optical fibres. 4 
CO2 
III 
Composites 
A) Types of Composites, sub-types and 
Applications: - i) Fibre- reinforced 
composites, ii) Layered-composites 
(Laminates), 
iii) 
Particulate- 
composites. B) Bio-composites 
– 
Definition, 
Classification and Applications."
MHSSCE_00579,SEM-II-NEP2024.pdf,academic_document,28,2,,"CO2 
III 
Composites 
A) Types of Composites, sub-types and 
Applications: - i) Fibre- reinforced 
composites, ii) Layered-composites 
(Laminates), 
iii) 
Particulate- 
composites. B) Bio-composites 
– 
Definition, 
Classification and Applications.

4 
CO3 
IV 
Plastics and 
Elastomers 
A) Introduction to Plastics - 
Thermoplastic and Thermosetting 
plastics, compounding of plastics, 
Application of Plastics, Numerical 
based on Degree of polymerisation, 
5 
CO4"
MHSSCE_00580,SEM-II-NEP2024.pdf,academic_document,29,1,,"78 
 
Density and mass, tensile strength of 
polymer 
B) Introduction to elastomers - 
structural requirement of elastomer, 
natural rubber, processing of natural 
rubber, drawbacks, compounding of 
rubber 
C) Synthesis of commercial polymers: 
i) 
Plastics: Preparation, 
properties and uses of 
Polymethyl Methacrylate 
(PMMA), 
polytetrafluoroethylene 
(PTFE) 
ii) 
 Elastomers: Preparation, 
properties and uses of 
Polyurethane Rubber, 
Silicone rubber 
V 
Advanced 
Polymers 
A) Conducting polymers, 
B) Bio- polymers, 
C) Liquid crystal polymers, 
D) Intelligent (smart) polymers 
3 
CO5 
VI 
Nano materials 
A) Definition, Types of Nanostructured 
materials, Applications of Nanomaterials. 
B) Graphene, 
C) Types 
of 
Carbon 
Nanotubes 
(SWCNTs and MWCNTs) – Properties 
and Uses. 
 
4 
CO6 
 
 
Recommended Books: 
1. Engineering Chemistry, Jain and Jain, Dhanpat Rai Publication 
2. A textbook of Engineering Chemistry, S. S. Dara, S. Chand and Company 
3. Polymer Science: Vasant Gowarikar, Wiley Estern Ltd, new Delhi 
4. Textbook of Polymer science: F.W. Billmeyer 
5. Fundamentals of Polymer science & Engineering- Anilkumar & S K Gupta, Tata McGraw Hill, 
New Delhi 
 
Online References: 
Sr. No. 
Website Name 
1. 
https://www.researchgate.net/ 
2. 
https://www.sciencedirect.com/topics/engineering/polymer-material 
3. 
https://www.sciencedirect.com/topics/chemistry/nanomaterial"
MHSSCE_00581,SEM-II-NEP2024.pdf,academic_document,30,1,,"79 
 
 
 
 
Assessment: 
Internal Assessment Test (IAT) for 20 marks each: 
• IA will consist of Two Compulsory Internal Assessment Tests. Approximately 40% to 
50% of the syllabus content must be covered in the IAT-I and the remaining 40% to 
50% of the syllabus content must be covered in the IAT-II. 
End Semester Theory Examination: 
 
Question paper format 
• Question Paper will comprise a total of five questions each carrying 15 marks Q.1 
will be compulsory and should cover the maximum contents of the syllabus 
• Remaining questions will be mixed in nature (part (a) and part (b) of each 
question must be from different modules. For example, if Q.2 has part (a) from 
Module 3 then part (b) must be from any other Module randomly selected from all 
the modules) 
• A total of three questions need to be answered"
MHSSCE_00582,SEM-II-NEP2024.pdf,academic_document,31,1,,"80 
 
 
 
 
 
 
Course 
Code 
Course Name 
Teaching Scheme 
(Contact Hours) 
Credits Assigned 
Theory 
Pract. 
Tut. 
Theory 
Pract. 
Tut. 
Total 
BSL202
1 
Engineering 
Materials Lab 
-- 
1 
- 
-- 
0.5 
- 
0.5 
 
 
Course 
Code 
Course Name 
Examination Scheme 
Theory Marks 
Term 
Work 
Practical/ 
Oral 
Total 
Internal assessment 
(IAT) 
End 
Sem. 
Exam 
IAT-I IAT-
II 
IAT-I + 
IAT-II 
(Total) 
BSL2021 
Engineering 
Materials Lab 
-- 
-- 
-- 
-- 
25 
-- 
25 
 
 
Lab Objectives: 
1. To apply knowledge acquired during the theory class in carrying out the experiments for 
qualitative and quantitative determination. 
2. To analyse experimental results and write laboratory reports. 
 
Lab Outcomes: 
After completion of experiment, the learners will be able to: 
 
1. Learn various quantitative analytical techniques to determine % of elements from alloy 
samples 
2. Synthesize UF/PF resin at laboratory level 
 
 Prerequisite: 
1. Knowledge of basic safety practices in Chemistry Laboratory 
2. Knowledge of volumetric analysis 
 
List of Experiments. 
 
Sr No 
List of Experiments 
Hrs 
01 
Determination of Sn from solders volumetrically 
01 
02 
Determination of Cu by colorimetry 
01 
03 
Determination of Fe by colorimetry 
01 
04 
Determination of % purity of iron 
01 
05 
Synthesis of Urea formaldehyde resin 
01"
MHSSCE_00583,SEM-II-NEP2024.pdf,academic_document,32,1,,"81 
 
 
 
 
 
 
 
 
Assessment: 
Term Work: Term Work shall consist of at least 5 to 6 practicals based on the above list. Also, 
Term work Journal must include at least 4 assignments. 
 
Term Work Marks: 25 Marks (Total marks) = 15 Marks (Experiment) + 5 Marks (Assignments) + 
5 Marks (Attendance) 
 
 
 
 
 
06 
Synthesis of Phenol formaldehyde resin 
01 
07 
Determination of viscosity average molecular weight of polymer 
01 
08 
Determination of glass transition temperature of polymer0 
01 
Sr No 
List of Assignments / Tutorials 
Hrs 
01 
Composition, Properties of any 4 alloys 
1 
02 
Advantages and applications of Ceramics 
1 
03 
Note on FRPs 
1 
04 
Synthesis, properties and uses of any two plastics/elastomers 
1 
05 
Note on Liquid Crystal polymers 
0.5 
06 
Note on CNTs 
0.5 
Course 
Code 
Course Name 
Teaching Scheme 
(Contact Hours) 
Credits Assigned 
Theory 
Pract. 
Tut. 
Theory 
Pract. 
Tut. 
Total 
BSC203
2 
 Environmental 
Chemistry and 
Non-conventional 
energy sources 
2 
 
- 
2 
 
- 
2 
Course 
Code 
Course Name 
Theory 
Ter
m 
work 
Pract 
/ 
Oral 
Total 
Internal Assessment 
(IAT) 
End 
Sem 
Exa
m 
Exam 
Duratio
n 
(in Hrs) 
IAT-
I 
IAT-
II 
IAT-
I + 
IAT-
II 
(Tota
l) 
BSC20
32 
Environmental 
Chemistry and 
non-conventional 
energy sources 
15 
15 
30 
45 
2 
 
-- 
75"
MHSSCE_00584,SEM-II-NEP2024.pdf,academic_document,33,1,,"82 
 
 
 
 
 
Rationale: 
Chemical science has contributed in many ways to most of the Engineering branches where 
“Environmental Chemistry” is the modern approach to learn impact of Technology on habitat and 
can be common to all Core Groups. “Non-Conventional Energy Study” is the matter of general 
approach to all Core groups as Energy issue is the most recent concern even for designing 
computational engines (Include hardware & software energy efficient). Course Objectives: 
1. To gain the knowledge of different air pollutants and their control methods. 2. To identify water pollutants of different sources and suggest methods for the treatments. 3. To study the solid and hazardous waste management methods 
4. To identify different types of non-conventional energy sources. 5. To gain knowledge of biomass energy and processes. 6. To demonstrate sustainable practices to make the environment clean 
 
Course Outcomes: 
Student will be able to – 
1. Apply the knowledge of air pollution control to save the environment. 2. Analyze the quality of waste water to clean the water bodies 
3. Identify methods for solid and hazardous waste treatment to protect the health and 
environment. 4. Compare the availability and efficiency of performance and environmental impact of non-
conventional energy sources. 5. Determine the sources and applications of biomass to save the environment 
6."
MHSSCE_00585,SEM-II-NEP2024.pdf,academic_document,33,2,,"to protect the health and 
environment. 4. Compare the availability and efficiency of performance and environmental impact of non-
conventional energy sources. 5. Determine the sources and applications of biomass to save the environment 
6.

Apply the knowledge of sustainable practices in different parts of world to protect the 
environment 
 
Prerequisite: 
1. Knowledge of different types of pollution. 2. Knowledge of basics of pollution control 
3. Knowledge of demerits of conventional energy sources. DETAILED SYLLABUS: 
Sr. No. Name of 
Module 
Detailed Content 
Hours 
CO 
Mapping 
I 
Air Pollution 
and 
Atmospheric 
Chemistry 
A) Chemistry and mechanism of some 
global effects of air pollution – Acid 
rain, Ozone hole, Photochemical smog 
4 
CO1"
MHSSCE_00586,SEM-II-NEP2024.pdf,academic_document,34,1,,"83 
 
B) Gaseous Pollutants: i) Measurement of 
gaseous pollutants; ii) Methods to 
control emissions of sulphur oxides, 
nitrogen oxides, carbon monoxide and 
gaseous hydrocarbons. C) Automotive emission controls: 
Measurement and control, catalytic 
convertors. II 
Water & Waste 
water 
Treatment and 
Management 
A) Classification of water pollutants – 
Organic, Inorganic, Suspended, 
Radioactive, Heat. B) Monitoring Techniques and 
methodology for following parameters: 
Hardness, pH, Dissolved oxygen, 
Chloride (Numerical) 
C) Point and nonpoint sources of water 
pollution 
D) Characteristics of waste water, 
Acidification, Eutrophication and 
thermal stratification of lake water. E) Wastewater treatment: Primary 
treatment, Secondary Treatment – 
Activated Sludge Process, Tertiary 
Treatment 
F) Relevance of determining Biochemical 
Oxygen Demand (BOD) and Chemical 
Oxygen Demand (COD) with reference 
to waste water treatment process, 
numerical 
4 
CO2 
III 
Solid and 
Hazardous 
Waste 
Management 
A) Integrated solid waste management; 
Waste hierarchy; Rules and regulations 
for solid waste management in India. Definition and Composition Hazardous 
waste."
MHSSCE_00587,SEM-II-NEP2024.pdf,academic_document,34,2,,"treatment process, 
numerical 
4 
CO2 
III 
Solid and 
Hazardous 
Waste 
Management 
A) Integrated solid waste management; 
Waste hierarchy; Rules and regulations 
for solid waste management in India. Definition and Composition Hazardous 
waste.

B) Hazardous waste management: Control 
Methods: - i) Physical Methods – 
Sedimentation, 
Adsorption, 
Ion 
exchange 
methods, 
Electrodialysis, 
Reverse Osmosis ii) Chemical Methods 
– 
Neutralization, 
Chemical 
precipitation, 
chemical 
oxidation-
reduction, 
biological 
treatment, 
incineration 
4 
CO3 
IV 
Introduction to 
non-
conventional 
(Renewable) 
A) Need of non-conventional energy 
sources. B) Renewable Sources of Energy such as 
Hydro, Solar, Wind, Biomass, Tidal and 
4 
CO4"
MHSSCE_00588,SEM-II-NEP2024.pdf,academic_document,35,1,,"84 
 
energy sources 
Geothermal - their availability and 
limitations. V 
Non-
conventional 
Energy sources 
A) Biomass Energy: - i) Definition, ii) 
Sources of Biomass – Wood, 
Agricultural crop, Animal waste, Algae, 
Sewage waste iii) Advantages and 
disadvantages of Biomass, iv) Important 
Biomass processes – Pyrolysis, 
Gasification, Anaerobic decomposition, 
v) Uses of biomass – (Direct) for heat 
generation and (Indirect) for conversion 
to biofuel 
B) Hydrogen fuel cell 
4 
CO5 
VI 
Sustainable 
Practices 
A) Energy Resources available 
B) Consumption practices in different parts 
of the world. C) Natural Resource management & 
Environmental Ethics 
D) Importance of Responsible 
Consumption. E) Introduction to concept of Energy Audit 
4 
CO6 
 
 
Recommended Books: 
1. Engineering Chemistry, Jain and Jain, Dhanpat Rai Publication 
2. A textbook of Engineering Chemistry, S. S. Dara, S. Chand and Company 
3. ""Energy Resources: Conventional & Non-Conventional"" by R. K. Rajput 
4. Engineering Chemistry, O. G. Palana, Tata McGraw Hill Publication 
5. Environmental Chemistry, A. K. De, Tenth edition, New Age International, 
 
Online References: 
Sr. No. Website Name 
1. https://www.sciencedirect.com/topics/earth-and-planetary-sciences/wastewater-
management 
2. https://www.researchgate.net/publication/355204245_Biomass_Energy 
3."
MHSSCE_00589,SEM-II-NEP2024.pdf,academic_document,35,2,,"Tenth edition, New Age International, 
 
Online References: 
Sr. No. Website Name 
1. https://www.sciencedirect.com/topics/earth-and-planetary-sciences/wastewater-
management 
2. https://www.researchgate.net/publication/355204245_Biomass_Energy 
3.

https://nelda.org.in/sustainable-living-practices/ 
 
 
Assessment: 
Internal Assessment Test (IAT) for 20 marks each: 
• IA will consist of Two Compulsory Internal Assessment Tests. Approximately 40% to 
50% of the syllabus content must be covered in the IAT-I and the remaining 40% to 
50% of the syllabus content must be covered in the IAT-II. End Semester Theory Examination: 
 
Question paper format"
MHSSCE_00590,SEM-II-NEP2024.pdf,academic_document,36,1,,"85 
 
• Question Paper will comprise a total of five questions each carrying 15 marks Q.1 
will be compulsory and should cover the maximum contents of the syllabus 
• Remaining questions will be mixed in nature (part (a) and part (b) of each 
question must be from different modules. For example, if Q.2 has part (a) from 
Module 3 then part (b) must be from any other Module randomly selected from all 
the modules) 
• A total of three questions need to be answered 
 
 
 
 
 
 
 
 
 
 
 
 
 
 
 
 
 
 
 
Course 
Code 
Course Name 
Teaching Scheme 
(Contact Hours) 
Credits Assigned 
Theory 
Pract. 
Tut. 
Theory 
Pract. 
Tut. 
Total 
BSL202
2 
Environmental 
Chemistry and 
Non-conventional 
Energy sources 
Lab 
-- 
1 
- 
-- 
0.5 
- 
0.5 
Course 
Code 
Course Name 
Examination Scheme 
Theory Marks 
Term 
Work 
Practical/ 
Oral 
Total 
Internal assessment 
(IAT) 
End 
Sem. 
Exam 
IAT-I IAT-
II 
IAT-I 
+ IAT-
II 
(Total) 
BSL202
2 
Environmental 
Chemistry and Non-
conventional Energy 
sources Lab 
-- 
-- 
-- 
-- 
25 
-- 
25"
MHSSCE_00591,SEM-II-NEP2024.pdf,academic_document,37,1,,"86 
 
 
 
 
 
 
 
Lab Objectives: 
1. To apply knowledge acquired during the theory class in carrying out the experiments for 
qualitative and quantitative determination. 2. To analyze experimental results and write laboratory reports. Lab Outcomes: 
After completion of experiment, the learners will be able to: 
 
1. Apply knowledge of various quantitative analytical techniques to determine the hardness and 
other impurities in water. 2. Use pH meter for determination of pH of water samples 
3. Interpret results of COD to assess pollution level of wastewater. Prerequisite: 
1. Knowledge of basic safety practices in Chemistry Laboratory 
2. Knowledge of volumetric analysis 
3. Knowledge of BOD & COD of waste water 
 
List of Experiments. Assessment: 
Term Work: Term Work shall consist of at least 5 to 6 practicals based on the above list."
MHSSCE_00592,SEM-II-NEP2024.pdf,academic_document,37,2,,"safety practices in Chemistry Laboratory 
2. Knowledge of volumetric analysis 
3. Knowledge of BOD & COD of waste water 
 
List of Experiments. Assessment: 
Term Work: Term Work shall consist of at least 5 to 6 practicals based on the above list.

Also, 
Sr No 
List of Experiments 
Hrs 
LO 
Mapping 
01 
Determination of Total, Temporary and Permanent hardness of 
water by EDTA method 
2 
LO1 
02 
Determination of Chloride content of water 
2 
LO2 
03 
Determination of pH of various water samples 
2 
LO3 
04 
Determination of COD of waste water 
2 
LO4 
05 
Making report on energy saving appliances 
2 
LO5 
06 
Case study based on sustainable development practices 
2 
LO6 
Sr No 
List of Assignments / Tutorials 
Hrs 
01 
Note on methods to control emissions of various air pollutants 
01 
02 
Numerical on determination of hardness of water 
03 
Note on Activated sludge treatment 
04 
Note on limitations of Renewable sources of energy 
05 
Note on Hydrogen fuel cell 
06 
Note on Environmental Ethics"
MHSSCE_00593,SEM-II-NEP2024.pdf,academic_document,38,1,,"87 
 
Term work Journal must include at least 4 assignments. 
Term Work Marks: 25 Marks (Total marks) = 15 Marks (Experiment) + 5 Marks (Assignments) + 
5 Marks (Attendance) 
 
 
 
 
 
 
 
 
 
 
 
 
Rationale: 
This subject is a Common to All Core Groups as this involves basic simulation Design Techniques 
to understand real world phenomena. It links real world to correlated simulation essential to 
understand how simulation works with reliability. Generation of data and data analysis with 
experimentation is the core theme of this subject and can be a choice of all core Groups. 
 
Course Objectives: 
1. To know the fundamental principles of Computational Chemistry required to solve 
engineering problems 
2. Practical implementation of fundamental theory concepts 
3. To enable the students to understand the role of computers in chemistry 
4. To study the applications of chemistry in various engineering and technological processes 
 
Course Outcomes: 
Student will be able to – 
 
 
Theory 
Ter
m 
work 
Pract 
/ 
Oral 
Total 
Internal Assessment 
(IAT) 
End 
Sem 
Exa
m 
Exam 
Duratio
n 
(in Hrs) 
IAT-
I 
IAT-
II 
IAT-
I + 
IAT-
II 
(Tota
l ) 
BSC20
33 
Introduction to 
Computational 
Chemistry 
15 
15 
30 
45 
2 
25 
-- 
100 
Course 
Code 
Course Name 
Teaching Scheme 
(Contact Hours) 
Credits Assigned 
Theory 
Pract. 
Tut. 
Theory 
Pract. 
Tut. 
Total 
BSC203
3 
Introduction to 
Computational 
Chemistry 
2 
 
- 
2 
 
- 
2"
MHSSCE_00594,SEM-II-NEP2024.pdf,academic_document,39,1,,"88 
 
1. Understand computational chemistry, distinguishing it from experimental chemistry, and 
articulate its role within the broader field of chemical sciences. 2. Apply mathematical concepts and theories that underpin computational chemistry techniques, 
such as quantum mechanics and statistical mechanics 
3. Utilize computers to understand role of computer simulations to understand and solve basic 
problems in chemistry 
4. Develop the basic understanding of scientific simulation and modeling 
5. Apply computational and theoretical chemistry concepts to understand chemistry behind 
every day and industrial processes 
6. Apply the computational tools and methodology to represent chemical systems 
 
Prerequisite: 
1. Basic understanding of chemical principles, including atomic structure, chemical bonding, 
stoichiometry, and thermodynamics. 2. Knowledge of differential and integral calculus, including concepts of limits, derivatives, and 
integrals. 3. Understanding of basic numerical techniques for solving mathematical problems, such as 
root-finding, numerical integration, and differential equations. 4. Familiarity with general scientific software and tools, such as MATLAB and basic 
knowledge of operating systems (Linux, Windows). DETAILED SYLLABUS: 
Sr. No."
MHSSCE_00595,SEM-II-NEP2024.pdf,academic_document,39,2,,"problems, such as 
root-finding, numerical integration, and differential equations. 4. Familiarity with general scientific software and tools, such as MATLAB and basic 
knowledge of operating systems (Linux, Windows). DETAILED SYLLABUS: 
Sr. No.

Name of 
Module 
Detailed Content 
Hours 
CO 
Mapping 
I 
Introduction to 
Computational 
Chemistry 
A) Definition and scope 
B) Importance in modern chemical 
research 
C) Computational investigations 
 
4 
CO1 
II 
Tools of 
Computational 
Chemistry 
 
A) Molecular Mechanics 
B) Ab initio Calculations 
C) Semi Empirical methods 
D) Density Functional Theory 
E) Molecular dynamics 
4 
CO2 
III 
Basics of 
Quantum 
mechanics 
A) Fundamental concepts: particles, 
waves, and quantization 
B) Schrödinger equation and its 
significance 
C) Simple systems: particle in a box, 
hydrogen atom 
4 
CO3 
IV 
Molecular 
mechanics 
A) Force fields: definition and 
components 
4 
CO4"
MHSSCE_00596,SEM-II-NEP2024.pdf,academic_document,40,1,,"89 
 
B) Potential energy surfaces and 
molecular modeling 
C) Applications of molecular mechanics 
in predicting molecular properties 
V 
Molecular 
Structure and 
Bonding 
A) Atomic orbitals and electron 
configuration 
B) Molecular orbitals: formation and 
significance 
C) Bonding theories: Valence Bond 
Theory (VBT) and Molecular Orbital 
Theory (MOT) 
4 
CO5 
VI 
Computational 
Methods in 
Quantum 
Chemistry 
A) Introduction to Hartree-Fock method 
B) Basis sets and their importance 
 
4 
CO6 
 
 
Recommended Books: 
1. ""Introduction to Computational Chemistry"" by Frank Jensen, John Wiley & Sons, Ltd 
2. ""Essentials of Computational Chemistry: Theories and Models"" by Christopher J. Cramer, 
John Wiley & Sons, Ltd 
3. Computational Chemistry, David C. Young, John Wiley & Sons, Inc, Publication 
 
Online References: 
Sr. No. Website Name 
1. MIT OpenCourseWare: Computational Chemistry 
2. Khan Academy: Basic Quantum Mechanics 
3. https://www.sciencedirect.com/topics/chemistry/computational-
chemistry#:~:text=Computational%20chemistry%20is%20a%20branch,properties%2
0of%20 molecules%20%5B43%5D 
 
 
Assessment: 
Internal Assessment Test (IAT) for 20 marks each: 
• IA will consist of Two Compulsory Internal Assessment Tests. Approximately 40% to 
50% of the syllabus content must be covered in the IAT-I and the remaining 40% to 
50% of the syllabus content must be covered in the IAT-II."
MHSSCE_00597,SEM-II-NEP2024.pdf,academic_document,40,2,,"for 20 marks each: 
• IA will consist of Two Compulsory Internal Assessment Tests. Approximately 40% to 
50% of the syllabus content must be covered in the IAT-I and the remaining 40% to 
50% of the syllabus content must be covered in the IAT-II.

End Semester Theory Examination: 
 
Question paper format 
• Question Paper will comprise a total of five questions each carrying 15 marks Q.1 
will be compulsory and should cover the maximum contents of the syllabus 
• Remaining questions will be mixed in nature (part (a) and part (b) of each 
question must be from different modules. For example, if Q.2 has part (a) from"
MHSSCE_00598,SEM-II-NEP2024.pdf,academic_document,41,1,,"90 
 
Module 3 then part (b) must be from any other Module randomly selected from all 
the modules) 
• A total of three questions need to be answered 
 
 
 
 
 
 
 
 
 
 
Course 
Code 
Course Name 
Teaching Scheme 
(Contact Hours) 
Credits Assigned 
Theory 
Pract. 
Tut. 
Theory 
Pract. 
Tut. 
Total 
BSL202
3 
Introduction to 
Computational 
Chemistry Lab 
-- 
1 
- 
-- 
0.5 
- 
0.5 
 
 
Course 
Code 
Course Name 
Examination Scheme 
Theory Marks 
Term 
Work 
Practical/ 
Oral 
Total 
Internal assessment 
(IAT) 
End Sem. 
Exam 
IAT-I IAT-
II 
IAT-I + 
IAT-II 
(Total) 
BSL202
3 
Introduction to 
Computational 
Chemistry Lab 
-- 
-- 
-- 
-- 
25 
-- 
25 
 
Lab Objectives: 
1. To study applications of computational chemistry 
2. To learn to simulate and predict molecular structures and properties using different kinds of 
calculations based on quantum and classical physics 
 
 
Lab Outcomes: 
After completion of experiment, the learners will be able to: 
 
1. Attain proficiency in using major computational chemistry software packages (e.g., 
Gaussian, GAMESS) to conduct simulations and analyze chemical systems. 
2. Apply principles of Computational Chemistry 
3. Simulate and predict molecular structures and properties using different kinds of 
calculations. 
4. Understand the complementarity of computational and experimental approaches in"
MHSSCE_00599,SEM-II-NEP2024.pdf,academic_document,42,1,,"91 
 
chemistry. 5. Develop research skills and problem-solving abilities using computational chemistry 
techniques. 6. Adhere to ethical standards and practices in computational chemistry research. List of Experiments. Sr No 
List of Experiments 
Hrs 
LO Mapping 
01 
Introduction to key software packages (e.g., Gaussian, 
GAMESS) 
1 
LO1 
02 
Setting up and running basic calculations 
1 
LO2 
03 
Interpreting output files 
1 
LO3 
04 
Fundamentals of Molecular interaction 
1 
LO4 
05 
Fundamentals of Chemical reaction 
1 
LO5 
06 
Prediction of molecular structure 
1 
LO6 
Sr No 
List of Assignments / Tutorials 
Hrs 
01 
Research and summarize three key applications of computational 
chemistry in different fields (e.g., drug design, material science, 
environmental chemistry). 2 
02 
Derive and explain the significance of the Schrödinger equation. 1 
03 
Define force fields and list their main components (bond stretching, angle 
bending, torsional interactions, non-bonded interactions). 1 
04 
Draw a simple PES for a diatomic molecule by hand or using a graphing 
software. Label the critical points (minima, maxima, saddle points). 1 
05 
Download and install a molecular visualization software (e.g., Avogadro, 
VMD). Use the software to build and optimize the geometry of a small 
organic molecule (e.g., ethanol).Take screenshots of the optimized 
structure and include them in a report."
MHSSCE_00600,SEM-II-NEP2024.pdf,academic_document,42,2,,"and install a molecular visualization software (e.g., Avogadro, 
VMD). Use the software to build and optimize the geometry of a small 
organic molecule (e.g., ethanol).Take screenshots of the optimized 
structure and include them in a report.

Describe the process you followed 
and discuss any changes in bond lengths or angles observed during 
optimization. 2 
06 
Follow a tutorial to perform a simple MD simulation of a water box using 
online resources or an introductory MD software package. 2"
MHSSCE_00601,SEM-II-NEP2024.pdf,academic_document,43,1,,"92 
 
 
Assessment: 
Term Work: Term Work shall consist of at least 5 to 6 practicals based on the above list. Also, 
Term work Journal must include at least 4 assignments. 
Term Work Marks: 25 Marks (Total marks) = 15 Marks (Experiment) + 5 Marks (Assignments) + 
5 Marks (Attendance)"
MHSSCE_00602,SEM-II-NEP2024.pdf,academic_document,44,1,,"93 
 
 
 
 
 
 
 
 
Theory 
Term 
work 
Practical 
/ Oral 
Total 
Internal Assessment 
(IAT) 
End 
Semester 
Exam 
Exam 
Duration 
(in Hrs.) 
IAT-I IAT-II 
IAT-I 
+ IAT-
II 
(Total) 
ESC201 
Engineering 
Graphics 
20 
20 
40 
60 
3 
-- 
-- 
100 
 
 
 
 
Rationale: 
Engineering Graphics is an essential subject across all engineering disciplines, as it develops crucial 
visualization skills, enabling students to comprehend and design complex structures and systems in 
three dimensions. It facilitates precise technical communication, allowing engineers to convey design 
ideas, concepts and specifications effectively, which is vital for collaboration in multidisciplinary 
teams. It is a language engineers, designers, and architects use to convey their ideas to manufacturers, 
constructors, and stakeholders. This subject enhances problem-solving abilities of students to create 
and interpret detailed technical drawings, helping to identify and resolve design issues early. Furthermore, it emphasizes accuracy and precision, which are critical in producing exact drawings for 
fabrication and assembly across all branches of engineering. Course Objectives: 
1. To impart and inculcate proper understanding of the theory of projection. 2. To impart the knowledge to read and interpret a drawing 
3. To improve the visualization skill. 4."
MHSSCE_00603,SEM-II-NEP2024.pdf,academic_document,44,2,,"and assembly across all branches of engineering. Course Objectives: 
1. To impart and inculcate proper understanding of the theory of projection. 2. To impart the knowledge to read and interpret a drawing 
3. To improve the visualization skill. 4.

To enable students to represent three-dimensional objects on a two-dimensional surface in a 
way that accurately conveys their shape, size, and orientation. 5. To acquaint students with representing internal features of a three-dimensional object by way 
of section that accurately conveys their internal orientation. Course Outcomes: Learners will be able to … 
1. Apply basic concepts of geometrical constructions to create engineering curves. 2. Apply the basic principles of projections in Projection of Lines and Planes 
3. Apply the basic principles of projections in Projection of Solids. 4. Apply the basic principles of sectional views in Section of solids. 5. Apply the basic principles of projections in converting pictorial views into orthographic 
Views. Course 
Code 
Course Name 
Teaching Scheme 
(Contact Hours) 
Credits Assigned 
Theory Practical Tutorial 
Theory 
Practical Tutorial 
Total 
ESC201 
Engineering 
Graphics 
3 
- 
- 
3 
- 
- 
3"
MHSSCE_00604,SEM-II-NEP2024.pdf,academic_document,45,1,,"94 
 
6. Apply the basic principles of projections in converting orthographic Views into isometric 
drawing. DETAILED SYLLABUS: 
Sr. No. Name of 
Module 
Detailed Content 
Hours 
CO 
Mapping 
0 
Prerequisite 
1.To draw basic geometric shapes like pentagon, 
hexagon and square (in different orientation). 2. Divide a line into equal number of parts. 3. Divide a circle into equal number of parts. Comment (Prerequisite syllabus should not be 
considered for paper setting) 
01 
 
I 
Introduction 
to 
Engineering 
Drawing 
 
1.1 Introduction to Engineering Graphics and its 
significance in Engineering domain. Types of Lines, 
Dimensioning Systems as per IS conventions. 1.2 Introduction to plain and diagonal scales. 1.3 Engineering Curves: Basic construction of 
Cycloid, Involutes and Helix (cylinder only). 03 
CO1 
II 
Projections of 
Points, Lines 
and Planes 
2.1 Projections of Points 
Projections of points in any quadrants as well as 
resting on planes. 2.2 Projections of Lines 
Projections of lines inclined to both the reference 
planes (Excluding Traces of lines). Simple 
application based problems on projection of lines. 2.3 Projections of Planes 
Projections 
of 
planes 
(Triangular, 
Square, 
Rectangular, 
Pentagonal, 
Hexagonal 
and 
Circular) inclined to both the Reference Planes. (Exclude composite planes). 06 
CO2 
III 
Projections of 
Solids 
 
Projections of solids with the axis inclined to one 
and both reference planes. (prism, pyramid, 
cylinder and cone only)."
MHSSCE_00605,SEM-II-NEP2024.pdf,academic_document,45,2,,"and 
Circular) inclined to both the Reference Planes. (Exclude composite planes). 06 
CO2 
III 
Projections of 
Solids 
 
Projections of solids with the axis inclined to one 
and both reference planes. (prism, pyramid, 
cylinder and cone only).

Triangular to hexagonal 
prism and pyramids to be considered. Exclude 
Spheres, Composite, hollow solids and frustum of 
solids). Use change of position or Auxiliary plane 
method. 06 
CO3 
IV 
Sections 
of 
Solids 
and 
Development 
of Surfaces 
 
4.1 Sections of Solids 
Sections of Prism, Pyramid, Cylinder, & Cone cut by 
plane perpendicular to at least one reference plane 
(Exclude Curved Section Plane). Use change of 
position or Auxiliary plane method. 4.2 @Development of Surfaces 
Development of lateral surface (only) of prism and 
pyramid only. 08 
CO4 
V 
Orthographic 
Projections 
5.1 Orthographic Projections 
Fundamentals of orthographic projections like concept 
of quadrants, observer position, horizontal, vertical 
and profile plane, symbol etc. Different orthographic 
views, First and Third angle method of projection. 09 
CO5"
MHSSCE_00606,SEM-II-NEP2024.pdf,academic_document,46,1,,"95 
 
Views of a simple machine part as per the first angle 
projection method recommended by I.S. 5.2 Sectional Orthographic Projections 
Fundamentals of sectional projections like concept of 
section plane, its representation, section lines and its 
features, need of sectional views, rib and web in 
section. Types of section and its representation. Different views of a simple machine part as per the 
first angle projection. VI 
Isometric 
Views 
Basic concept of isometric projection like why it is 
called isometric, what does it represents, its need, 
isometric and non-isometric lines, isometric axes 
and isometric scale. Difference between isometric 
projection and isometric views. Conversion of 
orthographic views to isometric views (Excluding 
sphere). 07 
CO6 
@ only in Term Work and to be considered for lab course (i.e.; Questions will not be asked in any 
examination). Textbooks: 
1. N.D. Bhatt, ""Engineering Drawing (Plane and solid geometry)"", Charotar Publishing House Pvt. Ltd. 2. N.D. Bhatt & V.M. Panchal, ""Machine Drawing"", Charotar Publishing House Pvt. Ltd. References: 
1. Narayana, K.L. & P Kannaiah (2008), Textbook on Engineering Drawing, Scitech Publisher. 2. Prof. Sham Tickoo (Purdue University) & Gaurav Verma, ""(CAD Soft Technologies). 3. Auto CAD 2012 (For engineers and Designers)"", Dreamtech Press New Delhi. 4. Dhananjay A Jolhe, ""Engineering Drawing"" Tata McGraw Hill. Online References: 
Sr. No. Website Name 
3."
MHSSCE_00607,SEM-II-NEP2024.pdf,academic_document,46,2,,"(Purdue University) & Gaurav Verma, ""(CAD Soft Technologies). 3. Auto CAD 2012 (For engineers and Designers)"", Dreamtech Press New Delhi. 4. Dhananjay A Jolhe, ""Engineering Drawing"" Tata McGraw Hill. Online References: 
Sr. No. Website Name 
3.

https://archive.nptel.ac.in/courses/112/105/112105294/ 
4. https://nptel.ac.in/courses/112103019 
3. https://archive.nptel.ac.in/courses/112/102/112102304/ 
Assessment: 
Internal Assessment (IA) for 20 marks each: 
• IA will consist of Two Compulsory Internal Assessment Tests. Approximately 40% to 
50% of the syllabus content must be covered in the IAT-I and the remaining 40% to 
50% of the syllabus content must be covered in the IAT-II. End Semester Theory Examination: 
 
➢ Question paper format 
• Question Paper will comprise a total of six questions each carrying 15 marks Q.1 will 
be compulsory and should cover the maximum contents of the syllabus 
• Remaining questions will be mixed in nature (part (a) and part (b) of each 
question must be from different modules. For example, if Q.2 has part (a) from"
MHSSCE_00608,SEM-II-NEP2024.pdf,academic_document,47,1,,"96 
 
Module 3 then part (b) must be from any other Module randomly selected from all 
the modules) 
• A total of four questions need to be answered"
MHSSCE_00609,SEM-II-NEP2024.pdf,academic_document,48,1,,"97 
 
 
 
 
 
Course 
Code 
Course Name 
Teaching Scheme 
(Contact Hours) 
Credits Assigned 
Theory Practical Tutorial Theory 
Practical 
Tutorial 
Total 
ESL201 
Engineering 
Graphics Lab 
- 
2 
- 
- 
1 
- 
1 
 
Course 
Code 
Course Name 
Examination Scheme 
Theory Marks 
Term 
Work 
Practical/ 
Oral 
Total 
Internal assessment (IAT) 
End 
Semester 
Exam 
IAT-I IAT
-II 
IAT-I + 
IAT-II 
(Total) 
ESL201 
Engineering 
Graphics Lab 
-- 
-- 
-- 
-- 
25 
25 
50 
 
Lab Objectives: 
1. To impart and inculcate proper understanding of the theory of projection. 2. To impart the knowledge to read and interpret a drawing 
3. To improve the visualization skill. 4. To enable students to represent three-dimensional objects on a two-dimensional surface 
in a way that accurately conveys their shape, size, and orientation. 5. To acquaint students with representing internal features of a three-dimensional object 
by way of section that accurately conveys their internal orientation. 6. To impart basic AutoCAD skills. Lab Outcomes: Learners will be able to … 
1. Apply basic concepts of geometrical constructions to create engineering curves. 2. Apply the basic principles of projections in projection of basic geometric objects. 3. Apply the basic principles of projections in projection of regular solid objects. 4. Apply the basic principles of projections in converting pictorial views into orthographic 
Views. 5."
MHSSCE_00610,SEM-II-NEP2024.pdf,academic_document,48,2,,"of projections in projection of basic geometric objects. 3. Apply the basic principles of projections in projection of regular solid objects. 4. Apply the basic principles of projections in converting pictorial views into orthographic 
Views. 5.

Apply the basic principles of projections in converting orthographic views into 
isometric drawing. 6. Apply basic AutoCAD skills in construction of views and objects. DETAILED SYLLABUS: 
Sr. No. Module 
Detailed Content 
Hours 
LO 
Mapping 
I 
Basic 
Engineering 
1.1 Construction of plain and diagonal scales for 
simple applications. 02 
LO1"
MHSSCE_00611,SEM-II-NEP2024.pdf,academic_document,49,1,,"98 
 
Curves 
 
1.2 Construction of basic engineering curves like 
cycloid, involutes and helix (cylinder only). II 
Projections of 
Lines and 
Planes 
2.1 Projections of Lines 
Simple problems to apply the concept of projections 
of lines inclined to both the reference planes. 2.2 Projections of Planes 
Problems on projections of planes inclined to both 
the reference planes. 04 
LO2 
III 
Operations 
on Solids 
3.1 Projections of Solids 
Problems on projections of solids with the axis 
inclined to one and both reference planes. Use 
auxiliary plane method. 3.2 Sections of Solids 
Problems on sections of solids cut by plane 
perpendicular to at least one reference plane. Use 
auxiliary plane method. 3.3 @Development of Surfaces 
Development of lateral surface (only) of prism, 
pyramid and cylinder. 04 
LO3 
IV 
Orthographic 
Projections 
4.1 Orthographic Projections 
Construction of orthographic views from pictorial 
view of an object. Use of proper dimensioning 
technique for dimensioning the drawn views. 4.2 Sectional Orthographic Projections 
Construction of orthographic views (with section) 
from pictorial view of an object. Location of section 
plane in concerned views. 04 
LO4 
V 
Isometric 
Views 
Conversion of orthographic views to isometric 
views. 02 
LO5 
VI 
Drafting 
Technique 
6.1 Overview of Computer Graphics Covering: 
Basic information about the drafting software 
(CAD)."
MHSSCE_00612,SEM-II-NEP2024.pdf,academic_document,49,2,,"plane in concerned views. 04 
LO4 
V 
Isometric 
Views 
Conversion of orthographic views to isometric 
views. 02 
LO5 
VI 
Drafting 
Technique 
6.1 Overview of Computer Graphics Covering: 
Basic information about the drafting software 
(CAD).

Demonstrating knowledge of the theory of 
CAD software such as: Menu System, Toolbars 
(Standard, Object Properties, Draw, Modify and 
Dimension), 
Drawing 
Area 
(Background, 
Crosshairs, Coordinate System), Dialog boxes and 
windows, Shortcut menus (Button Bars), The 
Command Line (where applicable), The Status Bar, 
Different methods of zoom as used in CAD, Select 
and erase objects. 6.2 Customization & CAD Drawing: 
Consisting of set up of the drawing page and the 
printer including scale settings, setting up of units 
and drawing limits, ISO and ANSI standards for 
coordinate dimensioning. 6.3 Annotations, layering & other Functions 
Covering: 
Applying 
dimensions 
to 
objects, 
applying 
annotations to drawings, setting up and use of layers, 
layers to create drawings, Create, edit and use 
08 
LO6"
MHSSCE_00613,SEM-II-NEP2024.pdf,academic_document,50,1,,"99 
 
customized layers, changing line lengths through 
modifying existing lines (extend/lengthen). Textbooks: 
1. N.D. Bhatt, ""Engineering Drawing (Plane and solid geometry)"", Charotar Publishing House Pvt. Ltd. 2. N.D. Bhatt & V.M. Panchal, ""Machine Drawing"", Charotar Publishing House Pvt. Ltd. References: 
5. Narayana, K.L. & P Kannaiah (2008), Textbook on Engineering Drawing, Scitech Publisher. 6. Prof. Sham Tickoo (Purdue University) & Gaurav Verma, ""(CAD Soft Technologies). 7. Auto CAD 2012 (For engineers and Designers)"", Dreamtech Press NewDelhi. 8. Dhananjay A Jolhe, ""Engineering Drawing"" Tata McGraw Hill. Online Resources: 
Sr. No. Website Name 
5. https://archive.nptel.ac.in/courses/112/105/112105294/ 
6. https://nptel.ac.in/courses/112103019 
3. https://archive.nptel.ac.in/courses/112/102/112102304/ 
 
 
 
 
List of Experiments 
Sr No 
List of Experiments 
Hrs 
CO 
Mapping 
01 
Two problems on Scale and two problems on Engineering Curves 
to be drawn on drawing sheet. 02 
LO1 
02 
Minimum four problems on Projection of Lines to be drawn on 
drawing sheet. 02 
LO2 
03 
Minimum four problems on Projection of Planes to be drawn on 
drawing sheet. 02 
LO2 
04 
Minimum of two problems on Projection of Solids to be drawn on 
drawing sheet. Out of two problems one should be on the prism category 
(includes cylinder) and other should be on the pyramid category (includes 
cone). 02 
LO3 
05 
Minimum of two problems on Sections of Solids to be drawn on 
drawing sheet."
MHSSCE_00614,SEM-II-NEP2024.pdf,academic_document,50,2,,"on 
drawing sheet. Out of two problems one should be on the prism category 
(includes cylinder) and other should be on the pyramid category (includes 
cone). 02 
LO3 
05 
Minimum of two problems on Sections of Solids to be drawn on 
drawing sheet.

Out of two problems one should be on the prism category 
(includes cylinder) and other should be on the pyramid category (includes 
cone). 02 
LO3 
06 
Minimum two problems on Development of Surfaces to be drawn 
on drawing sheet. Out of two problems one should be on the prism 
category (includes cylinder) and other should be on the pyramid category 
(includes cone). 02 
LO3 
07 
Two problems on Orthographic Projections (without section) using 
drafting software. 02 
LO4, 
LO6 
08 
Two problems on Orthographic Projections (with section) using 
drafting software. 02 
LO4. LO6"
MHSSCE_00615,SEM-II-NEP2024.pdf,academic_document,51,1,,"100 
 
 
* Out of four problems from practical numbers 4 and 5 at least one problem should be on cone and 
cylinder each. * All printouts to be taken in the CAD Laboratory. Preferably, use A3 size sheets for print out. Assessment 
a) Term Work: Term Work shall consist of all the above mentioned practical. Term work will 
also include the A3 size sketch book. Problems taught in theory class in A3 size sketch book 
may be considered for term work. Alternatively subject teacher may give problems on each 
topic to be solved by students as home assignments in the same A3 size sketch book. Term Work Marks: 25 Marks 
a) Drawing Sheets + CAD printout = 15 Marks 
b) Theory Class A3 size Sketch Book = 5 Marks 
c) Attendance = 5 Marks 
 
b) Practical Exam: (2 hours/ 25 Marks) 
End semester Practical exam will be held using CAD software only. This exam will be based 
on the following syllabus. 1. Isometric projections. (One problem, compulsory) 
2. Orthographic Projection (without section) 
3. Orthographic Projection (with section) 
 
* The examiners may decide the weightage of the questions asked in the practical exam. * Printout of the answers have to be taken preferably in A3 size sheets and should be assessed by 
 external examiner only. * Knowledge of AutoCAD software, concepts of Engineering Graphics related to specified problem 
and accuracy of drawing should be considered during evaluation. 09 
Minimum of two problems on Isometric Projections to be drawn 
on drawing sheet."
MHSSCE_00616,SEM-II-NEP2024.pdf,academic_document,51,2,,"only. * Knowledge of AutoCAD software, concepts of Engineering Graphics related to specified problem 
and accuracy of drawing should be considered during evaluation. 09 
Minimum of two problems on Isometric Projections to be drawn 
on drawing sheet.

Out of the two problems, one should include a 
circular portion and one problem should have a sloping surface. Also, one problem should be solved by natural scale and another 
problem should be solved by isometric scale. 02 
LO5 
10 
Minimum two problems on Isometric Projections using drafting 
software. 02 
LO5, 
LO6"
MHSSCE_00617,SEM-II-NEP2024.pdf,academic_document,52,1,,"101 
 
 
 
 
 
 
 
Course 
Code 
 
 
Course Name 
 
Theory 
Term 
work 
Pract 
/ 
Oral 
Total 
Internal Assessment 
Test (IAT) 
End 
Sem 
Exam 
Exam 
Duration 
(in Hrs) 
IAT-
I 
IAT-
II 
IAT-I 
+ IAT-
II 
(Total) 
PCC2011 
Data Structure 
20 
20 
40 
60 
2 
-- 
-- 
100 
 
Course Objectives: The course aims to 
1. Learn the purpose and significance of data structures, as well as their fundamentals. 2. Learn linear and nonlinear data structures, as well as how they are implemented. 3. Analyze the data structures, such as stacks, queues 
4. Learn the terminologies, types and various operations in Linked list 
5. Explore the fundamentals of Tree and learn about its operations and applications. 6. Explore the real time applications of various data structures 
 
Course Outcomes: After successful completion of the course students will be able to 
1. Classify and Apply the concepts of Linear and Non-Linear data structures in real life problem 
solving and apply the operations like insertion, deletion, and traversal operations on them. 2. Explore data structures such as Stacks, learn about their operations, and use them to solve problems 
in a variety of domains. 3. Examine Queue data structures and use them to address real-world problems. 4. Apply the concept of Linked list to evaluate the problems in a diverse applications 
5. Analyze and apply the concepts of Trees and their applications in real life problem solving. 6."
MHSSCE_00618,SEM-II-NEP2024.pdf,academic_document,52,2,,"data structures and use them to address real-world problems. 4. Apply the concept of Linked list to evaluate the problems in a diverse applications 
5. Analyze and apply the concepts of Trees and their applications in real life problem solving. 6.

Demonstrate the ability to analyze, construct, implement, and use data structures to solve 
 real-world problems and evaluate their effectiveness. Prerequisite: Concepts in C Programming 
 
DETAILED SYLLABUS: 
 
Sr. No. Name of Module 
Detailed Content 
Hours 
CO 
Mapping 
Course 
Code 
Course Name 
Teaching Scheme 
(Contact Hours) 
Credits Assigned 
Theory 
Tut. Pract / 
Oral 
Theory 
Tut. Pract/
Oral 
Total 
PCC2011 
Data Structure 
2 
-- 
- 
2 
- 
- 
2"
MHSSCE_00619,SEM-II-NEP2024.pdf,academic_document,53,1,,"102 
 
0 
Prerequisite 
Concepts of Functions, Recursion, Arrays, Pointers, 
Structures and C programming constructs. I 
Introduction 
Introduction to Data Structures, Concept of ADT, 
Types of Data Structures- Linear, Nonlinear, Static, 
Dynamic and operations on Data Structures. 2 
CO 1 
CO 2 
II 
Stack 
Introduction to Stack, Stack as ADT, ADT 
Operations on Stack, Array Implementation of Stack, 
Multiple 
Stacks, 
Evaluation 
of 
Arithmetic 
Expressions. 4 
CO 1 
CO3 
III 
Queue 
Introduction to Queue, ADT operations on Queue, 
Array Implementation of Queue, Types of Queues: 
Circular Queue, Priority Queue, Double Ended 
Queue and Multiple Queues 
 
5 
CO 1 
CO 3 
IV 
Linked List 
Concept of Linked Lists, Linked List v/s Array, 
Types of Linked List- Singly linked lists, doubly 
linked lists and circular linked lists. Insertion, 
deletion, update and copying operations with Singly 
linked lists, doubly linked lists. Implementation of 
Stack and Queue using linked list. Reversing a singly 
linked list. 6 
CO 1 
CO 4 
V 
Tree 
Introduction to Trees, Tree Terminologies, Binary 
Tree, Binary Tree Representation, Types of Binary 
Tree, Binary Tree Traversals, Binary Search Tree, 
Insert, Delete, Search Operations on Binary Search 
Tree. 5 
CO 1 
CO 5 
VI 
Applications of 
Data Structures 
Stacks: Conversion of Arithmetic Expressions 
using Infix, Prefix and Postfix Notations, 
Reversing a String/List, Parentheses Checker."
MHSSCE_00620,SEM-II-NEP2024.pdf,academic_document,53,2,,"Insert, Delete, Search Operations on Binary Search 
Tree. 5 
CO 1 
CO 5 
VI 
Applications of 
Data Structures 
Stacks: Conversion of Arithmetic Expressions 
using Infix, Prefix and Postfix Notations, 
Reversing a String/List, Parentheses Checker.

Trees: Representing expressions using of Expression 
tree and Huffman Encoding. 4 
CO 1 
CO 6 
 
Text Books: 
1. Aaron M Tenenbaum, Yedidyah Langsam, Moshe J Augenstein, “Data Structures Using C”, 
 Pearson Publication. 2. Reema Thareja, “ Data Structures using C”, Oxford Press. 3. E. Balagurusamy, “Data Structure Using C”, Tata McGraw-Hill Education India. 4. Richard F. Gilberg and Behrouz A. Forouzan, “Data Structures: A Pseudocode Approach 
 with C”, 2ndEdition, CENGAGE Learning. References: 
1. Sahni Horowitz, Fundamentals of data structures in C, computer science press, 2008. 2. Jean Paul Tremblay, P. G. Sorenson, “Introduction to Data Structure and Its Applications”, 
 McGraw-Hill Higher Education 
3. Narasimha Karumanchi, Data Structures And Algorithms, 5th Edition,CareerMonk, 2016. 4. Robert Kruse, C. L. Tondo, Bruce Leung, “Data Structures and Program Design in C”, 
 Pearson Publication. Online References: 
Sr. No. Website Name 
7. https://nptel.ac.in/courses/106/102/106102064/"
MHSSCE_00621,SEM-II-NEP2024.pdf,academic_document,54,1,,"103 
 
8. Data Structure using C Programming - Course (swayam2.ac.in) 
 
 
Assessment: 
Internal Assessment (IA) for 20 marks each: 
• IA will consist of Two Compulsory Internal Assessment Tests. Approximately 40% to 
50% of the syllabus content must be covered in the IAT-I and the remaining 40% to 
50% of the syllabus content must be covered in the IAT-II. 
End Semester Theory Examination: 
➢ Question paper format 
• Question Paper will comprise a total of six questions each carrying 15 marks Q.1 will 
be compulsory and should cover the maximum contents of the syllabus 
• Remaining questions will be mixed in nature (part (a) and part (b) of each question 
must be from different modules. For example, if Q.2 has part (a) from Module 3 
then part (b) must be from any other Module randomly selected from all the 
modules) 
• A total of four questions need to be answered"
MHSSCE_00622,SEM-II-NEP2024.pdf,academic_document,55,1,,"104 
 
 
 
 
 
 
 
 
Course 
Code 
 
 
Course Name 
 
Theory 
Term 
work 
Pract 
/ 
Oral 
Total 
Internal Assessment 
Test (IAT) 
End 
Sem 
Exam 
Exam 
Duration 
(in Hrs) 
IAT-
I 
IAT-
II 
IAT-I 
+ IAT-
II 
(Total) 
PCL2011 
Data Structure 
Lab 
-- 
-- 
-- 
-- 
-- 
25 
25 
50 
 
 
Lab Objectives: The course aims to 
 
Lab Outcomes: After successful completion of the course students will be able to 
1. Classify and apply linear and non-linear data structure concepts to real-world problem 
solving, as well as performing operations such as insertion, deletion, and traversal. 2. Explore data structures like Stacks, learn about their operations, and apply them to solve 
issues in a variety of domains. 3. Examine queue data structures and apply them to use in diverse real-world applications. 4. Apply the concept of linked lists to evaluate problems in a variety of applications. 5. Analyze and apply the concepts of Trees and their applications in real life problem solving. 6. Demonstrate the ability to analyze, construct, implement, and use data structures to solve 
 real-world problems and evaluate their effectiveness. Prerequisite: Fundamentals of C programming and its concepts like Functions, Recursion, Arrays, 
Structures and Pointers. Course 
Code 
Course Name 
Teaching Scheme 
(Contact Hours) 
Credits Assigned 
Theory 
Tut. Pract / 
Oral 
Theory 
Tut. Pract/
Oral 
Total 
PCL2011 
Data Structure 
Lab 
-- 
-- 
2 
-- 
- 
1 
1 
1."
MHSSCE_00623,SEM-II-NEP2024.pdf,academic_document,55,2,,"Recursion, Arrays, 
Structures and Pointers. Course 
Code 
Course Name 
Teaching Scheme 
(Contact Hours) 
Credits Assigned 
Theory 
Tut. Pract / 
Oral 
Theory 
Tut. Pract/
Oral 
Total 
PCL2011 
Data Structure 
Lab 
-- 
-- 
2 
-- 
- 
1 
1 
1.

Learn about the purpose and importance of data structures, as well as their principles. 2. Understand linear and nonlinear data structures, as well as their implementation. 3. Analyze data structures, such as stacks and queues. 4. Study the terminologies, types, and various operations in linked lists. 5. Discover the principles of Tree, including its operations and uses. 6. Investigate the real-time uses of different data structures."
MHSSCE_00624,SEM-II-NEP2024.pdf,academic_document,56,1,,"105 
 
DETAILED SYLLABUS: 
Sr. No. Module 
Detailed Content 
Hours 
LO 
Mapping 
0 
Prerequisite 
Constructs of C like Functions, Recursion, Arrays, 
Structures and Pointers. I 
Introduction 
Overview of Data Structure, Elementary Data 
Structure Organization, Classification of Data 
Structures, Operations on Data Structures and 
Abstract Data Type, recursion. 04 
LO 1 
II 
Stack 
Introduction to Stacks, Array representation of 
Stacks, Operations on a Stack. 04 
LO 2 
III 
Queue 
Introduction to Queues, Array representation of 
Queues, Types of Queues, Operations on Queue, 
Applications of Queues. 04 
LO 3 
IV 
Linked list 
Basics of Linked list, ADT Operations Singly Linked 
Lists, Circular Linked Lists, Doubly Linked Lists, 
Linked representation of Stacks, and Linked 
representation of Queues. 04 
LO 4 
V 
Tree 
Basic Terminology, Types of Trees, Binary Tree 
traversal, Operations on Binary Search Trees. 04 
LO 5 
VI 
Applications 
of Data 
Structures 
Stack: Reversing a list/String, Implementing 
Parentheses Checker, Evaluation of Arithmetic 
Expressions, Tree: Evaluating the expressions using 
expression tree and implementation of Huffman 
Encoding. 06 
LO 6 
 
 
 
 
Text Books: 
1. Reema Thareja, “Data Structures using C”, Oxford Press. 2. Aaron M Tenenbaum, Yedidyah Langsam, Moshe J Augenstein, “Data Structures Using C”, 
Pearson Publication. 3. Ellis Horowitz, Sartaj Sahni, Fundamentals of Data Structures, Galgotia Publications; 2010. 4. E."
MHSSCE_00625,SEM-II-NEP2024.pdf,academic_document,56,2,,"Structures using C”, Oxford Press. 2. Aaron M Tenenbaum, Yedidyah Langsam, Moshe J Augenstein, “Data Structures Using C”, 
Pearson Publication. 3. Ellis Horowitz, Sartaj Sahni, Fundamentals of Data Structures, Galgotia Publications; 2010. 4. E.

Balagurusamy, “Data Structure Using C”, Tata McGraw-Hill Education India. References: 
1. Narasimha Karumanchi, Data Structures And Algorithms, 5th Edition,CareerMonk, 2016. 2. Jean Paul Tremblay, P. G. Sorenson, “Introduction to Data Structure and Its Applications”, 
McGraw-Hill Higher Education. 3. Robert Kruse, C. L. Tondo, Bruce Leung, “Data Structures and Program Design in C”, 
Pearson Edition. Online Resources: 
Sr. No. Website Name 
9. https://nptel.ac.in/courses/106/102/106102064/ 
10. Data Structure using C Programming - Course (swayam2.ac.in) 
 
List of Experiments:"
MHSSCE_00626,SEM-II-NEP2024.pdf,academic_document,57,1,,"106 
 
 
List of Assignments: 
 
 
Assessment: 
Term Work: Term Work shall consist of at least 10 to 12 practicals’ based on the above list. Also, Term work Journal must include at least 2 assignments. Term Work Marks: 25 Marks (Total marks) = 15 Marks (Experiment) + 5 Marks 
(Assignments) + 5 Marks (Attendance) 
Note: 
1. All the practical’s must be performed in C programming language 
2. Students are required to complete at least 10-12 experiments. 3. ‘*’ marked experiments are compulsory while rest can be taken from the given list 
Sr No 
List of Experiments 
Hrs 
01. * 
Implementation of Insertion and deletion in a specific position in an Array 
using Function. 2 
02. Implementation of recursive program. 2 
03. * 
Array Implementation of Stack. 2 
04. * 
Array Implementation of Linear Queue. 2 
05. Array Implementation of Circular Queue. 2 
06. * 
Implement Singly Linked List. 2 
07. Implement Doubly Linked List. 2 
08. * 
Implementation of Double Ended Queue using Linked List. 2 
09. Implementation of Stack using Linked list 
2 
10. * 
Implementation of Binary Search Tree and its traversal methods. 2 
11. Program to count Number of leaf nodes, find the biggest and smallest and 
height of the tree. 2 
12. Implementation of Reversing a List using Stack. 2 
13. Convert an Infix expression to Postfix expression using stack ADT. 2 
14. * 
Program to Evaluate Postfix Expression using Stack ADT."
MHSSCE_00627,SEM-II-NEP2024.pdf,academic_document,57,2,,"find the biggest and smallest and 
height of the tree. 2 
12. Implementation of Reversing a List using Stack. 2 
13. Convert an Infix expression to Postfix expression using stack ADT. 2 
14. * 
Program to Evaluate Postfix Expression using Stack ADT.

2 
Sr No 
List of Assignments / Tutorials 
Hrs 
01 
Assignment covers the topics from first three units (Introduction, Stack and 
Queue) limited to three Questions 
2 
02 
Assignment covers the topics from Last three units (Linked list, Tree and 
Application of Data Structures) limited to three Questions 
2"
MHSSCE_00628,SEM-II-NEP2024.pdf,academic_document,58,1,,"107 
 
 
Practical & Oral Exam: An Oral & Practical exam will be held based on the above 
syllabus."
MHSSCE_00629,SEM-II-NEP2024.pdf,academic_document,59,1,,"108 
 
 
 
 
 
 
 
 
 
 
Rationale: 
This course is intended for gaining useful knowledge with respect to principles and procedures related 
to civil engineering with practical approaches. Civil Engineering structures are made using various 
engineering materials such as concrete, timber, metals, or their composites. Knowledge of surveying 
is very useful to all engineers to plan and execute any civil engineering project. The element of civil 
engineering is to address societal needs like water and shelter by creating safe, efficient, and 
sustainable infrastructure that also enhances quality of life and economic development. Course Objectives: 
1. To study the basic concepts of civil engineering. 2. To study various building material and their significance in the construction activity. 3. To introduce the concept of elements of building drawing. 4. To develop the concept of basic surveying. 5. To understand the concept of water resources engineering 
6. To understand the concept of transportation engineering 
 
Course Outcomes: 
1. Compare and contrast different branches of civil engineering in terms of their focus areas and 
applications. 2. Analyse common building materials and their construction applications. 3. Interpret and sketch basic building drawings using standard symbols. 4. Apply basic surveying principles using instruments for simple measurements. 5. Describe the importance of water resources management 
6. Understand the basics of transportation systems."
MHSSCE_00630,SEM-II-NEP2024.pdf,academic_document,59,2,,"and sketch basic building drawings using standard symbols. 4. Apply basic surveying principles using instruments for simple measurements. 5. Describe the importance of water resources management 
6. Understand the basics of transportation systems.

Course 
Code 
Course Name 
Teaching Scheme 
(Contact Hours) 
Credits Assigned 
Theory 
Tut. Pract / 
Oral 
Theory 
Tut. Pract/
Oral 
Total 
PCC2012 
Elements of Civil 
Engineering 
2 
-- 
- 
2 
- 
- 
2 
 
 
Course 
Code 
 
 
Course Name 
 
Theory 
Term 
work 
Pract / 
Oral 
Total 
Internal Assessment 
Test (IAT) 
End 
Sem 
Exam 
Exam 
Duration 
(in Hrs) 
IAT-
I 
IAT-
II 
IAT-I 
+ IAT-
II 
(Total) 
PCC2012 Elements of Civil 
Engineering 
20 
20 
40 
60 
2 
-- 
-- 
100"
MHSSCE_00631,SEM-II-NEP2024.pdf,academic_document,60,1,,"109 
 
Prerequisite: A strong foundation of Mathematics, Physics, Chemistry and Spatial reasoning. DETAILED SYLLABUS: 
Sr. No. Name of 
Module 
Detailed Content 
Hours 
CO 
Mapping 
0 
Prerequisite 
Spatial reasoning and basics of Mathematics 
 
 
I 
Introduction to 
Civil 
Engineering 
1.1 
What is Civil Engineering/ Infrastructure? Basics 
of 
Engineering 
and 
Civil 
Engineering; 
Importance 
of 
Civil 
Engineering, 
Introduction 
to 
different 
disciplines of Civil Engineering; Possible 
scopes for a career 
02 
CO1 
1.2 
Early constructions and developments over 
time; Ancient monuments & Modern 
marvels; Development of various materials 
of 
construction 
and 
methods 
of 
construction; Works of eminent civil 
engineers 
1.3 
Position of construction industry vis-à-vis 
other industries, five-year plan outlays for 
construction; 
current 
budgets 
for 
infrastructure works 
II 
Building 
Materials 
2.1 
Materials: 
Introduction to construction materials like 
Stone, 
Bricks, 
Lime, 
Timber, 
Sand, 
Aggregates, Mortar, and bitumen. 06 
CO2 
2.2 
Cement: Chemical composition, Hydration 
of cement, Properties of Portland cement, 
OPC: PPC, Slag cement and other types of 
cement and their suitability, Different tests 
on Cement 
2.3 
Concrete: Introduction to Concrete, Grade 
of concrete. Manufacturing process of 
concrete, Introduction to RMC plant."
MHSSCE_00632,SEM-II-NEP2024.pdf,academic_document,60,2,,"of Portland cement, 
OPC: PPC, Slag cement and other types of 
cement and their suitability, Different tests 
on Cement 
2.3 
Concrete: Introduction to Concrete, Grade 
of concrete. Manufacturing process of 
concrete, Introduction to RMC plant.

III 
Building drawing 
3.1 
Classification of buildings, Types of loads 
acting on buildings, building components 
and their functions and nominal dimensions, 
signs, and symbols used for different 
materials and elements of buildings 
05 
CO3 
3.2 
Elements of building drawing, Methods of 
making line drawing and detailed drawing. Site plan, floor plan, FSI, elevation and 
section 
drawing 
of 
small 
residential 
building. IV 
Basics of 
Surveying 
4.1 
Role of Civil Engineer in Surveying, 
Definition, Working Principles, Scale and 
Mapping, 
Classification 
of 
surveying, 
Linear measurement, Chain and tapes, field 
work 
08 
CO4"
MHSSCE_00633,SEM-II-NEP2024.pdf,academic_document,61,1,,"110 
 
4.2 
Angular 
Measurement: 
Bearing 
and 
Direction, Types of compasses 
4.3 
Levelling: Principle of leveling, Instruments 
for leveling, Methods of reduction. V 
Water supply and 
Sanitary 
Engineering 
5.1 
Sources of Water and quality standards, 
Water demands. 03 
CO5 
5.2 
Fundamentals of Sanitary Engineering 
collection and conveyance of refuse, waste 
water: Introduction to Air pollution, noise 
pollution. VI 
Transportation 
Engineering 
6.1 
Role 
of 
transportation 
in 
national 
development, 
Introduction 
to 
mass 
transportation system. 02 
CO6 
6.2 
Introduction to transportation infrastructure 
in India, Highways, Railways, Airports and 
Ports 
Text Books: 
1. Building Construction: S.P. Arora, Dr. S.P. Bindra, Dhanpat Rai Publication, New Delhi. 2. Planning and Designing Buildings: Y. S. Sane (Modern Publication House, Pune) 
3. Surveying and Levelling: Dr. B. C. Punmia, Vol.-I, 16th Edition, Vol. -II 4th Edition, Laxmi 
Publications (ISBN9788170088530) 
4. Irrigation and Water power Engineering: Dr. B. C. Punmia, Dr. Pande Lal, Ashok Kumar Jain, Arun 
Kumar Jain, 16th Edition, Laxmi Publication. 5. Principles of Transportation Engineering: Chakrabory, Partha and Das, Animesh; Prentice Hall 
India Learning Pvt. Ltd., New Delhi 
 
References: 
1. Introduction to Engineering Materials: B. K. Agrawal, Tata McGraw Hill, New Delhi. 2. Building Materials (Products, Properties and Systems): M.L. Gambhir and Neha Jamwal, McGraw 
Hill Publications. 3."
MHSSCE_00634,SEM-II-NEP2024.pdf,academic_document,61,2,,"Learning Pvt. Ltd., New Delhi 
 
References: 
1. Introduction to Engineering Materials: B. K. Agrawal, Tata McGraw Hill, New Delhi. 2. Building Materials (Products, Properties and Systems): M.L. Gambhir and Neha Jamwal, McGraw 
Hill Publications. 3.

IS 962: 1989 – Code of Practice for Architectural and Building Drawings. 4. Surveying and Levelling (Vol.-I): S.K. Duggal, Tata McGraw Hill 
5. Principles and Practice of Highway Engineering: Kadiyali, L. R.; Khanna Publsihers, Delhi. Online References: 
Sr. No. Website Name 
1. https://www.asce.org/about-civil-engineering 
2. https://gate.nptel.ac.in/video.php?branchID=5&cid=1 
3. http://www.nptel.iitm.ac.in/courses.php?branch=Civil 
4. http://www.nptel.iitm.ac.in/courses/Webcourse-contents/IIT 
 
Assessment: 
Internal Assessment (IA) for 20 marks each: 
• IA will consist of Two Compulsory Internal Assessment Tests. Approximately 40% to 
50% of the syllabus content must be covered in the IAT-I and the remaining 40% to 
50% of the syllabus content must be covered in the IAT-II. End Semester Theory Examination: 
➢ Question paper format"
MHSSCE_00635,SEM-II-NEP2024.pdf,academic_document,62,1,,"111 
 
• Question Paper will comprise a total of six questions each carrying 15 marks Q.1 will 
be compulsory and should cover the maximum contents of the syllabus 
• Remaining questions will be mixed in nature (part (a) and part (b) of each question 
must be from different modules. For example, if Q.2 has part (a) from Module 3 
then part (b) must be from any other Module randomly selected from all the 
modules) 
• A total of four questions need to be answered"
MHSSCE_00636,SEM-II-NEP2024.pdf,academic_document,63,1,,"112 
 
 
 
 
 
 
 
Course 
Code 
 
 
Course Name 
 
Theory 
Term 
work 
Pract 
/ Oral 
Total 
Internal Assessment 
Test (IAT) 
End 
Sem 
Exam 
Exam 
Duration 
(in Hrs) 
IAT-
I 
IAT-
II 
IAT-I 
+ IAT-
II 
(Total) 
PCL2012 Elements of Civil 
Engineering Lab 
-- 
-- 
-- 
-- 
-- 
25 
25 
50 
 
Lab Objectives: 
 
1. To study the basic concepts of civil engineering. 2. To study various building material and their significance in the construction activity. 3. To introduce the concept of elements of building drawing. 4. To develop the concept of basic surveying. 5. To understand the concept of water resources engineering 
6. To understand the concept of transportation engineering 
 
Lab Outcomes: 
 
1) Recall the fundamental role of civil engineering and list its core branches. 2) Explain the characteristics of common building materials and their typical applications in 
construction. 3) Use standard symbols to sketch basic building drawings based on given interpretations. 4) Compare and contrast basic surveying instruments and their principles for simple 
measurements. 5) Assess the importance of water resources management in relation to environmental and 
societal needs. 6) Understanding the basic of the transportation system considering various factors. Prerequisite: Knowledge of physics and mathematics up to 12 science level. Course 
Code 
Course Name 
Teaching Scheme 
(Contact Hours) 
Credits Assigned 
Theory 
Tut. Pract / 
Oral 
Theory 
Tut."
MHSSCE_00637,SEM-II-NEP2024.pdf,academic_document,63,2,,"the transportation system considering various factors. Prerequisite: Knowledge of physics and mathematics up to 12 science level. Course 
Code 
Course Name 
Teaching Scheme 
(Contact Hours) 
Credits Assigned 
Theory 
Tut. Pract / 
Oral 
Theory 
Tut.

Pract/
Oral 
Total 
PCL2012 
Elements of Civil 
Engineering Lab 
-- 
-- 
2 
-- 
- 
1 
1"
MHSSCE_00638,SEM-II-NEP2024.pdf,academic_document,64,1,,"113 
 
 
DETAILED SYLLABUS: 
 
Sr. No. Module 
Detailed Content 
Hours 
LO 
Mapping 
0 
Prerequisite 
 Knowledge of physics and 
mathematics up to 12 science level. I 
Introduction to 
Civil Engineering 
Prepare a report on different 
branches of civil engineering in 
terms of their focus areas and 
applications 
02 
LO1 
II 
Building Materials 
Prepare a report on different 
building materials with their 
properties 
02 
LO2 
III 
Building drawing 
Each student shall prepare a plan, 
elevation, and section of a simple 
residential building from given data 
02 
LO3 
IV 
Basics of 
Surveying 
Use of Chain Compass and 
Instruments for leveling 
02 
LO4 
V 
Open Ended 
Problem (Model 
Making): 
Prepare a model of any one type 
from hydraulic structures like 
gravity dam, earthen dam, falls, 
canal structures 
02 
LO5 
VI 
Transportation 
Engineering 
Prepare a poster related to 
transportation engineering 
02 
LO6 
 
Text Books: 
 
1. Building Construction: S.P. Arora, Dr. S.P. Bindra, Dhanpat Rai Publication, New Delhi. 2. Planning and Designing Buildings: Y. S. Sane (Modern Publication House, Pune) 
3. Surveying and Levelling: Dr. B. C. Punmia, Vol.-I, 16th Edition, Vol. -II 4th Edition, Laxmi 
Publications (ISBN9788170088530) 
 
References: 
1. Introduction to Engineering Materials: B. K. Agrawal, Tata McGraw Hill, New Delhi. 2. Building Materials (Products, Properties and Systems): M.L. Gambhir and Neha Jamwal, McGraw 
Hill Publications. 3."
MHSSCE_00639,SEM-II-NEP2024.pdf,academic_document,64,2,,"(ISBN9788170088530) 
 
References: 
1. Introduction to Engineering Materials: B. K. Agrawal, Tata McGraw Hill, New Delhi. 2. Building Materials (Products, Properties and Systems): M.L. Gambhir and Neha Jamwal, McGraw 
Hill Publications. 3.

IS 962: 1989 – Code of Practice for Architectural and Building Drawings. 4. Surveying and Levelling (Vol.-I): S.K. Duggal, Tata McGraw Hill 
5. Principles and Practice of Highway Engineering: Kadiyali, L. R.; Khanna Publsihers, Delhi. Online Resources: 
Sr. No. Website Name 
1. https://www.asce.org/about-civil-engineering 
2. https://gate.nptel.ac.in/video.php?branchID=5&cid=1 
3. http://www.nptel.iitm.ac.in/courses.php?branch=Civil 
4. http://www.nptel.iitm.ac.in/courses/Webcourse-contents/IIT"
MHSSCE_00640,SEM-II-NEP2024.pdf,academic_document,65,1,,"114 
 
List of Experiments. 
 
 
 
Assessment: 
Term Work: Term Work shall consist of at least 10 to 12 practicals’ based on the above list. 
Also, Term work Journal must include at least 2 assignments. 
 
Term Work Marks: 25 Marks (Total marks) = 15 Marks (Experiment) + 5 Marks 
(Assignments) + 5 Marks (Attendance) 
 
Practical & Oral Exam: An Oral & Practical exam will be held based on the above 
syllabus. 
 
 
 
 
 
 
 
 
 
 
 
 
 
 
 
 
 
Sr No 
List of Experiments 
Hrs. 
LO 
Mapping 
01 
Initial and Final setting time test on cement 
02 
LO1 
02 
Compressive strength of cement 
02 
LO2 
03 
Drawing plan of G+1 bungalow (Existing) 
02 
LO3 
04 
Ranging, chaining, and offsetting 
02 
LO4 
05 
Measurement of bearings using prismatic and surveyor’s compass 
02 
LO5 
06 
Simple and compound levelling 
02 
LO6 
Sr 
No 
List of Assignments / Tutorials 
Hrs. 
LO Mapping 
01 
Enlist in detail scope of Civil Engineering based on different 
disciplines of Civil Engineering 
02 
LO1, LO2, 
LO3, 
LO4, 
LO5, 
LO6 
02 
Prepare detail report on three Civil Engineering projects of national 
repute 
03 
Discuss on Hydrological cycle and water supply 
04 
Comparison of different modes of transportation"
MHSSCE_00641,SEM-II-NEP2024.pdf,academic_document,66,1,,"115 
 
 
 
 
 
 
Rationale: 
An introductory course of the branch is necessary in first year to give an overall view and develop 
interest. Course Objectives: 
1 To understand the anatomical structures and physiological processes of the human body. 2 To understand bio-electric signals and their recording. 3 To understand need for patient monitoring and continuous recording of vitals. 4 To understand need for life saving equipment’s and get acquainted with their construction and 
working. 5 To understand basics of imaging equipment. 6 To understand basic concepts and theory related to statistics. Course Outcomes: 
1. Learners will be able to explain the anatomical parts and physiological processes of important 
systems of human body. 2. Learners will be able to record bio-electric signal from the human body. 3. Learners will be able to acquire human vitals from patient in ICU. 4. Learners will be able to demonstrate working of the lifesaving instruments. 5. Learners will be able to explain construction and working of X-ray and Ultrasound. 6. The learner will be able to perform preliminary analysis of the medical data. Prerequisite: Knowledge of living organisms, Basics of electrical and electronics circuits, Physics of 
sensors and measurements. Course 
Code 
Course Name 
Teaching Scheme 
(Contact Hours) 
Credits Assigned 
Theory 
Tut. Pract / 
Oral 
Theory 
Tut."
MHSSCE_00642,SEM-II-NEP2024.pdf,academic_document,66,2,,"Prerequisite: Knowledge of living organisms, Basics of electrical and electronics circuits, Physics of 
sensors and measurements. Course 
Code 
Course Name 
Teaching Scheme 
(Contact Hours) 
Credits Assigned 
Theory 
Tut. Pract / 
Oral 
Theory 
Tut.

Pract/
Oral 
Total 
PCC2013 
Elements of 
Biomedical 
Engineering 
2 
-- 
- 
2 
- 
- 
2 
 
 
Course 
Code 
 
 
Course Name 
 
Theory 
Term 
work 
Pract / 
Oral 
Total 
Internal Assessment 
Test (IAT) 
End 
Sem 
Exam 
Exam 
Duration 
(in Hrs) 
IAT-I IAT-
II 
IAT-I 
+ IAT-
II 
(Total) 
PCC2013 
Elements of 
Biomedical 
Engineering 
20 
20 
40 
60 
2 
-- 
-- 
100"
MHSSCE_00643,SEM-II-NEP2024.pdf,academic_document,67,1,,"116 
 
 
 
DETAILED SYLLABUS: 
Sr. No. Name of Module 
Detailed Content 
Hours 
CO 
Mapping 
0 
Prerequisite 
Knowledge of living organisms, Basics of 
electrical and electronics circuits, Physics of 
sensors and measurements 
0 
--- 
I 
Introduction to 
the Human Body 
Cardiovascular system, Respiratory system, 
Nervous system, Special senses, Action 
potential 
05 
CO1 
II 
Bio-electric 
Signals 
ECG, EMG and EEG signals, Lead 
configurations, Sensors and amplifiers, Patient 
safety 
05 
CO2 
III 
Patient 
monitoring 
instruments 
ECG, spO2, Respiratory, Blood pressure, 
Temperature monitoring during intensive care. 04 
CO3 
IV 
Lifesaving 
instruments 
Principle and working of cardiac pace maker 
and de-fibrillator 
04 
CO4 
V 
Basics of imaging 
Principle and working of X-ray and ultarsound 
imaging 
04 
CO5 
VI 
Data analysis 
Descriptive statistics, probability and sampling 
distributions, Differentiate between two 
populations 
04 
CO6 
 
Text Books: 
1. Introduction to Biomedical Equipment Technology: Carr –Brown. (PH Pub) 
2. Medical Instrumentation, Application and Design: J G. Webster. (John Wiley) 
3. Biostatistics by Wayne W. Daniel, Seventh edition, Wiley India 
 
References: 
1. Principles of Applied Biomedical Instrumentation, Geddes & Baker, John Wiley 
2. Christensen’s Physics of Diagnostic Radiology, Thomas S. Curry, James E. Dowdey, Robert 
 C. Murry. Wolters Kluwer, Fourth Edition 
3."
MHSSCE_00644,SEM-II-NEP2024.pdf,academic_document,67,2,,"Wiley India 
 
References: 
1. Principles of Applied Biomedical Instrumentation, Geddes & Baker, John Wiley 
2. Christensen’s Physics of Diagnostic Radiology, Thomas S. Curry, James E. Dowdey, Robert 
 C. Murry. Wolters Kluwer, Fourth Edition 
3.

Physics of Diagnostic Imaging, David Dowsett, Patrick A Kenny, R Eugene Johnston. CRC Press, 
Second Edition. Online References: 
Sr. No. Website Name 
1. Course: Animal Physiology by Prof. Mainak Das - IIT Kanpur 
https://nptel.ac.in/courses/102/104/102104058/ 
https://swayam.gov.in/nd1_noc20_bt42/preview 
2. Medical Image Analysis, Dr. Debdoot Sheet, Indian Institute of Technology, Kharagpur 
Course Link: https://nptel.ac.in/courses/108/105/108105091/ 
3. Course 1: *Introduction to Biomedical Imaging* 
https://www.edx.org/course/introduction-to-biomedical-imaging 
Course 2: *Fundamentals of Biomedical Imaging: Ultrasounds, X-ray, positron emission 
tomography (PET) and applications* 
https://www.edx.org/course/fundamentals-of-biomedical-imaging-ultrasounds-x-r"
MHSSCE_00645,SEM-II-NEP2024.pdf,academic_document,68,1,,"117 
 
4. 
Introduction to Data Analytics by Prof. Nandan Sundarsanam – IIT-M and Prof. B. 
Ravindran – IIT-M https://nptel.ac.in/noc/courses/noc16/SEM2/noc16-mg06/ 
 
Assessment: 
Internal Assessment (IA) for 20 marks each: 
• IA will consist of Two Compulsory Internal Assessment Tests. Approximately 40% to 
50% of the syllabus content must be covered in the IAT-I and the remaining 40% to 
50% of the syllabus content must be covered in the IAT-II. 
End Semester Theory Examination: 
➢ Question paper format 
• Question Paper will comprise a total of six questions each carrying 15 marks Q.1 will 
be compulsory and should cover the maximum contents of the syllabus 
• Remaining questions will be mixed in nature (part (a) and part (b) of each question 
must be from different modules. For example, if Q.2 has part (a) from Module 3 
then part (b) must be from any other Module randomly selected from all the 
modules) 
• A total of four questions need to be answered"
MHSSCE_00646,SEM-II-NEP2024.pdf,academic_document,69,1,,"118 
 
 
 
 
 
 
 
 
 
Course 
Code 
 
 
Course Name 
 
Theory 
Term 
work 
Pract 
/ Oral 
Total 
Internal Assessment 
Test (IAT) 
End 
Sem 
Exam 
Exam 
Duration 
(in Hrs) 
IAT-
I 
IAT-
II 
IAT-I 
+ IAT-
II 
(Total) 
PCL2013 
Elements of 
Biomedical 
Engineering Lab 
-- 
-- 
-- 
-- 
-- 
25 
25 
50 
 
Lab Objectives: 
1 To understand test and measuring instruments. 2 To understand bio-electric signals and their recording. 3 To understand need for patient monitoring and continuous recording of vitals. 4 To understand need for life saving equipment’s and get acquainted with their construction and 
working. 5 To understand basics of imaging equipment’s. 6 To understand basic concepts and theory related to statistics 
 
Lab Outcomes: 
1 Learner will be able to make measurements using common tools. 2 Learners will be able to record bio-electric signal from the human body. 3 Learners will be able to acquire human vitals from patient in ICU. 4 Learners will be able to demonstrate working of the lifesaving instruments. 5 Learners will be able to explain construction and working of X-ray and Ultrasound. 6 The learner will be able to perform preliminary analysis of the medical data. Prerequisite: Knowledge of living organisms, Basics of electrical and electronics circuits, Physics 
of sensors and measurements. DETAILED SYLLABUS: 
 
Sr. No. Module 
Detailed Content 
Hours 
LO 
Mapping 
Course 
Code 
Course Name 
Teaching Scheme 
(Contact Hours) 
Credits Assigned 
Theory 
Tut."
MHSSCE_00647,SEM-II-NEP2024.pdf,academic_document,69,2,,"of electrical and electronics circuits, Physics 
of sensors and measurements. DETAILED SYLLABUS: 
 
Sr. No. Module 
Detailed Content 
Hours 
LO 
Mapping 
Course 
Code 
Course Name 
Teaching Scheme 
(Contact Hours) 
Credits Assigned 
Theory 
Tut.

Pract / 
Oral 
Theory 
Tut. Pract/
Oral 
Total 
PCL2013 
Elements of 
Biomedical 
Engineering Lab 
-- 
-- 
2 
-- 
- 
1 
1"
MHSSCE_00648,SEM-II-NEP2024.pdf,academic_document,70,1,,"119 
 
0 
Prerequisite 
Knowledge of living organisms, 
Basics of electrical and electronics 
circuits, Physics of sensors and 
measurements 
0 
--- 
I 
Introduction to 
the Human Body 
Cardiovascular system, Respiratory 
system, Nervous system, Special 
senses, Action potential 
5 
LO1 
II 
Bio-electric 
Signals 
ECG, EMG and EEG signals, Lead 
configurations, Sensors and 
amplifiers, Patient safety 
5 
LO2 
III 
Patient 
monitoring 
instruments 
ECG, spO2, Respiratory, Blood 
pressure, Temperature 
monitoring during intensive care. 4 
LO3 
IV 
Lifesaving 
instruments 
Principle and working of cardiac 
pace maker and de-fibrillator 
4 
LO4 
V 
Basics of imaging 
Principle and working of X-ray 
and ultarsound imaging 
4 
LO5 
VI 
Data analysis 
Descriptive statistics, probability 
and sampling distributions, 
Differentiate between two 
populations 
4 
LO6 
 
Text Books: 
1. Introduction to Biomedical Equipment Technology: Carr –Brown. (PH Pub) 
2. Medical Instrumentation, Application and Design: J G. Webster. (John Wiley) 
3. Biostatistics by Wayne W. Daniel, Seventh edition, Wiley India 
References: 
1. Principles of Applied Biomedical Instrumentation, Geddes & Baker, John Wiley 
2. Christensen’s Physics of Diagnostic Radiology, Thomas S. Curry, James E. Dowdey, Robert 
C. Murry. Wolters Kluwer, Fourth Edition 
3. Physics of Diagnostic Imaging, David Dowsett, Patrick A Kenny, R Eugene Johnston. CRC 
Press, Second Edition. Online Resources: 
Sr. No. Website Name 
11."
MHSSCE_00649,SEM-II-NEP2024.pdf,academic_document,70,2,,"Thomas S. Curry, James E. Dowdey, Robert 
C. Murry. Wolters Kluwer, Fourth Edition 
3. Physics of Diagnostic Imaging, David Dowsett, Patrick A Kenny, R Eugene Johnston. CRC 
Press, Second Edition. Online Resources: 
Sr. No. Website Name 
11.

Course: Animal Physiology by Prof. Mainak Das - IIT Kanpur 
https://nptel.ac.in/courses/102/104/102104058/ 
https://swayam.gov.in/nd1_noc20_bt42/preview 
12. Medical Image Analysis, Dr. Debdoot Sheet, Indian Institute of Technology, 
Kharagpur Course Link: https://nptel.ac.in/courses/108/105/108105091/ 
3. Course 1: *Introduction to Biomedical Imaging* 
https://www.edx.org/course/introduction-to-biomedical-imaging 
Course 2: *Fundamentals of Biomedical Imaging: Ultrasounds, X-ray, positron 
emission tomography (PET) and applications* 
https://www.edx.org/course/fundamentals-of-biomedical-imaging-ultrasounds-x-r 
4. Introduction to Data Analytics by Prof. Nandan Sundarsanam – IIT-M and Prof. B. Ravindran – IIT-M https://nptel.ac.in/noc/courses/noc16/SEM2/noc16-mg06/ 
 
List of Experiments."
MHSSCE_00650,SEM-II-NEP2024.pdf,academic_document,71,1,,"120 
 
 
 
Assessment: 
Term Work: Term Work shall consist of at least 10 to 12 practicals’ based on the above list. 
Also, Term work Journal must include at least 2 assignments. 
 
Term Work Marks: 25 Marks (Total marks) = 15 Marks (Experiment) + 5 Marks 
(Assignments) + 5 Marks (Attendance) 
 
Practical & Oral Exam: An Oral & Practical exam will be held based on the above 
syllabus. 
 
 
 
 
 
 
 
 
 
 
 
 
 
 
 
 
 
 
 
 
 
 
Sr No 
List of Experiments 
Hrs 
01 
Test and measuring instruments usage 
2 
02 
DC Power supplies and measurements with multimeters and digital storage 
oscilloscope 
2 
03 
To measure blood pressure using sphygmomanometer 
2 
04 
Design of instrumentation amplifier 
2 
05 
To study the twelve lead electrode scheme and operation of the ECG Machine. 
2 
06 
To record ECG and measure its various parameters (amplitude, 
intervals/segment). 
2 
07 
Measurement of temperature and oxygen saturation 
2 
08 
Demonstration of defibrillator 
2 
09 
Demonstration of pacemaker 
2 
10 
Plotting histogram of given data and inference 
2 
11 
Chi square distribution and analysis of frequency 
2 
12 
Analysis of variance 
2"
MHSSCE_00651,SEM-II-NEP2024.pdf,academic_document,72,1,,"121 
 
 
 
 
Course 
Code 
Course Name 
Teaching Scheme 
(Hrs/week) 
Credits Assigned 
PCC2014 
 
 
Digital Electronics 
L 
T 
P 
L 
T 
P 
Total 
2 
-- 
-- 
2 
-- 
 
2 
Examination Scheme 
 
IA1 
IA2 
ESE 
Total 
Theory 
20 
20 
60 
100 
 
Pre-requisite Course Codes Binary number system and codes, binary arithmetic 
 
 
 
Course Outcomes 
After the successful completion students should be able to 
CO1 
Compare TTL and CMOS families w.r.t. their characteristic 
parameters 
CO2 
Construct combinational circuits using given MSI devices. CO3 
Apply the knowledge of flip-flops and MSI devices to design 
sequential circuits. CO4 
Analyze the given sequential circuits to identify the state 
transitions and race conditions. CO5 
Implement the given logic function using programmable 
logic devices. Module No. Unit 
No. Topics 
Ref
ere
nce 
Hrs. 1. Implementation 
of Logic functions 
1.1 
Logic gates, Implementation of functions using basic 
gates and using Universal gates 
 
1,2,
3,4 
4 
1.2 
Formulating a logic function, Sum of Products (SOP), 
Product of Sums (POS), Minimization using Boolean 
Algebra, De Morgan’s Theorems, Minimization using 
Karnaugh map (up to 4 variables), Quine-McClusky 
technique 
1,2,
3,4 
2."
MHSSCE_00652,SEM-II-NEP2024.pdf,academic_document,72,2,,"1,2,
3,4 
4 
1.2 
Formulating a logic function, Sum of Products (SOP), 
Product of Sums (POS), Minimization using Boolean 
Algebra, De Morgan’s Theorems, Minimization using 
Karnaugh map (up to 4 variables), Quine-McClusky 
technique 
1,2,
3,4 
2.

Logic 
Families 
2.1 
Characteristic parameters of logic families: Voltage and 
Current parameters, Fan in, Fan out, Noise margin, Power 
Dissipation, Propagation Delay 
TTL NAND gate and its transfer characteristics, CMOS 
inverter and transfer characteristics, comparison of TTL 
and CMOS logic families 
1,2,
3,4 
3 
3. Combinational 
Circuit Design 
3.1 
Full adders, ripple carry adders, Carry Look ahead 
Adders, Binary Subtractors 
 
1,2,
3,4 
5"
MHSSCE_00653,SEM-II-NEP2024.pdf,academic_document,73,1,,"122 
 
3.2 
 Multiplexer/ Demultiplexer, Encoders, Priority Encoders, 
Parity Generators, Code Converters, comparator, ALU 
3.3 
Static and dynamic hazards in combinational circuits 
4. Elements of 
Sequential 
Circuit 
4.1 
Storage elements: Latches and Flip-flops (S-R, J-K, D, T 
Flip-flop), Master Slave Flip-flop 
 
1,2,
3,4 
5 
4.2 
Synchronous and Asynchronous counters, Shift registers 
and their applications 
 
1,2,
3,4 
5. Analysis of 
Sequential 
circuits 
5.1 
Analysis of Moore and Mealy type Finite State Machines 
(FSM), State Reduction 
 
1,2,
3,4 
5 
5.2 
Introduction to Asynchronous Sequential circuits, 
Essential hazards in asynchronous sequential circuits 
 
1,2,
3,4 
6. Programmable 
devices 
 
Structure of Programmable Logic Devices (PLDs), 
Function implementation with PAL and PLAs, 
Introduction to CPLD and FPGA 
1,2,
3,4 
4 
Total 26 
 
 
Recommended Books: 
 
[1] John F. Wakerly, “Digital Design Principles and Practice”- Pearson Publications, 4th 
edition 
[2] Morris Mano, Michael D. Ciletti, “ Digital Design with introduction to Verilog HDL” 
Pearson, 5th edition 
[3] John M. Yarbrough, “Digital Logic Applications and Design” – Thomson Publications 
[4] Stephen Brown and ZvonkoVranesic, “Fundamentals of digital logic design with Verilog 
design”, McGraw Hill, 3rd Edition 
[5] Roth and Kinney, “Fundamentals of Logic Design”, Cengage learning,7th edition 
[6] J."
MHSSCE_00654,SEM-II-NEP2024.pdf,academic_document,73,2,,"Design” – Thomson Publications 
[4] Stephen Brown and ZvonkoVranesic, “Fundamentals of digital logic design with Verilog 
design”, McGraw Hill, 3rd Edition 
[5] Roth and Kinney, “Fundamentals of Logic Design”, Cengage learning,7th edition 
[6] J.

Bhaskar, A Verilog HDL Primer, Third Edition, Star Galaxy Publishing 
[8] Sameer Palnitkar, “Verilog HDL: A guide to digital design and synthesis” 
[7] William I. Fletcher, “An Engineering Approach to Digital Design”, PrenticeHall of India 
 
Online References: 
 
https://archive.nptel.ac.in/content/storage2/courses/106108099//Digital%20Systems.pdf 
 
Assessment: 
Internal Assessment (IA) for 20 marks each: 
• IA will consist of Two Compulsory Internal Assessment Tests. Approximately 40% to 
50% of the syllabus content must be covered in the IAT-I and the remaining 40% to 
50% of the syllabus content must be covered in the IAT-II. End Semester Theory Examination: 
➢ Question paper format"
MHSSCE_00655,SEM-II-NEP2024.pdf,academic_document,74,1,,"123 
 
• Question Paper will comprise a total of six questions each carrying 15 marks Q.1 will 
be compulsory and should cover the maximum contents of the syllabus 
• Remaining questions will be mixed in nature (part (a) and part (b) of each question 
must be from different modules. For example, if Q.2 has part (a) from Module 3 
then part (b) must be from any other Module randomly selected from all the 
modules) 
• A total of four questions need to be answered"
MHSSCE_00656,SEM-II-NEP2024.pdf,academic_document,75,1,,"124 
 
 
 
 
 
 
 
Course 
Code 
Course Name 
Teaching Scheme 
(Hrs/week) 
Credits Assigned 
PCL2014 
 
 
Digital Electronics Lab 
L 
T 
P 
L 
T 
P 
Total 
-- 
-- 
2 
-- 
-- 
1 
1 
Examination Scheme 
Term work 
Orals 
Total 
25 
25 
50 
 
Pre-requisite Course Codes Binary number system and codes, binary arithmetic 
 
 
Laboratory Objectives 
1. 
Simplification of the real life functions with multiple 
variables 
2 
Understand different Logic Families 
3. 
Construct combinational and Sequential circuits using given 
MSI devices. 
Laboratory Outcomes 
After the successful completion students should be able to 
LO 1 
Apply the knowledge of combinational circuits and MSI 
devices to design circuits. 
LO 2 
Analyze the given sequential circuits to identify the state 
transitions and race conditions. 
LO 3 
Implement the given logic function using programmable 
logic devices. 
 
 
 
Laboratory Experiments: 
 
Sr. 
No. 
Title of experiment 
Module 
Refere
nce 
1. 
To implement the combinational logic for a given function using 
basic gates and Universal gates. 
1 
1,2"
MHSSCE_00657,SEM-II-NEP2024.pdf,academic_document,76,1,,"125 
 
2. To simulate a CMOS inverter and to plot the transfer characteristics 
(using SPICE) 
2 
1,2 
3. a. To verify the function of 8 bit binary adder IC7483 
b. To implement a BCD adder using IC7483 
 
3 
1,2 
4. a. To implement the function of 8-bit Multiplexer using IC74151 
b. To implement a given 4 variable Boolean function using 
Multiplexer IC 74151 
3 
1,2 
5. To implement an 8-bit binary comparator using IC 7485 
 
3 
1,2 
6. a. To implement a Mod n asynchronous counter using flip-flops 
b. To implement a Mod n counter using IC 74163 
 
4 
1,2 
7. Implementation of a combinational circuit using reconfigurable 
devices 
a. To write an HDL code for the parity generator and simulate verify 
the operation by simulation. b. To implement the HDL code on FPGA and verify the operation. 6 
6,7 
8. Implementation of a sequential circuit using reconfigurable devices 
a. To write an HDL code for a 4-bit shift register and verify the 
operation by simulation. b. To implement the HDL code on FPGA and verify the operation. 6 
6,7 
 
Recommended Books: 
 
[1] Morris Mano, Michael D. Ciletti, “ Digital Design with introduction to Verilog HDL” 
Pearson, 5th edition 
[2] Sameer Palnitkar, “Verilog HDL: A guide to digital design and synthesis” 
[3] William I. Fletcher, “An Engineering Approach to Digital Design”, PrenticeHall of India 
 
Assessment: 
Term Work: Term Work shall consist of at least 10 to 12 practicals’ based on the above list."
MHSSCE_00658,SEM-II-NEP2024.pdf,academic_document,76,2,,"HDL: A guide to digital design and synthesis” 
[3] William I. Fletcher, “An Engineering Approach to Digital Design”, PrenticeHall of India 
 
Assessment: 
Term Work: Term Work shall consist of at least 10 to 12 practicals’ based on the above list.

Also, Term work Journal must include at least 2 assignments. Term Work Marks: 25 Marks (Total marks) = 15 Marks (Experiment) + 5 Marks 
(Assignments) + 5 Marks (Attendance) 
 
Practical & Oral Exam: An Oral & Practical exam will be held based on the above 
syllabus."
MHSSCE_00659,SEM-II-NEP2024.pdf,academic_document,77,1,,"126 
 
 
 
 
 
 
Course 
Code 
 
 
Course Name 
Theory 
Term 
work 
Pract 
/ 
Oral 
Total 
Internal Assessment 
(IAT) 
End 
Sem 
Exam 
Exam 
Duration 
(in Hrs) 
IAT- 
1 
IAT- 
II 
IAT-
I_TAT-
II 
(Total) 
PCC2015 
Introduction to 
Chemical 
Engineering 
20 
20 
40 
60 
2 
-- 
-- 
100 
 
Rationale: 
The course focuses on imparting a understanding of unit operations, unit processes, and key concepts like 
pH, solubility, specific gravity, and electrical conductivity essential for handling solutions and mixtures. Emphasis is placed on mastering these fundamentals to enhance operational efficiency and quality. Additionally, the course prioritizes safety awareness to prevent accidents and ensure workplace safety, 
equipping to mitigate risks in chemical processing environments. Course Objectives: 
1. To study chemical engineering principles, and essential chemical calculation. 2. To study fundamental principles and applications of various unit operations 
3. To study chemical reactions and applications of essential unit processes. 4. To study chemical processes and interpretation of flow sheets and block diagrams 
5. To study fundamental principles and techniques in chemical processes. 6. To study the various utilities in a Chemical plant. Course Outcomes: 
Gain knowledge of chemical engineering principles, industry applications, and essential chemical calculation."
MHSSCE_00660,SEM-II-NEP2024.pdf,academic_document,77,2,,"study fundamental principles and techniques in chemical processes. 6. To study the various utilities in a Chemical plant. Course Outcomes: 
Gain knowledge of chemical engineering principles, industry applications, and essential chemical calculation.

1) Understand the fundamental principles and applications of various unit operations in chemical 
engineering, including mechanical, mass, and heat transfer processes. 2) Understand the key chemical reactions and applications of essential unit processes used in industrial 
chemical production. 3) To analyze chemical processes, understand key performance metrics, and interpret flow sheets and 
block diagrams 
4) Understand fundamental principles and techniques for measuring parameters along with the 
importance and use of Personal Protective Equipment (PPE) in chemical processes. 5) Understand the use and management of utilities in a Chemical plant 
 
Prerequisite: 
HSC standard Physics, Chemistry and Maths 
DETAILED SYLLABUS: 
Course 
Code 
Course Name 
Teaching Scheme 
(Contact Hours) 
Credits Assigned 
Theory 
Pract. Tut. Theory 
Pract. Tut. Total 
PCC201
5 
Introduction to 
Chemical 
Engineering 
2 
- 
- 
2 
- 
- 
2"
MHSSCE_00661,SEM-II-NEP2024.pdf,academic_document,78,1,,"127 
 
Sr. No. Name of Module 
Detailed Content 
Hours 
CO 
Mapping 
0 
Prerequisite 
 
 
 
I 
INTRODUCTION 
Historical 
background, 
scope 
of 
chemical 
engineering, 
types 
of 
industries - nature and size of industries 
(large, medium, small scale). Units, 
dimensions, 
conversions 
and 
conversion factors. Basic concepts and basic chemical 
calculations: Concept of mole, weight 
percentage, 
mole 
percentage, 
normality, molarity, molality, vapour 
pressure, partial pressure. Dalton's law, 
Amagat's law 
04 
CO1 
II 
UNIT 
OPERATIONS 
 
Definitions, purpose and principles of 
unit 
operations 
like 
Mechanical 
operation: 
Size 
reduction, 
Size 
separation, Filtration, Sedimentation, 
Mixing. Mass 
transfer: 
Gas 
absorption, 
Desorption. Mass and Heat transfer: 
Distillation, Drying. • Heat transfer: Modes of heat 
transfer. • Fluid flow: Fluid handling. 04 
CO2 
III 
UNIT 
PROCESSES 
 
Unit processes with simple examples 
like 
Sulphonation, 
Oxidation, 
Reduction, Hydrogenation, Hydration, 
Saponification, 
Esterification, 
Nitration, 
Chlorination 
and 
Cracking/Pyrolysis 
04 
CO3 
IV 
BASIC 
CONCEPTS 
OF 
CHEMICAL 
PROCESSES 
Chemical Process, Definition of 
conversion, yield, reaction efficiency. Introduction to Process Flow 
sheets: block diagrams 
04 
CO4 
V 
PROCESS 
INSTRUMENTAT
ION AND 
SAFETY 
 
Temperature scales, measurement of 
temperatures 
using 
mercury 
thermometer. Pressure scales, units, measurement of 
pressure using manometers."
MHSSCE_00662,SEM-II-NEP2024.pdf,academic_document,78,2,,"to Process Flow 
sheets: block diagrams 
04 
CO4 
V 
PROCESS 
INSTRUMENTAT
ION AND 
SAFETY 
 
Temperature scales, measurement of 
temperatures 
using 
mercury 
thermometer. Pressure scales, units, measurement of 
pressure using manometers.

Level 
measurement 
using 
direct 
methods like bob and tape, float and 
tape, sight glass. • Flow measurement using rotameter. • Measurement of viscosity by using 
Redwood viscometer and density by 
using specific gravity bottle. • Personal Protective Equipment (PPE). 05 
CO5"
MHSSCE_00663,SEM-II-NEP2024.pdf,academic_document,79,1,,"128 
 
VI 
PLANT 
UTILITIES 
List and use of various utilities in 
chemical plant, 
Use of Water, Steam, Air & Inert 
Gases as utilities 
Steam Generator: Classification, 
comparison, components. Construction and working of 
(a) Locomotive Fire tube boiler 
(b) Lancashire boiler 
Factors affecting selection of Boiler 
 
05 
CO6 
Text Books: 
1. S.N. Saha, Fundamental Of Chemical Engineering, Dhanpat Rai Publishing Company New 
 Delhi 
2. Bhatt B. I & Vora S.M., Stoichiometry; Tata Mc Graw Hill Publication, New Delhi 
 
3. Ashoutosh Panday, Plant Utilities, Vipul Prakashan Mumbai 
 
References: 
1. Mc Cabe, W.L.Smith, Harriott, Unit Operation of Chemical Engineering, Mc Graw Hill 
 International 
2. Salil K.Ghosal,, Shyamal K. Sanyal, Siddhartha Datta, Introduction to Chemical Engineering, Tata Mc 
 Graw Hill publication Education Pvt Limited 
 3. Walter L.Badger, Julius T Banchero, Unit Operation of Chemical Engineering, Mc Graw Hill 
 International 
 
Online References: 
Sr. No. Website Name 
13. www.thechemicalengineers.com/ 
 
Assessment: 
Internal Assessment (IA) for 20 marks each: 
• IA will consist of Two Compulsory Internal Assessment Tests. Approximately 40% to 
50% of the syllabus content must be covered in the IAT-I and the remaining 40% to 
50% of the syllabus content must be covered in the IAT-II."
MHSSCE_00664,SEM-II-NEP2024.pdf,academic_document,79,2,,"for 20 marks each: 
• IA will consist of Two Compulsory Internal Assessment Tests. Approximately 40% to 
50% of the syllabus content must be covered in the IAT-I and the remaining 40% to 
50% of the syllabus content must be covered in the IAT-II.

End Semester Theory Examination: 
➢ Question paper format 
• Question Paper will comprise a total of six questions each carrying 15 marks Q.1 will 
be compulsory and should cover the maximum contents of the syllabus 
• Remaining questions will be mixed in nature (part (a) and part (b) of each question 
must be from different modules. For example, if Q.2 has part (a) from Module 3 
then part (b) must be from any other Module randomly selected from all the 
modules) 
• A total of four questions need to be answered"
MHSSCE_00665,SEM-II-NEP2024.pdf,academic_document,80,1,,"129 
 
 
 
 
 
 
 
 
Course 
Code 
Course Name 
Examination Scheme 
Theory Marks 
Term 
Work 
Practical/ 
Oral 
Total 
Internal assessment (IAT) 
End 
Sem. Exam 
IAT-I IAT-II 
IAT-I + 
IAT-II 
(Total) 
 
 
 
 
PCL2015 
Introduction 
to Chemical 
Engineering 
Lab 
-- 
-- 
-- 
-- 
25 
25 
50 
 
Lab Objectives: 
1. To enable the students to understand the development of a process from its chemistry 
2. Apply principles of basic sciences and chemical engineering for designing various size reduction 
and separation equipment 
3. Learn reactant properties influence reaction pathways and product formation. 4. To demonstrate the application of chemical process principles through the analysis of reaction 
5. To understand the primary mechanisms of sensors 
6. To understand construction and working principles boilers. Lab Outcomes: 
1. Outline laboratory procedures for the preparation of industrially important chemicals and products 
2. Acquire analytical skills for determination of particle size of solid mixture 
3. Understand reactant properties to reaction Mechanism and product formation. 4. Analyze and optimize chemical reactions by calculating and interpreting conversion, yield, and 
reaction efficiency metrics. 5 The student will be able to calculate the output of various measuring schemes 
 6. To explore the role of utilities, study boilers and cooling towers, and conduct data collection and 
 analysis for understanding industrial process efficiency and optimization."
MHSSCE_00666,SEM-II-NEP2024.pdf,academic_document,80,2,,"will be able to calculate the output of various measuring schemes 
 6. To explore the role of utilities, study boilers and cooling towers, and conduct data collection and 
 analysis for understanding industrial process efficiency and optimization.

Prerequisite: 
 
DETAILED SYLLABUS: 
 
Course 
Code 
Course Name 
Teaching Scheme 
(Contact Hours) 
Credits Assigned 
Theory 
Pract. Tut. Theory 
Pract. Tut. Total 
PCL201
5 
Introduction to 
Chemical 
Engineering Lab 
 
2 
- 
 
1 
- 
1"
MHSSCE_00667,SEM-II-NEP2024.pdf,academic_document,81,1,,"130 
 
Sr. No. Module 
Detailed Content 
Hours 
LO 
Mapping 
0 
Prerequisite 
 
 
 
I 
INTRODUCTION 
TO CHEMICAL 
ENGINEERING 
Volumetric 
Analysis: 
Types 
of 
Titration, Principle,Procedure and and 
apparatus used for volumetric analysis. Gravimetric analysis: Principle and 
types 
02 
L2,L3 
II 
UNIT 
OPERATIONS 
 
Size reduction and Seperation: Sieve 
analysis, Mesh Number, Dry and wet 
screening, 
Application 
of 
size 
distribution data 
02 
L2,L3 
III 
UNIT 
PROCESSES 
Reactant, Mechanism of reaction, 
condition and importance of reaction 
02 
L3 
IV 
BASIC 
CONCEPTS 
OF 
CHEMICAL 
PROCESSES 
Batch process, continuous process, 
separation, 
purification 
and 
formulation 
3 
 
Effectiveness of screen 
 
02 
L3 
V 
PROCESS 
INSTRUMENTAT
ION AND 
SAFETY 
 
Introduction 
Standards 
and 
Calibration, Elements of Measuring 
Systems, 
Classification 
of 
Instruments, 
Performance Characteristics, Errors 
in Measurement. 02 
L2 
VI 
PLANT 
UTILITIES 
Role of utilities, study of Boiler 
and cooling Tower, data 
collection and analysis. 02 
L2 
 
Text Books: 
 
1. S.N.Saha, Fundamental Of Chemical Engineering, Dhanpat Rai Publishing Company New 
 Delhi 
2. Bhatt B. I & Vora S.M.,Stoichiometry; Tata Mc Graw Hill Publication,New Delhi 
3. Ashoutosh Panday, Plant Utilities, Vipul Prakashan Mumbai 
 
References: 
1. Mc Cabe, W.L.Smith, Harriott, Unit Operation of Chemical Engineering, Mc Graw Hill 
 International 
2. Salil K.Ghosal,, Shyamal K."
MHSSCE_00668,SEM-II-NEP2024.pdf,academic_document,81,2,,"Mc Graw Hill Publication,New Delhi 
3. Ashoutosh Panday, Plant Utilities, Vipul Prakashan Mumbai 
 
References: 
1. Mc Cabe, W.L.Smith, Harriott, Unit Operation of Chemical Engineering, Mc Graw Hill 
 International 
2. Salil K.Ghosal,, Shyamal K.

Sanyal, Siddhartha Datta, Introduction to Chemical Engineering, Tata Mc 
 Graw Hill publication Education Pvt Limited 
 3. Walter L.Badger, Julius T Banchero, Unit Operation of Chemical Engineering, Mc Graw Hill 
 International 
 
Online Resources: 
Sr. No. Website Name 
1 
www.thechemicalengineers.com/ 
 
 
List of Experiments."
MHSSCE_00669,SEM-II-NEP2024.pdf,academic_document,82,1,,"131 
 
Assessment: 
Term Work: Term Work shall consist of at least 10 to 12 practicals’ based on the above list. 
Also, Term work Journal must include at least 2 assignments. 
 
Term Work Marks: 25 Marks (Total marks) = 15 Marks (Experiment) + 5 Marks 
(Assignments) + 5 Marks (Attendance) 
 
Practical & Oral Exam: An Oral & Practical exam will be held based on the above 
syllabus. 
 
 
 
 
 
 
Course 
Code 
 
 
Course Name 
Theory 
Term 
work 
Pract 
/ Oral 
Total 
Internal Assessment 
(IAT) 
End 
Sem 
Exam 
Exam 
Duration 
(in Hrs) 
IAT-I 
IAT-
II 
IAT-I 
+ 
IAT-
II 
(Tota
l) 
PCC20
16 
Elements of 
Telecommunication 
20 
20 
40 
60 
2 
– 
– 
100 
 
 
Sr No 
List of Experiments 
Hrs 
01 
Preparation of standard solutions and to find normality and deviation factor.[Any 
two] 
2 
02 
Gravimetric estimation of Barium as BaCl2, Tin as SnCl2 
2 
03 
Sieve Analysis 
2 
04 
Effectiveness of Screen 
2 
05 
Saponification of Ethyl Acetate 
2 
06 
Preparion of Biodisel 
2 
07 
Preparation of Rubber latex ball 
2 
08 
Gravimetric estimation 
2 
09 
Chemical Process 
2 
10 
Flow measurement 
2 
11 
Pressure measurements 
2 
12 
Level measurements 
2 
13 
Temperature measurements 
2 
14 
Hardness of water 
2 
15 
Study of Boiler 
2 
16 
Study of Cooling tower 
2 
Course 
Code 
Course Name 
Teaching Scheme 
(Contact Hours) 
Credits Assigned 
Theory 
Pract. 
Tut. 
Theory 
Pract. 
Tut. 
Total 
PCC201
6 
Elements of 
Telecommunication 
2 
- 
- 
2 
 
- 
2"
MHSSCE_00670,SEM-II-NEP2024.pdf,academic_document,83,1,,"132 
 
Course Objectives: 
 
1 To provide students with a foundational understanding of wireless communication systems. 2 To understand the basic principles of fiber optic communication. 3 To learn computer network fundamentals 
 4 To understand the basics of analog 
 5. To digital communication system 
6 To provide students with a foundational understanding of satellite 
 
Course Outcomes: -Students will be able to:- 
 
CO1: Understand basics of analog communication system 
CO2: Explain basics of digital communication system 
CO3: Learn the fundamental key concepts of computer networks 
CO4: Know the various elements of mobile communication systems. CO5: Understand the fundamentals of Fiber Optical Communication System. CO6: Describe the fundamentals of the satellite communication system. DETAILED SYLLABUS: 
 
Sr. No. Name of Module 
Detailed Content 
Hours 
CO 
Mapping 
0 
Prerequisite 
 
 
 
1 
Analog 
Communication 
Introduction to Communication 
Systems, Analog & Digital Signal, 
Need for Modulation and 
Demodulation. Amplitude and 
Frequency Modulation and 
Demodulation. 4 
CO1 
2 
Digital 
Communication 
Introduction to Digital 
Communication, Definition of 
sampling theorem, Pulse Code 
Modulation, Basics of ASK, FSK & 
PSK waveforms. 4 
CO2 
3 
Computer 
Communication 
Network 
Introduction to Computer Network, 
Network Topologies, TCP/IP and 
OSI Model, Data Communication 
and Transmission Media."
MHSSCE_00671,SEM-II-NEP2024.pdf,academic_document,83,2,,"of 
sampling theorem, Pulse Code 
Modulation, Basics of ASK, FSK & 
PSK waveforms. 4 
CO2 
3 
Computer 
Communication 
Network 
Introduction to Computer Network, 
Network Topologies, TCP/IP and 
OSI Model, Data Communication 
and Transmission Media.

4 
CO3 
4 
Mobile 
Communication 
Introduction to wireless 
communication:Mobile Radio 
Telephony, Types of mobile 
wireless services/systems – 
Cellular, Standard, Introduction to 
2G, 3G, 4G and 5G technologies. 5 
CO4"
MHSSCE_00672,SEM-II-NEP2024.pdf,academic_document,84,1,,"133 
 
5 
Fiber Optical 
Communication 
Introduction to Basics of Fiber Optic 
Communication, 
Historical 
Development, 
Reflection, 
Refraction, 
and 
Dispersion, 
structure 
of 
Optical 
Fibers, 
Advantages 
& 
Disadvantages, 
Applications 
of 
Fiber 
Optics 
Communication. 5 
CO5 
6 
Satellite 
Communication 
 Introduction to Satellite 
Communication, types of satellites, 
Applications of satellite 
communication systems, Frequency 
bands used in satellite 
communication, such as C-band, 
Ku-band, and Ka-band. Components of satellite 
communication systems. 4 
CO6 
Text Books: 
1. ""Electronics Communications System"" by George Kennedy. 2. “Optical Fiber Communications” by Gerd Keiser, 5th Edition 
3. ""Data Communications and Networking"" by Behrouz A. Forouzan, Fifth Edition TMH, 2013. 4. T. Pratt, C. Bostian, and J. Allnutt, Satellite Communications, 2nd ed., Wiley, 2002. References: 
1. Simon Haykin, “Communication Systems”, 4th Edition, John Wiley & Sons, 2004. 2. Optical Fiber Communication: Principles and Practice, John M. Senior, 3rd edition. 3. M. Richharia and L. K. T. S. Mhurchu, Satellite Communications Systems: Systems, Techniques and 
Technology, 6th ed., Wiley, 2020. Online References: 
Sr. No. Website Name 
1. Analog Communication By Prof. Goutam Das (IIT Kharagpur); 
https://swayam.gov.in/nd1_noc20_ee69/preview 
2."
MHSSCE_00673,SEM-II-NEP2024.pdf,academic_document,84,2,,"Satellite Communications Systems: Systems, Techniques and 
Technology, 6th ed., Wiley, 2020. Online References: 
Sr. No. Website Name 
1. Analog Communication By Prof. Goutam Das (IIT Kharagpur); 
https://swayam.gov.in/nd1_noc20_ee69/preview 
2.

https://nptel.ac.in/courses/108/101/108101113/ 
3 
https://nptel.ac.in/courses/117/101/117101050/ 
4 
http://nptel.ac.in/courses/117104099/ - (Advanced 3G and 4G Wireless Mobile 
communications) 
5 
https://www.iitg.ac.in/psm/qip2015/material/Subir_Bandyopadhyay_Lecture1.pdf 
6 
https://archive.nptel.ac.in/courses/117/105/117105131/ 
 
 
Assessment: 
Internal Assessment (IA) for 20 marks each: 
• IA will consist of Two Compulsory Internal Assessment Tests. Approximately 40% to 
50% of the syllabus content must be covered in the IAT-I and the remaining 40% to 
50% of the syllabus content must be covered in the IAT-II."
MHSSCE_00674,SEM-II-NEP2024.pdf,academic_document,85,1,,"134 
 
End Semester Theory Examination: 
➢ Question paper format 
• Question Paper will comprise a total of six questions each carrying 15 marks Q.1 will 
be compulsory and should cover the maximum contents of the syllabus 
• Remaining questions will be mixed in nature (part (a) and part (b) of each question 
must be from different modules. For example, if Q.2 has part (a) from Module 3 
then part (b) must be from any other Module randomly selected from all the 
modules) 
• A total of four questions need to be answered 
 
 
 
 
Course 
Code 
Course Name 
Teaching Scheme 
(Contact Hours) 
Credits Assigned 
Theory 
Pract. Tut. Theory 
Pract. Tut. Total 
PCL201
6 
Elements of 
Telecommunication 
Lab 
- 
2 
- 
- 
1 
- 
1 
 
 
Course 
Code 
Course Name 
Examination Scheme 
Theory Marks 
Term 
Work 
Practical/ 
Oral 
Total 
Internal assessment 
(IAT) 
End 
Sem. Exam 
IAT
-I IAT-II 
IAT-I + 
IAT-II 
(Total) 
PCL2016 
Elements of 
Telecommun
ication Lab 
-- 
-- 
-- 
-- 
25 
25 
75 
 
Lab Objectives: - 
1. To demonstrate generation and detection of analog modulation techniques. 2. To demonstrate generation and detection of digital modulation techniques. 3. To illustrate the different computer network topology. 4. To illustrate the mobile various AT commands of GSM & to know about parameters of Wi-Fi. 5. To make use of modern tools for simulation of communication systems. 6. To provide practical experience in simulating satellite communication."
MHSSCE_00675,SEM-II-NEP2024.pdf,academic_document,85,2,,"topology. 4. To illustrate the mobile various AT commands of GSM & to know about parameters of Wi-Fi. 5. To make use of modern tools for simulation of communication systems. 6. To provide practical experience in simulating satellite communication.

Lab Outcomes: Students will be able to 
LO1: Demonstrate the concepts of AM and FM 
LO2: Compare digital modulation techniques PCM, ASK, FSK 
LO3: Simulate a computer network using various network components 
 LO4: Use of AT Commands in mobile device"
MHSSCE_00676,SEM-II-NEP2024.pdf,academic_document,86,1,,"135 
 
 LO5: Setting up of optical fiber link 
 LO6: Simulate satellite communication scenarios. DETAILED SYLLABUS: 
Sr. No. Module 
Detailed Content 
Hours 
LO 
Mapping 
 
 
 
 
 
I 
Analog 
Communication 
Modulation and Demodulation 
Techniques like AM and FM 
2 
LO1 
II 
Digital 
Communication 
Digital Modulation technique like 
PCM, ASK, FSK 
4 
LO2 
III 
Computer 
Communication 
Network 
Network topologies and devices. Implementation of above topologies 
using open source softwares.. 2 
LO3 
IV 
Mobile 
Communication 
AT commands for GSM. Demonstrate 
AT commands. To know and study 
various parameters of Wi-Fi / Access 
points 
4 
LO4 
V 
Fiber Optical 
Communication 
Components of Fibre Optic 
Communication 
2 
LO5 
VI 
Satellite 
Communication 
Components of Satellite 
Communication 
2 
LO6 
 
Text Books: 
1. ""Electronics Communications System"" by George Kennedy. 2. “Optical Fiber Communications” by Gerd Keiser, 5th Edition 
3. ""Data Communications and Networking"" by Behrouz A. Forouzan, Fifth Edition TMH, 2013. 4. T. Pratt, C. Bostian, and J. Allnutt, Satellite Communications, 2nd ed., Wiley, 2002. References: 
1. Simon Haykin, “Communication Systems”, 4th Edition, John Wiley & Sons, 2004. 2. Optical Fiber Communication: Principles and Practice, John M. Senior, 3rd edition. 3. M. Richharia and L. K. T. S. Mhurchu, Satellite Communications Systems: Systems, Techniques and 
Technology, 6th ed., Wiley, 2020. Online Resources: 
Sr. No. Website Name 
1."
MHSSCE_00677,SEM-II-NEP2024.pdf,academic_document,86,2,,"Communication: Principles and Practice, John M. Senior, 3rd edition. 3. M. Richharia and L. K. T. S. Mhurchu, Satellite Communications Systems: Systems, Techniques and 
Technology, 6th ed., Wiley, 2020. Online Resources: 
Sr. No. Website Name 
1.

Analog Communication By Prof. Goutam Das (IIT Kharagpur); 
https://swayam.gov.in/nd1_noc20_ee69/preview 
2. https://nptel.ac.in/courses/108/101/108101113/ 
3. https://nptel.ac.in/courses/117/101/117101050/ 
4 
http://nptel.ac.in/courses/117104099/ - (Advanced 3G and 4G Wireless Mobile 
communications) 
5 
https://www.iitg.ac.in/psm/qip2015/material/Subir_Bandyopadhyay_Lecture1.pdf 
6 
https://archive.nptel.ac.in/courses/117/105/117105131/ 
 
List of Experiments:"
MHSSCE_00678,SEM-II-NEP2024.pdf,academic_document,87,1,,"136 
 
 
 
 
 
 
 
 
 
 
 
 
 
Assessment: 
Term Work: Term Work shall consist of at least 10 to 12 practicals’ based on the above list. 
Also, Term work Journal must include at least 2 assignments. 
 
Term Work Marks: 25 Marks (Total marks) = 15 Marks (Experiment) + 5 Marks 
(Assignments) + 5 Marks (Attendance) 
 
Practical & Oral Exam: An Oral & Practical exam will be held based on the above 
syllabus. 
 
 
 
 
 
 
 
 
 
 
 
 
 
 
 
 
 
 
 
 
 
Sr No 
List of Experiments 
Hrs 
01 
Simulation /Hands on modulation techniques AM 
2 
02 
Simulation /Hands on modulation techniques FM. 
2 
03 
Simulation /Hands on digital techniques PCM. 
2 
04 
Simulation /Hands on digital techniques ASK. 
2 
05 
Simulation /Hands on digital techniques FSK. 
2 
06 
Simulation/Setting up of star topology using packet tracer (Open 
Source Softwares). 
2 
07 
Simulation/Setting up of ring topology using packet tracer (Open 
Source Softwares). 
2 
08 
Simulation/Setting up of mesh/tree topology using packet tracer (Open 
Source Softwares). 
2 
09 
Simulation/Setting up of bus topology using packet tracer (Open 
Source Softwares). 
2 
10 
Test the AT commands on mobile devices using open softwares. 
2 
11 
To study parameters of Wi-Fi (IEEE 802.11) 
2 
12 
Simulation of Satellite Communication System. 
2 
13 
Setting up/ Simulate Analog fiber optic communication System 
using open source software 
2 
14 
Setting up/ Simulate Digital fiber optic communication System 
using open source software 
2"
MHSSCE_00679,SEM-II-NEP2024.pdf,academic_document,88,1,,"137 
 
 
 
 
 
 
 
 
 
 
 
Course Objectives: 
1. To list & describe the different methods of Power generation 
2. To elaborate the various types of transmission lines 
3. To discuss the various types of electrical loads 
4. To understand and calculate the power consumption in electrical system 
5. To explain the various types of electrical energy storage system 
6. To discuss the various types of electrical meters 
 
Course Outcomes: 
1. Understand the different methods of Power generation 
2. Evaluate the sending end and receiving end voltage of transmission line 
3. Study the various types of electrical loads 
 4. Understand the ratings and calculate the electrical energy consumption 
 5. Study the various types of electrical storage 
 6. Illustrate the working of different types of meters in electrical system 
\ 
DETAILED SYLLABUS: 
 
Sr. No. Name of Module 
Detailed Content 
Hours 
CO 
Mappin
g 
I 
Generation of 
Electrical Power 
Overview of different methods of Power 
generation: thermal (fossil fuels, nuclear), 
renewable (solar, wind, hydro, geothermal), nuclear 
and emerging technologies (tidal, wave, biomass)."
MHSSCE_00680,SEM-II-NEP2024.pdf,academic_document,88,2,,"Hours 
CO 
Mappin
g 
I 
Generation of 
Electrical Power 
Overview of different methods of Power 
generation: thermal (fossil fuels, nuclear), 
renewable (solar, wind, hydro, geothermal), nuclear 
and emerging technologies (tidal, wave, biomass).

Layout of hydroelectric power station, thermal 
power plant, solar generation, nuclear power plant 
06 
CO1 
Course 
Code 
Course Name 
Theory 
 
 
Total 
Internal Assessment 
(IAT) 
End 
Sem 
Exam 
Exam 
Duration 
(in Hrs) 
IAT-
I 
IAT-
II 
IAT-I 
+ IAT-
II 
(Total) 
PCC2017 
Elements of Electrical 
Systems 
20 
20 
40 
60 
2 
 
 
100 
Course 
Code 
Course Name 
Teaching Scheme (Contact 
Hours) 
Credits Assigned 
Theory 
Pract. Tut. Theory 
Pract. Tut. Total 
PCC2017 
Elements of 
Electrical Systems 
2 
2 
- 
2 
- 
- 
2"
MHSSCE_00681,SEM-II-NEP2024.pdf,academic_document,89,1,,"138 
 
with their advantages and disadvantages. Cost of 
generation, peak load and base load plant. II 
Transmission 
 
Short, medium and long transmission lines, Types 
of conductors used, Single phase transmission line, 
3 phase transmission line (single circuit and double 
circuit). Application of KVL, KCL to find sending end and 
receiving end voltage. Calculations of Power 
transmitted 
04 
CO2 
III 
Utilization of 
Electrical Energy 
Electric Power Distribution: Generation, 
Transmission and distribution systems: grid 
structure, voltage levels. Types of loads: Residential: lighting load, 
refrigeration and air conditioning, washing 
machine. Agricultural load: pumps. Industrial load: Electrical Drives- AC-DC, furnace, 
Electric heating & welding, Machines (Motors and 
generators: AC vs. DC) 
07 
CO3 
IV 
Ratings & 
Calculation of 
Energy 
Consumption 
Power rating of household appliances such as tube 
light, fan, air conditioners, PCs, laptops, printers, 
etc. Definition of “unit” used for consumption of 
electrical energy, understand the calculation of 
electricity bill for LT & HT consumers. 03 
CO4 
V 
Energy Storage 
Battery Technologies: Chemistry basics: lead-acid, 
lithium-ion, sodium-ion, solid-state batteries. Charging and discharging characteristics. Battery 
management systems (BMS). Battery storage: types (lead-acid, lithium-ion, flow 
batteries), applications."
MHSSCE_00682,SEM-II-NEP2024.pdf,academic_document,89,2,,"Technologies: Chemistry basics: lead-acid, 
lithium-ion, sodium-ion, solid-state batteries. Charging and discharging characteristics. Battery 
management systems (BMS). Battery storage: types (lead-acid, lithium-ion, flow 
batteries), applications.

03 
CO5 
VI 
Measurement in 
Electrical Energy 
Systems 
Importance of measurement in electrical energy 
systems. Basic principles of electrical 
measurements: instruments and techniques. Moving coil and Moving iron Ammeters & 
Voltmeters, Power measurement by wattmeter in 
single phase circuit 
 
03 
CO6 
 
Text Books: 
1. Mahesh Verma, Power Plant Engineering, Metrolitan Book Co Pvt Ltd 
2. RK Rajput, A Text Book of Power System engineering, Laxmi Publication 
3. D. P. Kothari, I. J. Nagrath, Power System Engineering, 3 Edition, Mc GrawHill 
4. B.R. Gupta, Power System Analysis And Design, S.Chand 
5. Mehta V.K., Principles of Power System, S Chand"
MHSSCE_00683,SEM-II-NEP2024.pdf,academic_document,90,1,,"139 
 
6. AK Sawhney, Electrical & Electronic Measurements and Instrumentation, Dhanpat Rai & Sons 
7. Dincer I., and Rosen M. A. (2011); Thermal Energy Storage: Systems and Applications,Wiley 
 
References: 
1. W. D. Stevenson, Elements of Power System, 4 Edition TMH 
2. Trevor M. Letcher, Storing Energy with Special Reference to Renewable Energy Source, Elsevier, 2016. 
3. RS Sirohi & Radhakrisnan, Electrical Measurement & Instrumentation, New Age International 
 
Online References: 
Sr. No. 
Website Name 
1 
https://www.energy.gov/eere/renewable-energy 
 
Assessment: 
Internal Assessment (IA) for 20 marks each: 
• IA will consist of Two Compulsory Internal Assessment Tests. Approximately 40% to 
50% of the syllabus content must be covered in the IAT-I and the remaining 40% to 
50% of the syllabus content must be covered in the IAT-II. 
End Semester Theory Examination: 
➢ Question paper format 
• Question Paper will comprise a total of six questions each carrying 15 marks Q.1 will 
be compulsory and should cover the maximum contents of the syllabus 
• Remaining questions will be mixed in nature (part (a) and part (b) of each question 
must be from different modules. For example, if Q.2 has part (a) from Module 3 
then part (b) must be from any other Module randomly selected from all the 
modules) 
• A total of four questions need to be answered"
MHSSCE_00684,SEM-II-NEP2024.pdf,academic_document,91,1,,"140 
 
 
 
 
Course 
Code 
Course Name 
Teaching Scheme 
(Contact Hours) 
Credits Assigned 
Theory 
Pract. Tut. Theory 
Pract. Tut. Total 
PCL2017 
Elements of 
Electrical Systems 
Lab 
- 
2 
- 
- 
1 
- 
1 
 
 
Course 
Code 
Course Name 
Examination Scheme 
Theory Marks 
Term 
Work 
Practical/ 
Oral 
Total 
Internal assessment 
(IAT) 
End 
Sem. Exam 
IAT-
I 
IAT-II 
IAT-I 
+IAT-II 
(Total) 
PCL2017 
Elements of 
Electrical 
Systems Lab 
-- 
-- 
-- 
-- 
25 
25 
50 
 
Lab Objectives: 
 
1. Evaluate the performance of transmission lines. 2. Understand the performance parameters of a generator. 3. Evaluate the characteristics of batteries. 4 Study the operation and performance of an electric motor. 5 Analyze the performance of renewable energy sources. 6.Familiarize with electrical measurement techniques. Lab Outcomes: 
 
1) To study various aspects of performance of different renewable energy sources. 2) To analyze the operational behavior of batteries and energy storage. 3) To evaluate the efficiency and performance of DC machines (motor and generator) under varying 
speed and load conditions. 4) To demonstrate the effective use of various meters to perform voltage, current and power 
measurements of single and three phase circuits. 5) To study the nature of V-I characteristics for single phase and three phase loads. 6) To analyze the behavior of a transmission line under varying load conditions 
 
Online Resources: 
Sr. No. Website Name 
1."
MHSSCE_00685,SEM-II-NEP2024.pdf,academic_document,91,2,,"of single and three phase circuits. 5) To study the nature of V-I characteristics for single phase and three phase loads. 6) To analyze the behavior of a transmission line under varying load conditions 
 
Online Resources: 
Sr. No. Website Name 
1.

https://www.vlab.co.in/broad-area-electrical-engineering 
2. https://www.vlab.co.in/broad-area-electronics-and-communications"
MHSSCE_00686,SEM-II-NEP2024.pdf,academic_document,92,1,,"141 
 
 
List of Experiments. Assessment: 
Term Work: Term Work shall consist of at least 10 to 12 practicals’ based on the above list. Also, Term work Journal must include at least 2 assignments. Term Work Marks: 25 Marks (Total marks) = 15 Marks (Experiment) + 5 Marks 
(Assignments) + 5 Marks (Attendance) 
 
Sr No 
List of Experiments 
01 
Measure and plot the no load magnetization (open circuit) characteristic (V-I curve) 
of a DC generator. 02 
Calculate efficiency and voltage regulation of DC generator using external 
characteristics. 03 
Case study to get the current-voltage (I-V) characteristics of a solar PV panel under 
different light intensities (simulated using lamps). 04 
Calculate the MPPT of a solar PV panel under different light intensities (simulation 
using lamps). 05 
Measure speed-torque characteristics of a DC motor under different load conditions. 06 
Calculate efficiency and analyze the starting and running performance of a DC motor 
under different load conditions. 07 
Measure charge-discharge characteristics of different types of batteries (e.g., lead-
acid, lithium-ion). 08 
To analyze efficiency, capacity, and voltage profiles of different types of batteries 
(e.g., lead-acid, lithium-ion) (simulation based or hands on). 09 
Perform voltage, current and power measurements in single phase circuit using 
analog meters and verify Ohm's law."
MHSSCE_00687,SEM-II-NEP2024.pdf,academic_document,92,2,,"capacity, and voltage profiles of different types of batteries 
(e.g., lead-acid, lithium-ion) (simulation based or hands on). 09 
Perform voltage, current and power measurements in single phase circuit using 
analog meters and verify Ohm's law.

10 
Perform voltage, current and power measurements in single phase circuit using 
digital meters and verify Ohm's law. 11 
Perform voltage, current and power measurements in three phase circuit using 
analog meters and verify Ohm's law. 12 
Perform voltage, current and power measurements in three phase circuit using 
digital meters and verify Ohm's law. 13 
To perform load test using 1- phase and 3 phase sources and loads using 
MATLAB Simulink 
14 
To deduce the transmission line performance i.e. sending end voltage and 
receiving end voltage for long, medium and short transmission lines using 
MATLAB Simulink. 15 
Generation of sinusoidal voltage waveform using MATLAB Simulink. 16 
Simulation of transmission line model using MATLAB Simulink 
17 
To perform speed control of DC motor using MATLAB Simulink 
18 
To perform practical using breadboard to extract the charging and discharging 
characteristics of capacitor. 19 
Case Study to compare efficiency and reliability of different renewable energy 
sources 
20 
Case Study to analyze the effectiveness of energy storage in balancing supply 
and demand in distribution networks."
MHSSCE_00688,SEM-II-NEP2024.pdf,academic_document,93,1,,"142 
 
Practical & Oral Exam: An Oral & Practical exam will be held based on the above 
syllabus. Course 
Code 
Course Name 
Theory 
 
 
Total 
Internal Assessment 
(IAT) 
End 
Sem 
Exam 
Exam 
Duration 
(in Hrs) 
IAT-
I 
IAT-
II 
IAT-I 
+ IAT-
II 
(Total) 
PCC2018 
Elements of 
Mechanical 
Engineering 
20 
20 
40 
60 
2 
 
 
100 
 
Course Objectives: 
1. To familiarize with various Mechanical Engineering domains. 2. To provide insights on fundamental concepts in mechanical engineering. 3. To familiarize with latest technological developments in Mobility and Manufacturing 
domains. Outcomes: Learner will be able to… 
1. Understand the role of mechanical engineering in industry, society and concept of 
thermodynamics. 2. Illustrate working of gas power cycles and components used in I.C.Engines. 3. Compare and evaluate various types of coupling, clutches, brakes and belt and gear drives. 4. Comprehend various types of Refrigerants and concept of Air conditioning along with modern 
manufacturing processes 
5. Identify and describe various advancements in Mobility domain. 6. Compare and classify various Engineering Materials and their properties. Module 
Details 
Hrs. 1. Introduction to Mechanical Engineering Domain: 
Role of Mechanical Engineering in Industry and Society, Application of 
Mechanical Engineering in various domains such as Automobile, Aerospace, 
04 
Course 
Code 
Course Name 
Teaching Scheme (Contact 
Hours) 
Credits Assigned 
Theory 
Pract. Tut. Theory 
Pract."
MHSSCE_00689,SEM-II-NEP2024.pdf,academic_document,93,2,,"Engineering in Industry and Society, Application of 
Mechanical Engineering in various domains such as Automobile, Aerospace, 
04 
Course 
Code 
Course Name 
Teaching Scheme (Contact 
Hours) 
Credits Assigned 
Theory 
Pract. Tut. Theory 
Pract.

Tut. Total 
PCC2018 
Elements of 
Mechanical 
Engineering 
2 
2 
- 
2 
- 
- 
2"
MHSSCE_00690,SEM-II-NEP2024.pdf,academic_document,94,1,,"143 
 
Energy, Manufacturing etc 
Fundamentals of Mechanical Engineering: 
Concept of Prime Mover, Sources of Energy, Force and Mass, Pressure, Work, 
Power, Energy, Temperature, Heat. Basic Concept of Thermodynamics: 
Definition, Microscopic and Macroscopic approach, System, Boundary and 
Surrounding, Thermodynamic properties Zeroth Law of Thermodynamics 
First law of thermodynamics, Internal Energy, Concept of Enthalpy and Entropy 
2. Gas Power Cycles: 
Definition of Cycle, Air standard efficiency, Carnot cycle, Otto cycle, Diesel cycle, 
Dual combustion cycle, Atkinson cycle, and Brayton cycle(Gas turbine cycle) 
Internal Combustion Engines: 
Heat Engine, Classification of IC Engine, Components of IC Engine, Terms 
associated with IC Engine, Indicator diagram, Two stroke cycle engine, Four 
stroke cycle engine, Comparison between S.I and C.I engine. 06 
3. Couplings, Clutches and Brakes 
Types of Coupling-Rigid and flexible 
Types of clutch-Friction and positive contact clutches 
Classification of brakes and mechanical brakes 
Mechanical Power transmission: 
Belt drives-Components of belt drive and types of velocity ratio, Types of belt drives 
(Flat belt, V-belt etc) and its applications, Concept of rope and chain drives. Gear Drives-Types of gears and velocity ratio, Simple and Compound gear trains 
05 
4. Refrigeration and Air conditioning: 
Application of refrigeration, Principle of refrigeration, Refrigeration system and 
Refrigerants."
MHSSCE_00691,SEM-II-NEP2024.pdf,academic_document,94,2,,"of rope and chain drives. Gear Drives-Types of gears and velocity ratio, Simple and Compound gear trains 
05 
4. Refrigeration and Air conditioning: 
Application of refrigeration, Principle of refrigeration, Refrigeration system and 
Refrigerants.

Air conditioning: Temperature, Humidity of air, Purity of air, Air circulation, Noise 
level 
Introduction to Modern manufacturing tools and techniques 
Components of CNC, Advantages of CNC, CNC machining centers and turning centers, 
Concept of Smart Manufacturing and Industrial IOT. 05 
5. Insights into future of mobility: 
Hybrid Electric Vehicle-Components, Series and parallel hybrids 
Electric Vehicle- PHEV,EREV,BEV and drives based on Battery and Motor locations 
Autonomous vehicles- SAE Taxonomy of Autonomous vehicles 
04 
6. Engineering Materials: 
Classification of materials- Biomaterials, Advanced materials, Smarts Materials, 
Nanotechnology and Nanomaterials. Mechanical Properties of Metals, Ferrous Metals and Alloys, Non ferrous metals and 
alloys, Polymers and plastics, Ceramic materials and Composite materials 
06 
#- Laboratory component of two hours 
TEXT/REFERENCE BOOKS:- 
1. Elements of Mechanical Engineering,V.K.Manglik 
2. Elements of Mechanical Engineering, R.K.Rajput 
3. Basic and Applied Thermodynamics, P.K.Nag, Tata McGraw Hill 2nd Ed., 2002 
4. Internal Combustion Engine, V Ganesan, TMH"
MHSSCE_00692,SEM-II-NEP2024.pdf,academic_document,95,1,,"144 
 
5. Electric Vehicle Technology Explained, James Larminie, John Lowry, Wiley 
List of Experiments: (Minimum 6 experiments to be submitted as a part of Teamwork) 
1. Study Visit to any Industry in either Automobile/Aerospace/Energy/Manufacturing 
engineering unit. 2. Dismantling and Assembly of S.I or C.I Engine. 3. Demonstration of any machine consisting gear train. 4. Demonstration of working of Coupling, clutch and brakes. 5. Demonstrate Components and Working principles of Domestic Refrigerator. 6. Study/visit any commercial centralized Air-Conditioning unit, understand various components 
and operations, and prepare a comprehensive report. 7. Study/Visit an Industry using CNC/ modern techniques and submit a report. 8. Demonstrate working of CNC machine with an appropriate application. 9. Prepare a case study/Report on any working HEV/EV/FCEV. 10. Prepare a case study on various materials used/selected for any industrial application (Gears 
/A.C. Unit/Solar panel/Automobile/Rocket/Airplane etc.) and its importance. Assessment: 
Internal Assessment (IA) for 20 marks each: 
• IA will consist of Two Compulsory Internal Assessment Tests. Approximately 40% to 
50% of the syllabus content must be covered in the IAT-I and the remaining 40% to 
50% of the syllabus content must be covered in the IAT-II."
MHSSCE_00693,SEM-II-NEP2024.pdf,academic_document,95,2,,"for 20 marks each: 
• IA will consist of Two Compulsory Internal Assessment Tests. Approximately 40% to 
50% of the syllabus content must be covered in the IAT-I and the remaining 40% to 
50% of the syllabus content must be covered in the IAT-II.

End Semester Theory Examination: 
➢ Question paper format 
• Question Paper will comprise a total of six questions each carrying 15 marks Q.1 will 
be compulsory and should cover the maximum contents of the syllabus 
• Remaining questions will be mixed in nature (part (a) and part (b) of each question 
must be from different modules. For example, if Q.2 has part (a) from Module 3 
then part (b) must be from any other Module randomly selected from all the 
modules) 
• A total of four questions need to be answered"
MHSSCE_00694,SEM-II-NEP2024.pdf,academic_document,96,1,,"145 
 
 
 
Course 
Code 
Course Name 
Teaching Scheme 
(Contact Hours) 
Credits Assigned 
Theory 
Pract. Tut. Theory 
Pract. Tut. Total 
PCL201
8 
Elements of 
Mechanical 
Engineering Lab 
- 
2 
- 
- 
1 
- 
1 
 
 
Course 
Code 
Course Name 
Examination Scheme 
Theory Marks 
Term 
Work 
Practical/ 
Oral 
Total 
Internal assessment 
End 
Sem. Exam 
IAT-
I 
IAT-II 
IAT-I + 
IAT-II 
(Total) 
PCL2018 
Elements of 
Mechanical 
Engineering 
Lab 
-- 
-- 
-- 
-- 
25 
25 
50 
 
Lab Objectives: 
1. To study the basic concepts of Mechanical Engineering 
2. To study operation of various mechanical components 
3. To understand how a mechanical industry operates. 4. To introduce the concept of various boilers and steam generators 
5. To understand the concept of mechanical power transmission 
6. To corelate theory with practical working in industry 
 
Lab Outcomes: 
 
1. Recall the fundamental role of mechanical engineering and lists its application areas. 2. Explain various ways in which energy is generated. 3. Compare different types of steam generators and boilers. 4. Understand basic working principles of different prime movers 
 5. Describe various tools used for Engine service. 6. Identify and describe various types of robots and its end effectors. Prerequisite: Knowledge of physics and mathematics up to 12 science level. DETAILED SYLLABUS: 
 
Sr. No. Module 
Detailed Content 
Hours 
LO 
Mapping 
0 
Prerequisite 
 Knowledge of physics and mathematics 
up to 12 science level."
MHSSCE_00695,SEM-II-NEP2024.pdf,academic_document,96,2,,"its end effectors. Prerequisite: Knowledge of physics and mathematics up to 12 science level. DETAILED SYLLABUS: 
 
Sr. No. Module 
Detailed Content 
Hours 
LO 
Mapping 
0 
Prerequisite 
 Knowledge of physics and mathematics 
up to 12 science level.

I 
Introduction to 
Mechanical 
Engineering 
Visit to any Workshop/Industry 
in 
either 
automobile/Aerospace/Energy
02 
LO1"
MHSSCE_00696,SEM-II-NEP2024.pdf,academic_document,97,1,,"146 
 
/Manufacturing 
engineering 
unit and prepare a report. II 
Energy 
Resources 
Prepare a comparative report on various 
Energy sources (Solid, Liquid, Gaseous 
fuels, Biofuels, Solar, Wind, Hydro, 
Nuclear etc). 02 
LO2 
III 
Steam Generation 
and Boilers 
Prepare a report on Steam generation 
process and different types of boilers used 
in Mechanical Industry 
02 
LO3 
IV 
Prime Movers 
Prepare a report on different types of 
Turbines (Steam, Gas, Water) 
02 
LO4 
V 
Engines 
Visit to any local workshop and prepare a 
report on its functioning. 02 
LO5 
VI 
Robotics 
Visit to any Workshop/ Industry in 
Robotics and understand various variety 
of robots and its operation 
02 
LO6 
 
Text Books: 
1. K.P.Roy, S.K.Hajra Choudhury, Nirjhar Roy, “Elements of Mechanical Engineering”, Media Promoters & 
Publishers Pvt Ltd,Mumbai,7th Edition,2012 
2. K.R.Gopalkrishna, “A text Book of Elements of Mechanical Engineering”-Subhash Publishers, Bangalore. 3. Pravin Kumar, “Basic Mechanical Engineering”, 2013 Edition, Pearson. References: 
1. Mikell P.Groover, “Automation, Production Systems & CIM”, 3rd Edition, PHI 
2. S.TrymbakaMurthy, “A Text Book of Elements of Mechanical Engineering”, 4th Edition 2006, 
Universities Press (India) Pvt Ltd, Hyderabad. Online Resources: 
Sr. No. Website Name 
1 https://www.youtube.com/watch?v=h0nRjn12jag&list=PLcM_rr2NOZ5fKCSbvx1fNIe95LeF
t1HZh 
 
 
List of Experiments."
MHSSCE_00697,SEM-II-NEP2024.pdf,academic_document,97,2,,"of Mechanical Engineering”, 4th Edition 2006, 
Universities Press (India) Pvt Ltd, Hyderabad. Online Resources: 
Sr. No. Website Name 
1 https://www.youtube.com/watch?v=h0nRjn12jag&list=PLcM_rr2NOZ5fKCSbvx1fNIe95LeF
t1HZh 
 
 
List of Experiments.

Sr No 
List of Experiments 
Hrs 
01 
Dismantling and Assembly of Petrol/Diesel Engine 
02 
02 
Determine the actual valve timing for a 4-stroke diesel engine and hence draw 
the diagram 
02 
03 
Determine the actual PORT timing for a 2-stroke Petrol engine and hence draw the 
diagram. 02 
04 
Engine Performance test on 2/4 stroke Petrol engine 
02 
05 
Engine Performance test on 2/4 stroke Diesel engine 
02 
06 
Performance test on Francis Turbine 
02 
07 
Performance test on Pelton wheel Turbine 
02 
08 
https://mr-iitkgp.vlabs.ac.in/exp/forward-kinematics/ 
Should be conducted by V-labs 
02"
MHSSCE_00698,SEM-II-NEP2024.pdf,academic_document,98,1,,"147 
 
 
 
Assessment: 
Term Work: Term Work shall consist of at least 8 to 10 practical’s based on the above list. Also, 
Term work Journal must include at least 2 assignments. Term Work Marks: 25 Marks (Total marks) = 15 Marks (Experiment) + 5 Marks (Assignments) + 
5 Marks (Attendance) 
Practical& Oral Exam: An Oral & Practical exam will be held based on the above syllabus. Assessment: 
Term Work: Term Work shall consist of at least 10 to 12 practicals’ based on the above list. Also, Term work Journal must include at least 2 assignments. Term Work Marks: 50 Marks (Total marks) = 25 Marks (Capstone Project) + 15 Marks 
09 
https://mr-iitkgp.vlabs.ac.in/exp/inverse-kinematics/ 
Should be conducted by V-labs 
02 
10 
https://fab-coep.vlabs.ac.in/exp/computer-controlled-cutting/ 
Should be conducted by V-labs 
02 
11 
Navigation of drone 
02 
12 
Study experiment on types of boilers 
02 
Sr No 
List of Assignments / Tutorials 
Hrs 
01 
Compare Renewable and Nonrenewable energy resources 
1 
02 
Show the enthalpy of steam is equal to total heat supplied in its generation. 1 
03 
Will the pressure indicated by pressure gauge be greater or less than 
atmospheric pressure? If so why? How the gauge pressure to be corrected to 
obtain the absolute pressure. 1 
04 
Why are safety valves required in boilers? 1 
05 
What are biofuels? Explain briefly common types of biofuels."
MHSSCE_00699,SEM-II-NEP2024.pdf,academic_document,98,2,,"be greater or less than 
atmospheric pressure? If so why? How the gauge pressure to be corrected to 
obtain the absolute pressure. 1 
04 
Why are safety valves required in boilers? 1 
05 
What are biofuels? Explain briefly common types of biofuels.

1 
06 
Draw temperature-enthalpy diagram for constant pressure heating process to 
represent on it the following: 
Sensible heat region 
Latent heat region 
Superheated region 
Dryness fraction 0.75 
1 
07 
Define following terms with help of simple diagram 
a) Manipulator 
b) Joint 
c) Link 
d) Degree of freedom 
e) End effector 
f) Base 
1 
08 
State the application of composite materials in Automobile and aircraft. 1"
MHSSCE_00700,SEM-II-NEP2024.pdf,academic_document,99,1,,"148 
 
(Experiment) + 5 Marks (Assignments) + 5 Marks (Attendance) 
 
Practical & Oral Exam: An Oral & Practical exam will be held based on the above syllabus 
 
 
 
 
 
 
 
 
 
 
 
 
 
 
 
 
Course 
Code 
 
 
Course Name 
 
Theory 
Term 
work 
Pract 
/ 
Oral 
Total 
Internal Assessment 
Test (IAT) 
End 
Sem 
Exam 
Exam 
Duration 
(in Hrs) 
IAT-
I 
IAT-
II 
IAT-I 
+ IAT-
II 
(Total) 
PCC2019 
Basics of 
Measurement and 
Sensors 
20 
20 
40 
60 
2 
-- 
-- 
100 
 
Course Objectives: The course aims to 
1. Learn the list different types of sensor/measuring instruments used for displacement, 
velocity, acceleration, force and torque. 
2. Define and describe working principles and characteristics of the sensors and 
Measuring Instruments. 
3. Implement and sketch the electronic signal processing for the sensors 
4. Select and defend suitable sensor/measuring system for a specific application 
 
 
 
Course 
Code 
Course Name 
Teaching Scheme 
(Contact Hours) 
Credits Assigned 
Theory 
Tut. 
Pract / 
Oral 
Theory 
Tut. 
Pract/
Oral 
Total 
PCC2019 
Basics of 
Measurement and 
Sensors 
2 
-- 
- 
2 
- 
- 
2"
MHSSCE_00701,SEM-II-NEP2024.pdf,academic_document,100,1,,"149 
 
Course Outcomes: 
At the end of the course, students will demonstrate the ability to 
1. List different types of sensor/measuring instruments used for displacement, 
velocity, acceleration, force and torque. 2. Define and describe working principles and characteristics of the sensors and 
Measuring Instruments. 3. Implement and sketch the electronic signal processing for the sensors 
4. Select and defend suitable sensor/measuring system for a specific application 
Prerequisite: 
 
DETAILED SYLLABUS: 
 
Sr. No. Name of Module 
Detailed Content 
Hours 
CO 
Mapping 
0 
Prerequisite 
 
 
 
I 
 
Introduction of measuring Systems:Concepts and 
terminology of measurement 
system, transducer, sensor, range and span, 
classification of transducers, static and 
dynamic characteristics, selection criteria, sources of 
errors and their statistical analysis, standards and 
calibration. Introduction to Mesh analysis, nodal 
analysis and One port and two port networks 
7 
CO1 
 
II 
 
Resistance, Inductance & Capacitance Measurement: 
Wheatstone bridge, design, 
arrangement of ratio arms, sensitivity, errors, null 
type and deflection type, calibration adjustment, 
Kelvin bridge, Kelvin double bridge, series 
ohmmeter, shunt ohmmeter, DMM."
MHSSCE_00702,SEM-II-NEP2024.pdf,academic_document,100,2,,"Inductance & Capacitance Measurement: 
Wheatstone bridge, design, 
arrangement of ratio arms, sensitivity, errors, null 
type and deflection type, calibration adjustment, 
Kelvin bridge, Kelvin double bridge, series 
ohmmeter, shunt ohmmeter, DMM.

Maxwell’s 
bridge: design and applications, Hay’s bridge: design 
and applications, Schering bridge: design and 
applications, LCR Q-meter 
7 
CO2 
 
III 
 
Displacement 
Measurement:Resistive: 
Potentiometer, Linear and rotary, Loading Effect 
types of strain gauges. Inductive: LVDT and Eddy 
current type Transducers. Capacitive:Capacitance 
pickups, Differential capacitive cells. Piezoelectric, 
Ultrasonic transducers and Hall effect transducers 
Optical transducers. Precision measuring instrument 
(gauges), 
Angular 
measurement: 
Combination 
protractor, universal bevel protractor, sine bar, 
clinometers, optical prism method 
7 
CO 3 
IV 
 
Velocity and Acceleration measurement:Standards, 
working principle, types, 
7 
CO 4"
MHSSCE_00703,SEM-II-NEP2024.pdf,academic_document,101,1,,"150 
 
materials, design criterion: Moving magnet and 
moving 
coil, 
Electromagnetic 
tachometer, 
Photoelectric tachometer, Toothed rotor variable 
reluctance tachometer. Magnetic pickups,Encoders, 
Photoelectric pickups, stroboscopes and stroboscopic 
method, Shaft speed measurement. Standards, working principle, types, materials, 
design criterion: Eddy current type, 
piezoelectric 
type, 
Seismic 
Transducer, 
Accelerometer: Potentiometric type, LVDT type, 
Piezo-electric type 
V 
 
Force and torque measurement:Basic methods of 
force measurement, elastic force 
traducers, strain gauge, load cells, shear web, 
piezoelectric force transducers, vibrating wire force 
transducers, Strain gauge torque meter, Inductive 
torque meter, Magneto-strictive transducers, torsion 
bar dynamometer, etc. Dynamometer (servo control 
and absorption) instantaneous power measurement 
5 
CO 5 
CO 6 
VI 
 
 
 
 
 
Textbooks: 
* A. K. Sawhney, “Electrical and Electronic Measurements and Instrumentation”, 
DhanpatRai and Sons, 12th ed., 2005 
* B. C. Nakra and K. K. Choudhari, “Instrumentation Measurements and Analysis” by, 
Tata McGraw Hill Education, 4th ed., 2016 References: 
 
Reference Books: 
* E.O. Doebelin, “Measurement Systems”, McGraw Hill, 6th ed., 2017 
* D. Patranabis, “Principle of Industrial Instrumentation”, Tata McGraw Hill, 2nd ed., 
1999 
* A. J."
MHSSCE_00704,SEM-II-NEP2024.pdf,academic_document,101,2,,"by, 
Tata McGraw Hill Education, 4th ed., 2016 References: 
 
Reference Books: 
* E.O. Doebelin, “Measurement Systems”, McGraw Hill, 6th ed., 2017 
* D. Patranabis, “Principle of Industrial Instrumentation”, Tata McGraw Hill, 2nd ed., 
1999 
* A. J.

Bouwens, “Digital Instrumentation”, McGraw-Hill, 6th reprint, 2008 
* H S Kalsi, “Electronic Instrumentation”, Tata McGraw-Hill, 4th ed., 2017 
* Albert D. Helfrick, William David Cooper, “Modern electronic Instrumentation and 
Measurement Techniques” Prentice Hall, Second ed., 1990 
 
Assessment: 
Internal Assessment (IA) for 20 marks each: 
• IA will consist of Two Compulsory Internal Assessment Tests. Approximately 40% to 
50% of the syllabus content must be covered in the IAT-I and the remaining 40% to 
50% of the syllabus content must be covered in the IAT-II. End Semester Theory Examination: 
➢ Question paper format 
• Question Paper will comprise a total of six questions each carrying 15 marks Q.1 will 
be compulsory and should cover the maximum contents of the syllabus"
MHSSCE_00705,SEM-II-NEP2024.pdf,academic_document,102,1,,"151 
 
• Remaining questions will be mixed in nature (part (a) and part (b) of each question 
must be from different modules. For example, if Q.2 has part (a) from Module 3 
then part (b) must be from any other Module randomly selected from all the 
modules) 
• A total of four questions need to be answered 
 
 
 
 
 
 
 
 
 
 
 
 
Course 
Code 
 
 
Course Name 
 
Theory 
Term 
work 
Pract 
/ 
Oral 
Total 
Internal Assessment 
Test (IAT) 
End 
Sem 
Exam 
Exam 
Duration 
(in Hrs) 
IAT-
I 
IAT-
II 
IAT-I 
+ IAT-
II 
(Total) 
PCL2019 
Basics of 
Measurement 
and Sensors Lab 
-- 
-- 
-- 
-- 
-- 
25 
25 
50 
 
 
 
List of Experiments: 
 
 
1. Determination of admittance and impedance of one port network. 
2. Design and implementation of resistance measurement such as Wheatstone bridge, 
LCR meter, V-I Method. 
3. Design, implementation of series and shunt ohmmeters. Evaluate its performance 
characteristics. 
4. Characterization and calibration of potentiometer as displacement sensor. Study of 
loading effect on potentiometer (linear and rotary). 
5. Characterization and calibration of LVDT based displacement measurement system. 
6. Characterization of strain gauge using cantilever beam. 
Course 
Code 
Course Name 
Teaching Scheme 
(Contact Hours) 
Credits Assigned 
Theory 
Tut. 
Pract / 
Oral 
Theory 
Tut. 
Pract/
Oral 
Total 
PCL2019 
Basics of 
Measurement and 
Sensors Lab 
-- 
-- 
2 
-- 
- 
1 
1"
MHSSCE_00706,SEM-II-NEP2024.pdf,academic_document,103,1,,"152 
 
7. Characterization and calibration of piezoelectric measurement system. 
8. Measurement using proximity sensors (inductive/Capacitive) for an application 
 
Assessment: 
Term Work: Term Work shall consist of at least 10 to 12 practicals’ based on the above list. 
Also, Term work Journal must include at least 2 assignments. 
 
Term Work Marks: 25 Marks (Total marks) = 15 Marks (Experiment) + 5 Marks 
(Assignments) + 5 Marks (Attendance) 
 
Practical & Oral Exam: An Oral & Practical exam will be held based on the above 
syllabus. 
 
 
 
 
 
 
 
 
 
 
 
 
 
Rationale: This group of activities is to support Individual Interest, Skill utilization and desire to 
contribute towards social welfare and discharge a duty of good citizen.Activities offered are based 
on based on diverse scope, ranging from social activities and services, training as a volunteer at the 
time of National Emergencies,Training volunteer take part at National level campaign in the field of 
science and technology. 
Course 
Code 
Course Name 
Teaching Scheme 
(Contact Hours) 
Credits Assigned 
Theo
ry 
Pract. 
Tut. 
Theory 
Pract. 
Tut. 
Total 
CC201 
Social Science and 
Community Services 
 
2*+2 
- 
 
2 
- 
2 
Course 
Code 
Course Name 
Theory 
Ter
m 
work 
Pract 
/ 
Oral 
Total 
Internal Assessment 
(IAT) 
End 
Sem 
Exa
m 
Exam 
Duratio
n 
(in Hrs) 
 
 
 
IAT-I 
IAT-
II 
IAT-I + 
IAT-II 
(Total) 
 
CC201 
Social Science 
and Community 
Services 
_ 
__ 
-__ 
__ 
_ 
25 
-- 
25"
MHSSCE_00707,SEM-II-NEP2024.pdf,academic_document,104,1,,"153 
 
 
 
Course Objectives: 
● 
Understanding knowledge from a range of disciplines 
● 
Connecting knowledge to other knowledge, ideas, and experiences 
● 
Constructing knowledge 
● 
Relating knowledge to daily life 
● 
Critical thinking 
● 
Reflective thinking 
● 
Effective reasoning 
● 
Creativity 
 
Course Outcomes: 
1) 
Communicate effectively verbally and in writing by selecting proper content, tone, and 
demeanor for the situation 
2) 
Demonstration effective use of technology for personal and professional activities, including 
electronic communication and information resources 
3) 
Develop and actively pursue personal, academic and professional goals 
4) 
Seek guidance and assistance as needed to achieve academic success, maintain good 
academic standing and progress toward a degree 
5) 
Manage personal affairs by demonstrating empathy toward others, caring for one's self and 
seeking assistance as needed 
6) 
Demonstrate professionalism toward peers, faculty, staff, employers and other members of 
the College community through social etiquette, effective communication and restraint 
 
 
Available Choice 
(Any One ) 
Available at 
Guided By 
Evaluation 
at 
NSS 
College / Cluster University NSS 
Coordinator 
Institute * 
NCC 
College/Cluster 
University/State level 
NCC core 
Institute * 
Civil Defense 
College/Cluster 
State/ local 
Governance Civil 
defense Unit 
Institute * 
Amateur radio 
College / Cluster 
/Coordinated 
Local /Cluster / 
University level"
MHSSCE_00708,SEM-II-NEP2024.pdf,academic_document,104,2,,"* 
NCC 
College/Cluster 
University/State level 
NCC core 
Institute * 
Civil Defense 
College/Cluster 
State/ local 
Governance Civil 
defense Unit 
Institute * 
Amateur radio 
College / Cluster 
/Coordinated 
Local /Cluster / 
University level

tute * 
NCC 
College/Cluster 
University/State level 
NCC core 
Institute * 
Civil Defense 
College/Cluster 
State/ local 
Governance Civil 
defense Unit 
Institute * 
Amateur radio 
College / Cluster 
/Coordinated 
Local /Cluster / 
University level 
Coordinator 
Institute * 
● 
By Coordinator / program officer assigned at institute level 
DETAILED GUIDELINE: 
 
 1 ) For NSS /NCC"
MHSSCE_00709,SEM-II-NEP2024.pdf,academic_document,105,1,,"154 
 
 The students shall earn marks for all relevant activities, which include Sports and Games, NCC, NSS 
etc. Every student opted for NSS is expected 
 
 to participate in the program for a minimum of 120 hours in a semester to become eligible for the 
credit. Every time the student participates / completes a task, the same is entered in the attendance 
register meant for the purpose and to be certified by the concerned Head and the Academic 
Coordinator, at the end of the semester, the student shall be awarded marks for participation as devised 
for the respective program. Assessment: (Towards termwork) 
 Evaluation Pattern for Participation 
 
Sr No 
Particulars 
Max marks 
1 
Attendance & Routine Activities 
05 
2 
Participation in Camps / Field Activity 
10 
3 
Brief Report 
10 
 
Total 
25 
 
 
 
 2) For Civil Defense 
 Civil Defence offers members the opportunity to train in a variety of skills and to learn new techniques 
that will not only assist your local community in the event of an emergency but will also enhance your 
own personal development. All training is given by experienced instructors and is certified to national 
standards. Casualty Service – training for First Aid, Rescue Service – training for Rescue. Fire Fighting 
Service – training in certain areas of fire fighting. Pumping floodwaters and supplying water and 
emergency services for support to the community."
MHSSCE_00710,SEM-II-NEP2024.pdf,academic_document,105,2,,"Casualty Service – training for First Aid, Rescue Service – training for Rescue. Fire Fighting 
Service – training in certain areas of fire fighting. Pumping floodwaters and supplying water and 
emergency services for support to the community.

The activity can be started at college level/ Cluster level by coordinating with the local Civil defense 
center. Training will be arranged by theLocal civil defense center set up by the Directorate of civil 
defense,Maharashtra state in the region of College/ Cluster. a Civil Defense unit can be established 
by a Coordinator assigned amongst the desiring faculty member at college / cluster level. OBJECTIVES OF CIVIL DEFENCE UNIT 
To enable students to identify social issues and their solutions. To develop self discipline and a helping attitude among the students. To make students responsible citizens For protection of the environment."
MHSSCE_00711,SEM-II-NEP2024.pdf,academic_document,106,1,,"155 
 
To implement government programs and policies among people. To prepare students to give scientific aid in natural and manmade disaster 
Online References: 
Sr. No. Website Name 
1. https://www.maharashtracdhg.gov.in/cde/index.php 
2. https://dgfscdhg.gov.in/training-0 
3. https://dgcd.assam.gov.in/sites/default/files/swf_utility_folder/departments/cdhg_web
comindia_org_oid_5/menu/information_and_services/eligibility_criteria_to_apply_fo
r_civil_defence_0_5.pdf 
 
Assessment: (Towards termwork) 
 Evaluation Pattern for Participation 
 
Sr No 
Particulars 
Max marks 
1 
Attendance & Routine Activities 
05 
2 
Participation in Training 
10 
3 
field demonstration /presentation 
10 
 
Total 
25 
 
 
 
3) For Amateur Radio 
 Amateur Radio is a scientific activity popularly known as “Ham Radio”. Amateur radio operators use 
two way radio stations and communicate with others similarly authorized using various modes of 
communication like voice, morse code, computers, internet etc. The things that amateur radio operators 
do with their radios are as diverse as the people themselves. The advanced amateur radio 
communication techniques include Automatic Position Reporting Systems using GPS information, 
Internet linking of Repeater stations, Interface with internet for exchange of emails, images etc as well 
as visual communication modes. Amateur (HAM) Radio is both a Hobby activity and Service."
MHSSCE_00712,SEM-II-NEP2024.pdf,academic_document,106,2,,"Position Reporting Systems using GPS information, 
Internet linking of Repeater stations, Interface with internet for exchange of emails, images etc as well 
as visual communication modes. Amateur (HAM) Radio is both a Hobby activity and Service.

It is an activity of self learning, inter-
communication & technical investigation carried on the duly authorized persons (i.e. Amateur Radio 
Operators) for a personal aim and without pecuniary interest. A wireless communication network 
through Amateur Radio is one of the most effective and alternate medium of communication and can 
play a significant role in providing reliable communications when other normal communications fail. The skills of the trained amateur radio operator can be used for public service in times of need and 
national emergencies."
MHSSCE_00713,SEM-II-NEP2024.pdf,academic_document,107,1,,"156 
 
 For participation in ISRO programs for student satellites and to act as a volunteer for radio monitoring 
of space missions, owning an Amateur (HAM) Radio operators certification is a legal and technical 
essential condition. 
 The Activity can be started at college level or at University inducted Nodal Centers. Interested faculties 
can be assigned a role of coordinator and enroll students for becoming Radio enthusiasts. 
 
Online References: 
Sr. No. 
Website Name 
1 
https://vigyanprasar.gov.in/science-communication-programs/ham-radio/ 
2 
https://www.isro.gov.in/HAMSAT.htmlhttps://www.isro.gov.in/HAMSAT.html 
3. 
https://amsatindia.org/ 
 
 
 
 
 
 
Assessment: (Towards termwork) 
 Evaluation Pattern for Participation 
 
Sr No 
Particulars 
Max marks 
1 
Attendance & Routine Activities 
05 
2 
Participation in Training sessions & progress 
15 
3 
Technical report / field activity 
05 
 
Total 
25"
MHSSCE_00714,SEM-II-NEP2024.pdf,academic_document,108,1,,"157 
 
 
 
 
 
Course 
Code 
Course Name 
Teaching Scheme 
(Contact Hours) 
Credits Assigned 
Theory Pract. Tut. Theory Pract. Tut. Total 
IKS201 
Indian Knowledge 
System 
2* 
 -- 
- 
- 
2* 
- 
-- 
 
Theory 
Term 
work 
Pract 
/ Oral 
Total 
Internal Assessment 
(IAT) 
End 
Sem 
Exam 
Exam 
Duration 
(in Hrs) 
IAT-
I 
IAT-
II 
IAT-I + 
IAT-II 
(Total) 
IKS201 
Indian 
Knowledge 
System 
- 
- 
- 
- 
- 
-- 
-- 
-- 
 
Rationale: 
The Indian Knowledge System (IKS) is vital for preserving India's rich cultural heritage, fostering 
holistic and sustainable practices, and integrating ancient wisdom with modern science to address 
contemporary challenges and enrich global knowledge. Course Objectives: 
1. To explore and understand the evolution of Indian scientific thought 
2. To evaluate the historical and modern educational systems in our country 
3. To analyse sustainable practices in in ancient India 
4. To know the richness of Indian Arts and Culture 
5. To understand the contributions of Indian Scientists and Nobel Laureates 
6. To understand the principles of good governance 
Course Outcomes: 
1. Recognize the sources and concepts of the Indian knowledge system 
2. Learn about our history of Indian ancient knowledge and its significance in the current 
scenario. 3. Demonstrate sustainable development in various fields like Science, Technology, agriculture, 
industry, architecture performing arts, etc. 4."
MHSSCE_00715,SEM-II-NEP2024.pdf,academic_document,108,2,,"2. Learn about our history of Indian ancient knowledge and its significance in the current 
scenario. 3. Demonstrate sustainable development in various fields like Science, Technology, agriculture, 
industry, architecture performing arts, etc. 4.

Understand and appreciate the rich heritage that resides in literature 
5. Learn about the ancient Bhartiya education system in comparison with the modern era 
6. Showcase the multi-dimensional nature of IKS and its importance in modern society"
MHSSCE_00716,SEM-II-NEP2024.pdf,academic_document,109,1,,"158 
 
Prerequisite: 
1. Students should have the foundational knowledge and skills necessary for a comprehensive 
understanding of IKS 
2. Students should be familiar with the Indian Culture, Language, and History of Science and 
Technology in India. DETAILED SYLLABUS: 
S
r. N
o. Name of Module 
Detailed Content 
Ho
urs 
CO 
Map
ping 
 
 
 
 I 
 
Introduction 
to 
the 
Indian 
Knowledge 
System 
(I.K.S.) 
 
• 
Basic knowledge and scope of IKS 
• 
IKS in ancient India and modern India, 
• 
Bhartiya education system – ancient to 
modern era, 
• 
Sources of Education, Aim of Education, 
Curriculum, methods of learning, 
• 
Educational Institutes, Higher Educational 
Institutions, 
• 
Advantages and Disadvantages of the 
Gurukul System, 
• 
Distinguish between the Gurukul system And 
the Modern Education System 
 
 
3 
 
 
CO2 
 
II 
Development of 
Scientific Thoughts in 
Ancient 
India 
 
• 
Development in Science, Technology, 
Astronomy, Mathematics, and Life Sciences 
– Life Science, Physiology, Ayurveda, 
etc."
MHSSCE_00717,SEM-II-NEP2024.pdf,academic_document,109,2,,"system And 
the Modern Education System 
 
 
3 
 
 
CO2 
 
II 
Development of 
Scientific Thoughts in 
Ancient 
India 
 
• 
Development in Science, Technology, 
Astronomy, Mathematics, and Life Sciences 
– Life Science, Physiology, Ayurveda, 
etc.

4 
 
CO1 
 
II
I 
 
Development of Arts & 
Culture in 
India 
 
• 
Introduction to Ancient Architecture (Arts, 
Forts, Paintings, Sculpture, Temple 
architecture, etc) 
• 
Development in performing arts & culture: 
Music, Art of singing, Art of dancing, 
Natyakala Cultural traditions and Folk arts 
 
 
5 
 
CO4 
 
I
V 
 
Good Governance in 
Ancient 
India 
 
• 
Introduction to Indian religions 
• 
Moral and Ethical Governance 
• 
Vishva Kalyan through 
Vasudhaiva Kutumbkam 
• 
Principles of Good Governance about 
Ramayana, Mahabharat, Artha Sastra and 
Kauṭilyan State 
 
5 
 
CO6 
 
V 
 
Contribution of Indian 
Scientist & Nobel 
• 
Baudhayan, 
Aryabhatta, 
Brahmgupta, 
Bhaskaracharya, 
Varahamihira, 
Nagarjuna, Susruta, Kanada & Charak 
 
5 
 
CO5"
MHSSCE_00718,SEM-II-NEP2024.pdf,academic_document,110,1,,"159 
 
Laureates 
 
• 
Rabindranath Tagore, C.V. Raman, Har 
Gobind 
Khorana, 
Mother 
Teresa, 
Subrahmanyan Chandrasekhar, Amartya 
Sen, 
V.S. Naipaul, 
Venkatraman 
Ramakrishnan, Kailash Satyarthi and 
Abhijit Banerjee 
 
V
I 
 
Sustainable Practices 
in Ancient 
India 
 
• 
Agriculture, waste management, water 
conservation, forest conservation, 
architecture, urban planning, biodiversity 
preservation, etc 
• 
Yoga, pranayama, and meditation for health 
and well-being 
 
4 
 
CO3 
 
Text Books: 
1. 1. A.K Bag, History of technology in India (Set 3 vol), Indian Nation Science Academy, 
1997. 2. An Introduction to Indian Knowledge Systems: Concepts and Applications, B Mahadevan, V 
R Bhat, and Nagendra Pavana R N; 2022 (Prentice Hall of India). 3. Ancient Indian Knowledge: Implications To Education System, Boski Singh; 2019 
4. India’s Glorious Scientific Tradition by Suresh Soni; 2010 (Ocean Books Pvt. Ltd.) 
5. Indian Art: Forms, Concerns, and Development in Historical Perspective (History of Science, 
Philosophy and Culture in Indian Civilization), General Editor: D.P. Chattopadhyaya, Ed. By. B.N. Goswamy; 1999 Munshiram Manoharlal Publishers Pvt. Ltd. 6. Indian Knowledge Systems: Vol I and II, Kapil Kapoor and A K Singh; 2005 (D.K. Print World 
Ltd). 7. Pandey, K.K. Kriya Sarira Comprehensive Human Physiology, Chaukhambha Sanskrit series, 
Varanasi, 2018 
8."
MHSSCE_00719,SEM-II-NEP2024.pdf,academic_document,110,2,,"Manoharlal Publishers Pvt. Ltd. 6. Indian Knowledge Systems: Vol I and II, Kapil Kapoor and A K Singh; 2005 (D.K. Print World 
Ltd). 7. Pandey, K.K. Kriya Sarira Comprehensive Human Physiology, Chaukhambha Sanskrit series, 
Varanasi, 2018 
8.

Shukla Vidyadhar & Tripathi Ravidatt, Aayurved ka Itihas evam Parichay, Chaukhambha 
Sanskrit Sansthaan, New Delhi, 2017 
9. Textbook on The Knowledge System of Bharata by Bhag Chand Chauhan; 2023 (Garuda 
Prakashan) 6. Pride of India- A Glimpse of India’s Scientific Heritage edited by Pradeep Kohle 
et al. Samskrit Bharati; 2006 
10. Traditional Knowledge System in India, Amit Jha 
 
Online References: 
Sr. No. Website Name 
1. https://swayam.gov.in/explorer?searchText=iks 
2. https://iksindia.org/book-list.php 
3. https://iksindia.org/index.php"
MHSSCE_00720,SEM-II-NEP2024.pdf,academic_document,111,1,,"160 
 
Assessment: 
Suggested Pedagogy and assessment criteria for Teachers: 
 
 
1. Project-based activities. 
2. Presentation, Group Discussions, and Case studies. 
3. Visit historical places. 
4. Flip class mode/ Roleplay 
5. Quiz MCQ 
6. Assignment as per the modules: 06 
7. Internal Assessment through flipped class and PowerPoint presentation along with 
documentation 
 
 
 
 
 
 
 
 
 
 
 
 
 
 
 
 
 
 
 
 
 
 
 
 
 
 
 
 
 
 
Course Code 
Course Name 
Teaching Scheme 
(Contact Hours) 
Credits Assigned 
Theory Pract. Tut. Theory Pract. Tut. Total 
IKS201 
Indian Knowledge System 
- 
2*+2 
- 
- 
2*+2 
- 
2"
MHSSCE_00721,SEM-II-NEP2024.pdf,academic_document,112,1,,"161 
 
 
 
Course 
Code 
Course Name 
Examination Scheme 
Theory Marks 
Term 
Work 
Practical/ 
Oral 
Total 
Internal assessment 
(IAT) 
End 
Sem. Exam 
IAT-I IAT-
II 
IAT-I + 
ITA-II 
(Total) 
IKS201 
Indian 
Knowledge 
System 
-- 
-- 
-- 
-- 
25 
- 
25 
 
Objectives: 
To provide practice in …. 1. Understanding Traditional Indian Knowledge Systems that have evolved in India over 
centuries 
2. Learn practical applications of traditional Indian techniques in various fields 
3. Promote the cultural heritage in Indian knowledge systems, 
4. Develop skills to critically analyze Indian knowledge systems in contemporary contexts, 
assessing their relevance, strengths, and limitations. 5. Analyze interdisciplinary connections between Indian knowledge systems and modern 
scientific & technological advancements. 6. Apply communication & collaborative abilities through group discussions or presentations 
focusing on specific aspects of Indian knowledge systems. Outcomes: 
Learners will be able to 
1. Learn about the evolution and practices of major Indian religions 
2. Gain insight into the cultural diversity of India through its art, literature, music, dance, and 
architecture. 3. Recognize India's historical contributions to fields such as mathematics astronomy, medicine, 
and technology. 4. Develop critical ability to evaluate different interpretations of Indian knowledge systems in 
academics, literature, media, and popular culture. 5."
MHSSCE_00722,SEM-II-NEP2024.pdf,academic_document,112,2,,"historical contributions to fields such as mathematics astronomy, medicine, 
and technology. 4. Develop critical ability to evaluate different interpretations of Indian knowledge systems in 
academics, literature, media, and popular culture. 5.

Analyze how Indian philosophical and spiritual ideas have influenced global thought 
6. Understand the relevance of Indian knowledge systems in contemporary contexts, including 
their role in shaping social values, ethics, and sustainable practices."
MHSSCE_00723,SEM-II-NEP2024.pdf,academic_document,113,1,,"162 
 
 
 
Sr 
No 
Details of Activities 
Hrs 
01 
Project-based activities 
02 
02 
Presentation 
02 
03 
Case studies 
02 
04 
Visit historical places and write a report 
02 
05 
Flip class mode 
02 
06 
Quiz with MCQ 
02 
07 
Comparative Study of IKS & other philosophical & scientific systems around the 
world 
02 
08 
Group Discussions 
02 
09 
Roleplay 
02 
10 
Self-study activities 
02 
(The faculty can choose any of these activities for continuous assessment) 
Assessment: 
Suggested Pedagogy and assessment criteria for Teachers: 
 
 
1. Total Assignments as per the modules: 06 
2. Internal Assessment through flipped class and PowerPoint Presentation along with 
documentation 
• 
Sample Case Studies: 
• 
Mathematics of Madhava, Nilakantha Somayaji 
• 
Astronomical models of Aryabhata 
• 
Wootz steel, Aranumula Mirrors, and lost wax process for bronze castings 
• 
Foundational aspects of Ayurveda 
• 
Foundational aspects of Ashtanga yoga 
• 
Foundational aspects of Sangeeta and Natya-shastra"
MHSSCE_00724,SEM-II-NEP2024.pdf,academic_document,114,1,,"163 
 
 Term Work: 
• 
Assignments: 10 Marks 
• 
Presentation/Group Discussion:10 Marks 
• 
Attendance: 05 Marks 
 
 
 
 
 
 
 
 
 
 
Lab Objectives 
1. To impart training to help the students develop engineering skill sets. 
2. To inculcate respect for physical work and hard labor. 
3. To get exposure to interdisciplinary engineering domain. 
 
Lab Outcomes: Learner will be able to… 
1. Develop the necessary skill required to handle/use different carpentry tools. 
2. Identify and understand the safe practices to adopt in electrical environment. 
3. Demonstrate the wiring practices for the connection of simple electrical load/ equipment. 
4. Design, fabricate and assemble pcb. 
5. Develop the necessary skill required to handle/use different masons tools. 
6. Develop the necessary skill required to use different sheet metal and brazing tools. 
Course 
Code 
 
Course 
Name 
Teaching Scheme 
(Contact Hours) 
Credits Assigned 
Theory 
Pract. 
Tut. 
Theory 
Tut. 
Pract. Total 
VSEC201 
Engineering 
Workshop-
II 
-
- 
2 
-
- 
-
- 
-- 
1 
1 
 
Course 
Code 
 
Course 
Name 
Examination Scheme 
Theory 
 
Term 
Work 
 
Pract. 
/oral 
 
Total 
Internal Assessment 
(IAT) 
End 
Sem. 
Exam. 
Exam. 
Duration 
(in Hrs) 
IAT-I 
IAT-
II 
IAT-I 
+ IAT-
II 
(Total) 
VSEC201 
Engineering 
Workshop-II 
-- 
-
- 
-- 
-- 
-- 
25 
-
- 
25"
MHSSCE_00725,SEM-II-NEP2024.pdf,academic_document,115,1,,"164 
 
7. Able to demonstrate the operation, forging with the help of a simple job. DETAILED SYLLABUS 
 
 
Detailed Content 
Hrs. Note: 
Trade 1 and 2 are compulsory. Select any ONE trade topics out of the topic trade 3 to 5. Demonstrations and hands on experience to be provided during the periods allotted for the same. Report on the demonstration including suitable sketches is also to be included in the term work 
 
CO-1 is related to Trade-1 
CO-2 to CO-4 is related to Trade-2 
CO-5 is related to Trade-3 
CO-6 is related to Trade-4 
CO-7 is related to Trade-5 
CO evaluation is to be done according to the opted Trades in addition to Compulsory Trades. Trade-1 
Carpentry(Compulsory) 
1. Use and setting of hand tools like hacksaws, jack planes, chisels and 
gauges for construction of various joints, wood tuning and modern 
wood turning methods. 2. Term work to include one carpentry job involving a joint and report on 
demonstration of a job involving wood turning 
 
10 
 
 
 
 
 
Trade-
2 
Basic Electrical work shop:(Compulsory): 
3. Single phase and three phase wiring. Familiarization. of protection switchgears 
and their ratings (fuse, MCB, ELCB). Wiring standards, Electrical safety in 
the work place safe work practices. Protective equipment, measures and tools. 4. Layout drawing, layout transfer to PCB, etching and drilling and soldering 
technique 
 
08 
 
Trade-
3 
Masonry: 
5. Use of masons tools like trowels, hammer, spirit level, square, plumb line 
and pins etc."
MHSSCE_00726,SEM-II-NEP2024.pdf,academic_document,115,2,,"equipment, measures and tools. 4. Layout drawing, layout transfer to PCB, etching and drilling and soldering 
technique 
 
08 
 
Trade-
3 
Masonry: 
5. Use of masons tools like trowels, hammer, spirit level, square, plumb line 
and pins etc.

demonstration of mortar making, single and one and half brick 
masonry, English and Flemish bonds, block masonry, pointing and 
plastering. 06"
MHSSCE_00727,SEM-II-NEP2024.pdf,academic_document,116,1,,"165 
 
 
Trade 4 
Sheet metal working and Brazing: 
6. Use of sheet metal, working hand tools, cutting, bending, spot welding 
06 
 
Trade-
5 
Forging (Smithy): 
7. At least one forging job to be demonstrated and a simple job to be made for 
Term Work in a group of 4 students. 
 
06 
 
Text Books: 
1. Workshop Technology, Volume-I, P.N.Rao, McGrrawHill Publication 
2. Elements of Workshop Technology, Vol-I, S.K. Hajra Choudhury, A K Hajra 
Choudhury,Nirjar Roy, Media Promoters &Publishers Pvt Ltd 
References: 
1. Workshop Technology, Part-II, W A J Chapman, VIVA Books Pvt Ltd 
2. A Course in Workshop Technology, B.S. Raghuvanshi, Dhanpat Rai and Co Ltd. 
 
Assessment: 
Term Work: Term Work shall consist of at least 3 practicals’ based on the above list 
Term Work Marks: 25 Marks (Total marks) = 20 Marks (Experiment) + 5 Marks (Attendance) 
 
 
 
 
 
Course Code 
Course Name 
Teaching Scheme 
(Contact Hours) 
Credits Assigned 
Theory Pract. Tut. Theory Pract. Tut. Total 
VSEC202 
Python Programming 
- 
2*+2 
- 
- 
2 
- 
2 
 
Course 
Code 
Course Name 
Examination Scheme 
Theory Marks 
Term 
Work 
Practical/ 
Oral 
Total 
Internal assessment (IAT) 
End 
Sem. 
Exam 
IAT-I IAT-
II 
IAT-I + 
IAT-II 
(Total) 
VSEC202 
Python 
Programming 
-- 
-- 
-- 
-- 
25 
25 
50 
 
Lab Objectives:"
MHSSCE_00728,SEM-II-NEP2024.pdf,academic_document,117,1,,"166 
 
1. To familiarize learners with Python's basic syntax, variables, data types, operators, and input/output 
functions. 2. To reinforce the understanding and application of conditional statements, loops, and functions in Python 
programming. 3. To instill learners on file handling, exception management, and Python packaging. 4. To Introduce object-oriented programming principles and their application in Python. 5. To explore advanced topics such as regular expressions, pattern matching, and GUI development. 6. To introduce and demonstrate the use of popular Python libraries for data handling. Lab Outcomes: Learner will be able to 
1. Demonstrate the proficiency in basic python programming or Create and perform various operations on 
data structures like list, tuple dictionaries and strings. 2. Apply Control Flow and Functions for efficient coding to solve problems. 3. Demonstrate proficiency in handling file operations, managing exceptions, and developing Python 
packages and executable files for modular programming. 4. Illustrate the concept of Object-Oriented Programming used in python. 5. Design Graphical User Interface (GUI) applications, utilizing appropriate Python libraries to create 
user-friendly interfaces. 6. Investigate and apply popular python libraries to conduct efficient data handling tasks. Prerequisite: VSEC 102 C Programming 
DETAILED SYLLABUS: 
Sr. No."
MHSSCE_00729,SEM-II-NEP2024.pdf,academic_document,117,2,,"applications, utilizing appropriate Python libraries to create 
user-friendly interfaces. 6. Investigate and apply popular python libraries to conduct efficient data handling tasks. Prerequisite: VSEC 102 C Programming 
DETAILED SYLLABUS: 
Sr. No.

Module 
Detailed Content 
Hrs 
LO 
Mapping 
0 
Prerequisite 
Introduction to Programming: Understanding basic 
concepts like algorithms, flowcharts, and 
pseudocode. Problem-Solving Skills: Ability to approach 
problems methodically and apply logical thinking 
to develop solutions. 1 
-- 
1 
Introduction to Python 
1. Basic Syntax and Data Types - Variables and 
data types, Operators, Input and output, 
2. Data Structures- list, tuple, set and dictionary 
3. Understanding the Syntax Transition: From C 
to Python 
4 
L1 
2 
Control Flow and 
Functions 
2.1 Conditional Statements: if, else, elif 
2.2 Loops: for and while loop 
2.3 Functions- Defining functions, Parameters 
and return 
 values, Scope and lifetime of variables 
4 
L2 
3 
File Handling, 
Packaging, and 
Debugging 
3.1 File Handling- Reading and writing files, 
Exception 
 handling 
4 
L3"
MHSSCE_00730,SEM-II-NEP2024.pdf,academic_document,118,1,,"167 
 
3.2 Creating Python Packages, Modules and 
executable files 
3.3 Dealing with Syntax Errors, Runtime Errors 
and 
 Scientific Debugging 
4 
Object-Oriented 
Programming (OOP) in 
Python 
4.1 Introduction to OOP: Classes and objects, 
Encapsulation, 
 inheritance, and polymorphism 
4.2 Creating Classes and Objects: Class attributes 
and 
 methods Constructor and destructor. 4.3 Type of Inheritance: Single, multiple and 
multilevel 
 inheritance 
4 
L4 
5 
Advanced Python 
Concepts 
5.1 Regular Expressions, Pattern matching, 
Regex functions 
 in Python 
5.2 GUI Development using any Python GUI 
framework 
5 
L5 
6 
Python Libraries 
 
6.1 Introduction to Popular Libraries 
6.2 NumPy for numerical computing, 
6.3 Pandas for data manipulation 
6.4 Matplotlib for data visualization 
4 
L6 
 
Text Books: 
1. Core Python Programming, Dr. R. Nageswara Rao, Second Edition, Dreamtech Press. 2. Beginning Python: Using Python 2.6 and Python 3.1. James Payne, Wrox Publication. 3. Python Programming, Anurag Gupta and G. P. Biswas, First Edition,McGraw-Hill Education. References: 
1. Learn Python the Hard Way, Zed Shaw, Third Edition, Addison-Wesley. 2. Python Projects, Laura Cassell,Alan Gauld, First Edition, Wrox Publication. 3. Introduction to computing and problem-solving using python, Balagurusamy, First Edition, McGraw 
Hill Education. Online Resources: 
Sr. No. Website Name 
1. Python Tutorial: http://docs.python.org/release/3.0.1/tutorial/ 
2."
MHSSCE_00731,SEM-II-NEP2024.pdf,academic_document,118,2,,"Wrox Publication. 3. Introduction to computing and problem-solving using python, Balagurusamy, First Edition, McGraw 
Hill Education. Online Resources: 
Sr. No. Website Name 
1. Python Tutorial: http://docs.python.org/release/3.0.1/tutorial/ 
2.

Python for everybody specialization: https://www.coursera.org/specializations/python. List of Experiments. The following experiments serve as samples to illustrate the application of concepts covered in each unit. Instructors are encouraged to modify and adapt these experiments to meet the specific needs of the course and 
the learning objectives. It is essential to ensure that the fundamental concepts and skills outlined in each unit are 
adequately covered, even with modifications. Week 
No 
List of Experiments 
Hrs"
MHSSCE_00732,SEM-II-NEP2024.pdf,academic_document,119,1,,"168 
 
01 
Objective: To enable learners to transition their understanding of basic programming 
constructs from C to Python by focusing on Python's syntax, variables, data types, operators, 
and input/output functions, and comparing these elements with their equivalents in C 
 
 
1. Personalized Greeting Generator* - Write a python code to generate Personalized 
Greeting. 2. Calculating Areas of Geometric Figures* - Write a python program to calculate areas 
of any geometric figures like circle, rectangle and triangle. 3. Developing Conversion Utilities: Develop any converter such as Rupees to dollar, 
temperature convertor, inch to feet etc. 4. Calculating Gross Salary of an Employee*: Write a Python program to calculate the 
gross salary of an employee. The program should prompt the user for the basic salary 
(BS) and then compute the dearness allowance (DA) as 70% of BS, the travel allowance 
(TA) as 30% of BS, and the house rent allowance (HRA) as 10% of BS. Finally, it should 
calculate the gross salary as the sum of BS, DA, TA, and HRA and display the result. 5. Calculating Simple Interest: Write a Python program to calculate the simple interest 
based on user input. The program should prompt the user to enter the principal amount, 
the rate of interest, and the time period in years. It should then compute the simple interest 
using the formula Simple Interest=(Principal×Rate×Time) /100 and display the result. 6."
MHSSCE_00733,SEM-II-NEP2024.pdf,academic_document,119,2,,"program should prompt the user to enter the principal amount, 
the rate of interest, and the time period in years. It should then compute the simple interest 
using the formula Simple Interest=(Principal×Rate×Time) /100 and display the result. 6.

Exploring Basic Arithmetic Operations in Python*: Write a Python program to 
explore basic arithmetic operations. The program should prompt the user to enter two 
numbers and then perform addition, subtraction, multiplication, division, and modulus 
operations on those numbers. The results of each operation should be displayed to the 
user. 02 
02 
 
Objective: Mastering Python New Data Structures for Practical Applications. Task List Manager*: Develop a Python program to manage a task list using lists and tuples, 
including adding, removing, updating, and sorting tasks.. Student Enrollment Manager *: Create a Python code to demonstrate the use of sets and 
perform set operations (union, intersection, difference) to manage student enrollments in 
multiple courses / appearing for multiple entrance exams like CET, JEE, NEET etc.. Student Record Keeper *: Write a Python program to create, update, and manipulate a 
dictionary of student records, including their grades and attendance. 02 
03 
Objective: To enable students to transition their understanding of control statements and 
loops from C to Python, emphasizing the adoption of Python syntax while reinforcing logical 
structures already learned. 1. Triangle Pattern Generator Using Loops: Write a Python program to print a triangle 
pattern (give any), emphasizing the transition from C to Python syntax. 2."
MHSSCE_00734,SEM-II-NEP2024.pdf,academic_document,119,3,,"the adoption of Python syntax while reinforcing logical 
structures already learned. 1. Triangle Pattern Generator Using Loops: Write a Python program to print a triangle 
pattern (give any), emphasizing the transition from C to Python syntax. 2.

Number Type Identifier*: Develop a Python program that takes a numerical input and 
identifies whether it is even or odd, utilizing conditional statements and loops. 3. Character Type Identifier: Create a Python program to check whether the given input 
is a digit, lowercase character, uppercase character, or a special character using an 'if-
else-if' ladder. 4. Multiplication Table Generator: Write a Python program to take a numerical input from 
the user and generate its multiplication table using loops. 5. Fibonacci Sequence Generator: Develop a Python program to print the Fibonacci 
sequence using a while loop. 6. Factorial Generator*: Design a Python program to compute the factorial of a given 
integer N. 02"
MHSSCE_00735,SEM-II-NEP2024.pdf,academic_document,120,1,,"169 
 
7. Prime Number Analyzer*: Using function, write a Python program to analyze the input 
number is prime or not. 8. Simple Calculator Using Functions*: Implement a simple Python calculator that takes 
user input and performs basic arithmetic operations (addition, subtraction, multiplication, 
division) using functions. 9. Interactive Guessing Game: Develop a number guessing game where the program 
generates a random number, and the user has to guess it. Implement loops and conditional 
statements for user interaction. 04 
Objective: To enable learners to proficiently handle file operations, manage exceptions, and 
create Python packages and executable files. 1. Extracting Words from Text File *: Develop a Python program that reads a text file and 
prints words of specified lengths (e.g., three, four, five, etc.) found within the file. 2. Finding Closest Points in 3D Coordinates from CSV: Write a python code to take a 
csv file as input with coordinates of points in three dimensions. Find out the two closest 
points. 3. Sorting City Names from File: Write a python code to take a file which contains city 
names on each line. Alphabetically sort the city names and write it in another file. 4. Building an Executable File*: Create a executable file for any program developed in 
earlier practical. 02 
05 
Objective: To enable learners to proficiently handle errors and exceptions in Python 
programs, ensuring robust and fault-tolerant code."
MHSSCE_00736,SEM-II-NEP2024.pdf,academic_document,120,2,,"Building an Executable File*: Create a executable file for any program developed in 
earlier practical. 02 
05 
Objective: To enable learners to proficiently handle errors and exceptions in Python 
programs, ensuring robust and fault-tolerant code.

Learners will also develop debugging skills 
to identify, diagnose, and fix issues efficiently using scientific debugging methods. 1. Basic Exception Handling*: Write a Python program that takes two numbers as input 
and performs division. Implement exception handling to manage division by zero and 
invalid input errors gracefully. 2. Custom Exceptions: Develop a Python program that simulates a banking system with a 
function to withdraw money. Raise custom exceptions for scenarios such as insufficient 
funds and invalid account numbers 
3. Logging for Debugging: Enhance a Python program by adding logging statements to 
record the flow of execution and error messages. Use the logging module to configure 
different logging levels (INFO, DEBUG, ERROR). 4. Using a Debugger*: Demonstrate the use of a Python debugger (e.g., pdb or an IDE 
with debugging capabilities) on a sample program with intentional errors. Guide students 
on setting breakpoints, stepping through code, and examining variable values. 5. Scientific Debugging Techniques: Provide a Python program with multiple logic and 
runtime errors. Instruct students to apply scientific debugging techniques, such as binary 
search debugging, to identify and resolve the issues methodically 
 
02 
06 
Objective: To apply object-oriented programming (OOP) principles in Python to model real-
world scenarios and systems, fostering the development of modular, reusable, and efficient 
solutions."
MHSSCE_00737,SEM-II-NEP2024.pdf,academic_document,120,3,,"identify and resolve the issues methodically 
 
02 
06 
Objective: To apply object-oriented programming (OOP) principles in Python to model real-
world scenarios and systems, fostering the development of modular, reusable, and efficient 
solutions.

Fostering the ability to design and implement solutions for real-world problems. Choose any one real world scenario. Ask student to apply OOP principles such as 
encapsulation, inheritance, and polymorphism in practical scenarios. The sample real world 
scenarios are as follows. 1. Event Management System: Implement an event management system using OOP 
concepts to organize and manage various aspects of college festivals or events. Design 
classes for events, organizers, participants, and activities. Include methods for event 
registration, scheduling, participant management, and activity coordination. 2. Online Shopping System: Develop classes for products, customers, and shopping carts. Include methods for adding items to the cart, calculating total costs, processing orders, 
and managing inventory. 02"
MHSSCE_00738,SEM-II-NEP2024.pdf,academic_document,121,1,,"170 
 
3. Vehicle Rental System: Design a system using classes for vehicles, rental agencies, and 
rental transactions. Implement methods to handle vehicle availability, rental periods, 
pricing, and customer bookings. 07 
Objective: To develop a graphical user interface (GUI) application for any use case. Choose any use case from below. 1. GUI for Developing Conversion Utilities: Develop a Python GUI application that 
performs various unit conversions such as currency (Rupees to Dollars), temperature 
(Celsius to Fahrenheit), and length (Inches to Feet). The application should include input 
fields for the values, dropdown menus or buttons to select the type of conversion, and 
labels to display the results. 2. GUI for Calculating Areas of Geometric Figures: Develop a Python GUI application 
that calculates the areas of different geometric figures such as circles, rectangles, and 
triangles. Allows users to input the necessary dimensions for various geometric figures 
and calculate their respective areas. The application should include input fields for the 
dimensions, buttons to perform the calculations, and labels to display the results. 3. College Admission Registration Form: The college admission registration form collects 
essential 
personal, 
educational, 
and 
contact 
information 
from 
prospective 
students. Create a GUI as shown in Figure-1 that allows the user to input his/her 
name, branch and 
 favorite game."
MHSSCE_00739,SEM-II-NEP2024.pdf,academic_document,121,2,,"The college admission registration form collects 
essential 
personal, 
educational, 
and 
contact 
information 
from 
prospective 
students. Create a GUI as shown in Figure-1 that allows the user to input his/her 
name, branch and 
 favorite game.

When the user clicks the Submit button, it should display the output as 
 illustrated. Figure-1: A basic GUI featuring text field and various buttons. 02 
08 
Objective: To enable learners to effectively utilize regular expressions in Python for pattern 
matching, validation, and data extraction tasks, enhancing their ability to process textual data 
efficiently and accurately. 1. Script to Validate Phone Number and Email ID *: Write a Python script that prompts 
the user to enter their phone number and email ID. It then employs Regular Expressions 
to verify if these inputs adhere to standard phone number and email address formats 
2. Password Strength Checker: Write a Python script that prompts the user to enter a 
password. Use regular expressions to validate the password based on these criteria: At 
least 8 characters long, Contains at least one uppercase letter, one lowercase letter, one 
digit, and one special character. 3. URL Validator: Develop a script that verifies if a given string is a valid URL. Use regular 
expressions to check for standard URL formats, including protocols (http, https), domain 
names, and optional path segments. Test with various URLs and ensure the validation 
covers common cases. 4. Extracting Data from Text *: Create a program that reads a text file containing various 
data (e.g., names, emails, phone numbers). Use regular expressions to extract specific 
02"
MHSSCE_00740,SEM-II-NEP2024.pdf,academic_document,122,1,,"171 
 
types of data, such as email addresses, phone numbers, dates (e.g., MM/DD/YYYY 
format). 09 
Objective: To equip learners with the skills to utilize the NumPy libraries for efficient 
numerical computing. 1. Creating and Manipulating Arrays*: Write a Python program to create a 1D, 2D, 
and 3D NumPy array. Perform basic operations like reshaping, slicing, and indexing. 2. Array Mathematics*: Develop a Python script to create two arrays of the same shape 
and perform element-wise addition, subtraction, multiplication, and division. Calculate the dot product and cross product of two vectors. 3. Statistical Operations*: Write a Python program to calculate mean, median, 
standard deviation, variance, and correlation coefficients of a given array. 02 
10 
Objective: To provide learners with the knowledge and skills necessary to effectively use the 
Pandas library for data manipulation and the Matplotlib library for data visualization. Learners 
will engage in tasks that involve analyzing real-world datasets, creating meaningful 
visualizations, and drawing insights from data. Following task should be performing on a real-world dataset: 
 
Task1- Loading and Inspecting Data: Load a CSV file containing information on global 
COVID-19 cases into a DataFrame. Display the first few rows, check the data types, and 
summarize basic statistics. Task 2- Data Cleaning: Identify and handle missing values in the dataset. Remove any 
duplicate rows and ensure data consistency."
MHSSCE_00741,SEM-II-NEP2024.pdf,academic_document,122,2,,"COVID-19 cases into a DataFrame. Display the first few rows, check the data types, and 
summarize basic statistics. Task 2- Data Cleaning: Identify and handle missing values in the dataset. Remove any 
duplicate rows and ensure data consistency.

Task 3-Data Aggregation: Perform aggregation operations to summarize data. Task 4- Plotting graphs: Generate a line plot showing the trend / bar plot to compare data/ 
histogram to show distribution/ scatter plot to examine relationships between variables. Instructors can choose other datasets relevant to the course objectives. Sample datasets and 
task list are as follows. 1. Using the Iris Data (https://www.kaggle.com/datasets/saurabh00007/iriscsv), perform 
the following tasks: 
i.Read the first 8 rows of the dataset. i.Display the column names of the Iris dataset. i.Fill any missing data with the mean value of the respective column. v.Remove rows that contain any missing values. v.Group the data by the species of the flower. i.Calculate and display the mean, minimum, and maximum values of the Sepal length column. 2.Using the Cars Data (https://www.kaggle.com/datasets/nameeerafatima/toyotacsv) 
perform the following tasks: 
i.Create a scatter plot between the Age and Price of the cars to illustrate how the price 
decreases as the age of the car increases. i.Generate a histogram to show the frequency distribution of kilometers driven by the 
cars. i.Produce a bar plot to display the distribution of cars by fuel type. v.Create a pie chart to represent the percentage distribution of cars based on fuel types. v.Draw a box plot to visualize the distribution of car prices across different fuel types. 02 
 
Note: * Marks indicate the minimum required programs to be taken."
MHSSCE_00742,SEM-II-NEP2024.pdf,academic_document,122,3,,"a pie chart to represent the percentage distribution of cars based on fuel types. v.Draw a box plot to visualize the distribution of car prices across different fuel types. 02 
 
Note: * Marks indicate the minimum required programs to be taken.

Additional programs 
should be covered based on the student’s learning pace."
MHSSCE_00743,SEM-II-NEP2024.pdf,academic_document,123,1,,"172 
 
The goal of these experiments is to provide a structured approach to learning Python programming 
concepts. Instructors are encouraged to use these samples as a foundation and customize them to create 
engaging and effective learning experiences for the students. 
Assessment: 
Term Work: Term Work shall consist of at least 15 to 18 practicals based on the above list. Since the 
initial Python programs are small and straightforward, this allows for more practicals to be conducted, 
providing essential practice needed for mastering any programming language. 
Internal Practical Exam: Conduct an internal practical exam after completing the first three modules 
of the Python course to assess and ensure the learner's understanding. 
Term Work Marks: 25 Marks (Total marks) = 10 Marks (Experiment) + 10 Marks (Internal Practical 
Exam) + 5 Marks (Attendance) 
Practical& Oral Exam: An Oral & Practical exam will be held based on the above syllabus."
MHSSCE_00744,Sem-IV.pdf,academic_document,1,1,,"Semester Sta rt from: 6th Jan 2025 
MY /TIME 
'-10 
MINI PROJECT LAB 1B 
MON 
I 
MENTORING SESSION 
MINI PROJECT LAB IB 
1UE 
I 
MENTORING SESSION 
MINI PROJECT LAB IB 
WED 
/ 
MENTORING SESSION 
0S(l) 
lttR 
FS (402) 
aSCl) 
fill 
FS (402) 
<' 
W 
Time Table In-charge 
Er. Nafisa M_ Mapari 
Anjuman-Hslam's 
M. H. Saboo Siddik College of Engineering 
DEPARTMENT OF COMPUTER ENGINEERING 
Time llIble-FH 2025 lAY 2024--25) 
Semester-IV (Computer) ROOM NO: 402 
10-11 
11-12 
12-1 
1-2 
OS(l) 
DBMS(l) 
FS (402) 
WD(402) 
L 
MA1llS(l) 
MP(l) 
u 
DJS (402) 
NM (402) 
N 
C 
M.miS(l) 
MP(l) 
H 
DJS (402) 
NM (402) 
B 
R 
AOA(l) 
AOA(l) 
E 
WD(402) 
U (402) 
A 
K 
DBMS(l) 
S8L-PP(l) 
WD(402) 
fJB (402) 
I/e HoD 
Dr. Mohd Ahmed 
SEM IV Time Table FH-2025 
w_eJ: 6th Jan 2025 
2-3 
3.... 
4-5 
AOAL{P) WOoA P12 RA 
M.miS (TUTJ 
MPl{P) NM-B MPLAB ZS 
OSl{P) FS-C PU RA 
DJS-B (402) 
DBMSl(P) WOoA P12 RA 
MPl{P) NM-C MPLAB ZS 
M.miS(TUTJ 
OSl(P) FS-B PU RA 
DJS-C (402) 
DBMSl{P) WD-C P12 RA 
M.miS(TUTJ 
AOAL{P) U -8 PU RA 
SBL-PP(P) AB-A PROJLAB RA 
DJS-A (402) 
S8L-PP(P) A8-C PROJLAB RA 
MI NI PROJECT LAB IB 
OSl(P) FS-A PU RA 
/ 
DBMSl(P) WOoB P12 RA 
MENTORING SESSION 
MPl{P) NM-A MPLAB ZS 
MINI PROJECT LAB IB 
S8L-PP(P) AB-B PROJLAB RA 
I 
AOAL{P) WD-C P12 RA 
MENTORING SESSION"
MHSSCE_00745,Sem-VI.pdf,academic_document,1,1,2024-25,"Semester Stlrt from: 6th Jan 2025 
1M"" /1II\iE,.10 
MI NI PROJECT lAB 28 
MON 
/ 
MENTORING SESSION 
MINI PROJECT lAB 28 
TL£ 
/ 
MfNIORlNG SESSION 
MINI PROJECT lAB 28 
WED 
/ 
MENTORING SESSION 
MINI PROJECT LAB 28 
THII 
/ 
MENTORINGSESSION 
MINI PROJECT LAB 2B 
"",. 
/ 
MENTORING SESSION 
(\ 
~ 
Time Table /n-charge 
Er. Nafisa M. Mapari 
10-11 
MCql) 
FA (403) 
Anjuman-'-Islam's 
M. H. Saboo Siddik College of Engineering 
DEPARTMENT OF COMPUTER ENGINEERING 
Time Table-fH 2025 (AY 2024-251 
Semester- VI (Computer) ROOM NO: 403 
11-12 
12-1 
l -Z 
SPCC(l) 
CASS(l) 
NP (403) 
AS (403) 
L 
MINI PROJECT lAB 28 
AI~P) U-A MPlAB ZS 
U 
/ 
SBL-CC(P) fJS-C PROJlAB NR 
N 
MENlORING SESSION 
MC(4P) FI>r8 COPlAB 55 
C 
CASS(U 
MCqU 
H 
M(4031 
FA (403) 
B 
SBL-CqP) FI>rA COPLAB 55 
R 
DLOC 
E 
SEM VI Time Table FH-2025 
w.e.f: 6th Jan 2025 
2-3 
~ 
4-5 
AI(l) 
MC(4P) FI>rA CDPlAB 55 
SBL-CC(P) fJS-C PROJlAB RA 
U (403) 
SBL-cqP) MI>rB NWlAB NR 
MINI PROJECT lAB 28 
OLOCIOT(U 
FA (403) 
I 
MENlORI NG SESSI ON 
spcqU 
SBL-cqP) Ml>rA NWlAB NR 
NP (403) 
MC(4P) FI>rC CDPLAB 55 
SPC(4P) N~ 
MPLAB 2S 
SPCC(U 
~P) 
MA NWLAB NR 
SBL-CqP) NM-8 MPLAB 2S 
SPC(4P) NM-c CDPLAB 55 
CASS~PI AB-c NWLAB NR 
IOT(l)-FA (403) 
A 
NM (403) 
AI~P) U-B MPLAB 2S 
K 
CASS{U 
AI(U 
SPCC~P) NP-A CDPlAB 55 
MINI PROJECT lAB 28 
M(403) 
U (403) 
~P) 
MB NWLAB NR 
I 
AI~P) U-C PU RA 
MENlORI NG SESSI ON 
V 
I/e HoD 
!A, 
Dr. Mohd Ahmed 
Dr. 
nesh Kame"
MHSSCE_00746,Sem-VIII.pdf,academic_document,1,1,2024-25,"Semester Start from: 6th Jan 2025 
MY/11ME 
9-10 
MON 
1UE 
IIDqLJ 
EMAHR(206) 
WED 
PMSM (405) 
DBM DAW (202) 
IIDC(LJ 
EMAHR(403) 
THR 
PMSM(4OS) 
D8M DAW (202) 
FRI 
Time Table In-chalEe 
Er. Nafisa M. Mapari 
10-11 
Anjuman-I-Islam's 
M. H. Sa boo Siddlk College of Engineering 
DEPARTMENT OF COMPUTER ENGINEERING 
Time Table-FH 2025 lAY 2024-25) 
Semester- VIII (Computer) ROOM NO: 402 & 403 
11-12 
12-1 
1-2 
2-3 
SEM VIII Time Table FH-20: 
w.e.f: 6th Jan 2025 
3-4 
4-5 
MAJOR PROJECT 2 
MAJOR PROJECT 2 
DC(LJ 
SMA(LJ 
L 
DC~P) NP'{; CDPIAS SS 
S~P) AA-A NWIAS NR 
MENTORI NG SESSION 
NP (403) 
AA(403) 
U 
ADS~P) MA-B PROJIAS RA 
N 
DC~P) NP-A CDPIAS 55 
C 
H 
ADs(LJ 
SM~P) AA-B NWIAS NR 
MA(402) 
MENTORING SESSION 
ADS~P) MA-<: PU ZS 
B 
R 
SMA(LJ 
E 
DC(LJ 
AA(403) 
TPO TRAINING 
A 
NP(402) 
MENTORING SESSION 
K 
DC~P) NP-B CDPIAS 55 
ADS(LJ 
S~P) AA-<: NWIAS NR 
MENTORING SESSION 
ADS~P) MA-A PU ZS 
MA(403) 
I/e HoD 
Dr. Mohd Ahmed"
MHSSCE_00747,Student Grievance Redressal Committee.pdf,grievance,1,1,2026-2027,"Ret. No.:CE/Admn/ |2 Su/25 
Anjuman slam's 
M.H. SABOO SIDDIK COLLEGE OF ENGINEERING 
8 Saboo Sidik Polytechnic Road, Byculla, Mumbat: -400 008 
2. 
As per the AICTE regulation no. F. no.: 1-10/PGRC/AICTE/Regulation/2019 dated 7th 
November, 2019, Students Grievance Redressal Committee (SGRC) is constituted as under 
for the academic year 2025-26, 2026-2027. 
1. 
Dr. Pathan Mohd. Shafi (Principal) 
OFFICE ORDER 
Student Grievance Redressal Committee (SGRC) 
C.c to: 
STUDENT GRIEVANCE REDRESSAL COMMITTEE (SGRC) 
Mr. Shrinidhi Gindi, Assistant Professor (1.T.) 
3. 
Mrs. Nafisa M. Mapari, Assistant Professor (Comp. Engg.) 
4. Mr. Hannan Ravish Shemle, Student, T.E (Comp. Engg) 
Mob.:9967428321 
)JV. The Hon. Director 
4. I/c. F.E. 
Date: 
Dean (Academic affairs) 
E-mail to register the complaint is: grievance_students@mhssce.ac.in. 
3. All HODSs (Com/Mech/Auto/Civil/1T/Extc/AIML/oT) 
The Committee shall address the grievances received from the students and send the 
report with recommendations within the time of 15 days from the receipt of the complaint. 
5. Concerned faculties/College website 
23(1o|202:CHAIRPERSON:CONVENOR:MEMBER:MEMBER 
PRIKCIAÍS"
MHSSCE_00748,fee structure 2026-27.pdf,fee_structure,1,1,2026-2027,"ANJUMAN-I-ISLAM'S
M. H. SABOO SIDDIK COLLEGE OF ENGINEERING
8, Saboo Siddik Polytechnic Road, Byculla, Mumbai 400 008. FEE STRUCTURE FOR THE A. Y. 2026-2027
Sr.No. HEAD g| Fe SE TE BE
1 Tuition Fee * |1,40,527 | 1,36,607 | 1,25,564 1,24,210
| 2 Development fee _ * | 18,973 16,393 13,436 13,290
| Total Fee (Rs) 1,59,500 | 1,53,000 | 1,39,000 1,37,500
| - Total Fee:- MALE- OBC / EBC (Rs) 89,237 84,697 76,218 75,395
| Total Fee TFWS(Rs)- 18,973 16,393 | 13,436 13,290
Total Fee VJ/NT/SBC&CAP- FEMALE EBC/OBC etc(Rs.) 18,973 16,393 | 13,436 13,290
l Total Fee J&K/ GOI/PMSSS 24,000 24,000 | 24,000 24,000 | PAY FEES AS PER NOTICE THROUGH 1. BY DEMAND DRAFT - PAYABLE AT MUMBAI - IN FAVOUR OF- ""AIS MHSS COLLEGE OF ENGG""
2. BY CASH DEPOSIT AGAINS FEE RECEIPT IN DCB BANK, BRANCH - DCB BANK SABOO SIDDIK EXT. 3. BY ONLINE BANK TRASFER TO ""A/C NO. 05320100000027 & IFSC : DCBL0000053"" and Email to feeclerk@mbhssce.ac.in Notes: i. * Fees approved by “Fees Regulating Authority” Maharashtra for Academic Year 2026-2027. 2; https://mahadbt.maharashtra.gov.in. a. 100% Tuition Fee + Development Fee to CAP- SC/ST b. 100% Tuition Fees to CAP- VJ/NT/SBC & CAP-(Female)-EBC/OBC c. 50% Tuition Fees to CAP-(Male)-OBC/EBC we Government Authorities, students have to pay full fees as per the regular student fee structure. ¢ ee istrar Principal * Fee reimbursable from the Govt. of Maharashtra on valid registration and approved Application on the MahaDBT portal:"
MHSSCE_00749,fee structure 2026-27.pdf,fee_structure,1,2,2026-27,"we Government Authorities, students have to pay full fees as per the regular student fee structure. ¢ ee istrar Principal * Fee reimbursable from the Govt. of Maharashtra on valid registration and approved Application on the MahaDBT portal:

If the student does not apply to the authorities for reimbursement of fee or In case of non-sanction of Freeship / Scholarship from"
MHSSCE_00750,nirf2026.pdf,nirf,1,1,2024-25,"National Institutional Ranking Framework
Ministry of Education
Government of India
Welcome to Data Capturing System: ENGINEERING
Submitted Institute Data for NIRF'2026'
Institute Name: Anjuman-I-Islams M.H. Saboo Siddik College of Engineering 8-Shephard Road Mumbai 400 008 [IR-E-C-33770]
Sanctioned (Approved) Intake
Academic Year
2024-25
2023-24
2022-23
2021-22
2020-21
2019-20
UG [4 Years Program(s)]
420
420
420
420
-
-
Total Actual Student Strength (Program(s) Offered by Your Institution)
(All programs
of all years)
No. of Male
Students
No. of Female
Students
Total Students
Within State
(Including male
& female)
Outside State
(Including male
& female)
Outside
Country
(Including male
& female)
Economically
Backward
(Including male
& female)
Socially
Challenged
(SC+ST+OBC
Including male
& female)
No. of students
receiving full
tuition fee
reimbursement
from the State
and Central
Government
No. of students
receiving full
tuition fee
reimbursement
from Institution
Funds
No. of students
receiving full
tuition fee
reimbursement
from the Private
Bodies
No. of students
who are not
receiving full
tuition fee
reimbursement
UG [4 Years
Program(s)]
1271
266
1537
1498
39
0
761
123
205
0
0
679
Placement & Higher Studies
UG [4 Years Program(s)]: Placement & higher studies for previous 3 years
Academic Year
No. of first year
students intake in the
year
No. of first year
students admitted in
the year
Academic Year
No. of students
admitted through
Lateral entry
Academic Year
No."
MHSSCE_00751,nirf2026.pdf,nirf,1,2,2019-20,"Program(s)]: Placement & higher studies for previous 3 years
Academic Year
No. of first year
students intake in the
year
No. of first year
students admitted in
the year
Academic Year
No. of students
admitted through
Lateral entry
Academic Year
No.

of students
graduating in
minimum stipulated
time
No. of students
placed
Median salary of
placed
graduates(Amount in
Rs.)
No. of students
selected for Higher
Studies
2019-20
420
302
2020-21
121
2022-23
285
153
336000(Three Lakh
Thirty Six Thousand)
8
2020-21
420
362
2021-22
105
2023-24
312
91
350000(Three Lakh
Fifty Thousand)
10
2021-22
420
305
2022-23
132
2024-25
286
79
3550000(Three Lakh
Fifty five Thousand)
6
UG3 UG4: Placement & Higher Studies for previous 3 years
Ph.D Student Details (including Integrated Ph.D)
Ph.D (Student pursuing doctoral program till 2024-25 Students admitted in the academic year 2025-26 should not be entered here.)
Total Students
Full Time
0
Part Time
0
No. of Ph.D students graduated (including Integrated Ph.D)
2024-25
2023-24
2022-23"
MHSSCE_00752,nirf2026.pdf,nirf,2,1,2024-25,"Full Time
0
0
0
Part Time
0
0
0
Financial Resources: Utilised Amount for the Capital expenditure for previous 3 years
Academic Year
2024-25
2023-24
2022-23
Utilised Amount
Utilised Amount
Utilised Amount
Annual Capital Expenditure on Academic Activities and Resources (excluding expenditure on buildings)
Library ( Books, Journals and e-Resources only)
1919406 (Nineteen Lakh Nineteen Thousand Four Hundred
and Six)
2409521 (Twenty Four Lakh Nine Thousand Five Hundred
Twenty One)
3050768 (Thirty Lakh Fifty Thousand Seven Hundred Sixty
Eight)
New Equipment and software for Laboratories
172665 (One Lakh Seventy Two Thousand Six Hundred Sixty
five)
30455421 (Three Crore Four Lakh Fifty Five Thousand Four
Hundred and Twenty One)
831168 (Eight Lakh Thirty One Thousand One Hundred and
Sixty Eight)
Engineering Workshops
150340 (One Lakh Fifty Thousand Three Hundred and Fourty)
452979 (Four Lakh Fifty Two Thousand Nine Hundred and
Seventy Nine)
249294 (Two Lakh Forty Nine Thousand Two Hundred and
NinetyFour)
Other expenditure on creation of Capital Assets (For setting up
classrooms, seminar hall, conference hall, library, Lab, Engg
workshops excluding expenditure on Land and Building)
5415220 (Fifty Four Lakh Fifteen Thousand Two Hundred and
Twenty)
5384877 (Fifty Three Lakh Eighty Four Thousand Eight
Hundred and Seventy Seven)
2522916 (Twenty Five Lakh Twenty Two Thousand Nine
Hundred and Sixteen )
Financial Resources: Utilised Amount for the Operational expenditure for previous 3"
MHSSCE_00753,nirf2026.pdf,nirf,2,2,2024-25,"and
Twenty)
5384877 (Fifty Three Lakh Eighty Four Thousand Eight
Hundred and Seventy Seven)
2522916 (Twenty Five Lakh Twenty Two Thousand Nine
Hundred and Sixteen )
Financial Resources: Utilised Amount for the Operational expenditure for previous 3

d and
Twenty)
5384877 (Fifty Three Lakh Eighty Four Thousand Eight
Hundred and Seventy Seven)
2522916 (Twenty Five Lakh Twenty Two Thousand Nine
Hundred and Sixteen )
Financial Resources: Utilised Amount for the Operational expenditure for previous 3 years
Academic Year
2024-25
2023-24
2022-23
Utilised Amount
Utilised Amount
Utilised Amount
Annual Operational Expenditure
Salaries (Teaching and Non Teaching staff)
155697473 (Fifteen Crore Fifty Six Lakh Ninety Seven
Thousand Four Hundred Seventy Three)
143142097 (Fourteen Crore Thirty One Lakh Forty Two
Thousand Ninety Seven)
138146387 (Thirteen Crore Eighty One Lakh Forty Six
Thousand Three Hundred Eighty Seven)
Maintenance of Academic Infrastructure or consumables and
other running expenditures(excluding maintenance of hostels
and allied services,rent of the building, depreciation cost, etc)
44404754 (Four Crore Forty Four Lakh Four Thousand Seven
Hundred and Fifty Four)
34783878 (Three Crore Forty Seven Lakh Eighty Three
Thousand Eight Hundred Seventy Eight)
49819723 (Four Crore Ninety Eight Lakh Nineteen Thousand
Seven Hundred Twenty Three)
Seminars/Conferences/Workshops
0 (Zero)
0 (Zero)
0 (Zero)
IPR
Calendar year
2024
2023
2022
No. of Patents Published
13
0
0
No. of Patents Granted
0
0
0
Sponsored Research Details
Financial Year
2024-25
2023-24
2022-23
Total no. of Sponsored Projects
0
0
0
Total no. of Funding Agencies
0
0
0
Total Amount Received (Amount in Rupees)
0
0
0
Amount Received in Words
Zero
Zero
Zero"
MHSSCE_00754,nirf2026.pdf,nirf,3,1,2024-25,"Consultancy Project Details
Financial Year
2024-25
2023-24
2022-23
Total no. of Consultancy Projects
1
0
0
Total no. of Client Organizations
1
0
0
Total Amount Received (Amount in Rupees)
425486
0
0
Amount Received in Words
Four Lakh Twenty five Thousand Four Hundred Eighty Six
Zero
Zero
PCS Facilities: Facilities of physically challenged students
1. Do your institution buildings have Lifts/Ramps? Yes, more than 60% of the buildings
2. Do your institution have provision for walking aids, including wheelchairs and transportation from one building to another for
handicapped students? No
3. Do your institution buildings have specially designed toilets for handicapped students? Yes, less than 40% of the buildings
Faculty Details2
Srno
Name
Designation
Gender
Qualification
Experience (In
Months)
Currently working
with institution? Joining Date
Leaving Date
Association type
1
Mr NAFEES AHMED
MOHAMMED SHAMIM
KHAN
Assistant Professor
Male
M.E. 121
Yes
11-06-2015
--
Regular
2
Mr AHMEDHASAN
MUQUIMUDDIN
SAYYED
Assistant Professor
Male
M.E. 120
Yes
13-07-2015
--
Regular
3
Dr ZAKIR
CHAUDHARY
Associate Professor
Male
Ph.D
396
Yes
11-07-1992
--
Regular
4
Dr AHMAD AHRAR
Assistant Professor
Male
Ph.D
347
Yes
14-08-1996
--
Regular
5
Mr MOHAMMAD
AINUL HAQ USMANI
Assistant Professor
Male
M.E. 333
Yes
28-10-1997
--
Regular
6
Dr IBRAHIM ISMAIL
SHAIKH
Assistant Professor
Male
Ph.D
269
Yes
03-02-2003
--
Regular
7
Mr ABUBAKAR
GAIBUSAB GALAGALI
Assistant Professor
Male
M.E."
MHSSCE_00755,nirf2026.pdf,nirf,3,2,,"MOHAMMAD
AINUL HAQ USMANI
Assistant Professor
Male
M.E. 333
Yes
28-10-1997
--
Regular
6
Dr IBRAHIM ISMAIL
SHAIKH
Assistant Professor
Male
Ph.D
269
Yes
03-02-2003
--
Regular
7
Mr ABUBAKAR
GAIBUSAB GALAGALI
Assistant Professor
Male
M.E.

269
Yes
10-02-2003
--
Regular
8
Dr ANUP NARAYAN
CHAWAN
Assistant Professor
Male
Ph.D
191
Yes
28-08-2009
--
Regular
9
Mrs FARHEEN
DAWOOD BOBERE
Assistant Professor
Female
M.E. 220
Yes
01-03-2007
--
Regular
10
Dr GANESH
SHAMRAO KAME
Professor
Male
Ph.D
326
Yes
01-01-2013
--
Regular
11
Dr SHAGUFTA SAJID
SAYED
Associate Professor
Female
Ph.D
262
Yes
17-11-2006
--
Regular
12
Mr ATEEQUE KHAN
Assistant Professor
Male
M.E. 353
Yes
14-08-1996
--
Regular
13
Mr MOHAMMAD RAFI
KHAN
Assistant Professor
Male
M.Tech
359
Yes
21-08-1995
--
Regular"
MHSSCE_00756,nirf2026.pdf,nirf,4,1,,"14
Mr ASIF MAZHAR
ANSARI
Assistant Professor
Male
M.E. 334
Yes
16-09-1997
--
Regular
15
Dr UMA SANTOSH
KALE
Assistant Professor
Female
Ph.D
221
Yes
24-08-2009
--
Regular
16
Dr DOULAT
MULCHAND
CHAINANI
Assistant Professor
Male
Ph.D
300
Yes
23-07-2007
--
Regular
17
Mrs RABIA SAMEEN
Assistant Professor
Female
M.Tech
204
Yes
25-06-2011
--
Regular
18
Mr SHABBIR GULAM
ABBAS
BURHANPURWALA
Assistant Professor
Male
M.Tech
168
Yes
15-07-2011
--
Regular
19
Mrs ATIYABANU
IMTIYAJ YAKKUNDI
Assistant Professor
Female
M.E. 216
Yes
16-08-2011
--
Regular
20
Dr ASHFAQ AMIR
SHAIKH
Associate Professor
Male
Ph.D
300
Yes
11-01-2013
--
Regular
21
Ms AHLAM SHAKEEL
AHMED ANSARI
Assistant Professor
Female
M.E. 208
Yes
28-08-2009
--
Regular
22
Dr NAZNEEN AMJAD
PENDHARI
Assistant Professor
Female
Ph.D
291
Yes
01-01-2003
--
Regular
23
Dr MOHAMMED
AHMED ABDUL
MANNAN MANNAN
Assistant Professor
Male
Ph.D
229
Yes
03-06-2006
--
Regular
24
Mrs FARHANA
ZUBAIR SIDDIQUI
Assistant Professor
Female
M.Tech
294
Yes
01-02-2003
--
Regular
25
Mrs WAHEEDA ADAM
DHOKLEY
Assistant Professor
Female
M.E. 227
Yes
07-08-2006
--
Regular
26
Mrs SHABANA
LALKHA SHAIKH
Assistant Professor
Female
M.E. 229
Yes
03-06-2006
--
Regular
27
Dr MOHD LUTFUL
ISLAM M MOHD
NURUL ISLAM
Assistant Professor
Male
Ph.D
216
Yes
23-07-2007
--
Regular
28
Mrs FATIMA M IQBAL
ANSARI
Assistant Professor
Female
M.E. 216
Yes
23-07-2007
--
Regular
29
Mrs NAFISA MAJID
MAPARI
Assistant Professor
Female
M.E."
MHSSCE_00757,nirf2026.pdf,nirf,4,2,,"MOHD LUTFUL
ISLAM M MOHD
NURUL ISLAM
Assistant Professor
Male
Ph.D
216
Yes
23-07-2007
--
Regular
28
Mrs FATIMA M IQBAL
ANSARI
Assistant Professor
Female
M.E. 216
Yes
23-07-2007
--
Regular
29
Mrs NAFISA MAJID
MAPARI
Assistant Professor
Female
M.E.

204
Yes
01-08-2008
--
Regular
30
Mr ANAND
MALLIKARJUN BALI
Assistant Professor
Male
M.E. 269
Yes
01-02-2003
--
Regular
31
Mr ASADULLAH
PEER MOHAMMED
SHAIKH
Assistant Professor
Male
M.E. 285
Yes
16-08-2008
--
Regular
32
Dr ASHOK
ANANDRAO DHALE
Professor
Male
Ph.D
372
Yes
24-08-2016
--
Regular
33
Dr NILESH
PANDHARINATH
GHONGADE
Associate Professor
Male
Ph.D
264
Yes
10-01-2017
--
Regular
34
Dr PARVEZ M
ASLAM WAGHOO
Associate Professor
Male
Ph.D
180
Yes
26-08-2009
--
Regular
35
Dr SHAHUSAIN SHA
ALI HUSAINI
MAGHRABI
Assistant Professor
Male
Ph.D
288
Yes
21-08-2010
--
Regular"
MHSSCE_00758,nirf2026.pdf,nirf,5,1,,"36
Dr JAVED HABIB
SHAIKH
Assistant Professor
Male
Ph.D
168
Yes
02-02-2016
--
Regular
37
Mr ANNASAHEB
HARIDAS JAGTAP
Assistant Professor
Male
M.E. 288
Yes
16-08-2007
--
Regular
38
Dr AMEY SURESH
WAGH
Assistant Professor
Male
Ph.D
228
Yes
21-08-2010
--
Regular
39
Mr PRADEEP
SAMARATH YADAV
Assistant Professor
Male
M.E. 144
Yes
11-06-2015
--
Regular
40
Mr SHAHAB AHMED
MOHAMMED HANIF
DABIR
Assistant Professor
Male
M.E. 144
Yes
11-06-2015
--
Regular
41
Dr ZAINAB MIRZA
Assistant Professor
Female
Ph.D
269
Yes
05-02-2003
--
Regular
42
Mr SHRINIDHI
ARVINDRAO GINDI
Assistant Professor
Male
M.E. 341
Yes
14-01-1999
--
Regular
43
Dr SHABINA SHOEB
AHMED ANSARI
SAYED
Assistant Professor
Female
Ph.D
229
Yes
17-11-2006
--
Regular
44
Mrs FARIDA JAVED
ATTAR
Assistant Professor
Female
M.Tech
163
Yes
25-06-2011
--
Regular
45
Mrs FARZANA ZAKIR
SHAIKH
Assistant Professor
Female
M.E. 121
Yes
10-06-2015
--
Regular
46
Mrs SWATI VIJAY
GURAV
Assistant Professor
Female
M.E. 121
Yes
10-06-2015
--
Regular
47
Mr UJVAL GOPAL
CHAUDHARI
Associate Professor
Male
M.Tech
438
Yes
17-06-1991
--
Regular
48
Mr MAHAMAD JAVED
TAR MAHAMAD TAILI
Assistant Professor
Male
M.E. 334
Yes
06-10-1997
--
Regular
49
Mr AMAR
SURESHRAO
PAWADE
Assistant Professor
Male
M.E. 295
Yes
06-08-2008
--
Regular
50
Dr CHAITALI
NANDKUMAR
MAHAJAN
Assistant Professor
Female
Ph.D
240
Yes
01-03-2007
--
Regular
51
Mrs ARSHI ARIF
KHAN
Assistant Professor
Female
M.E."
MHSSCE_00759,nirf2026.pdf,nirf,5,2,,"AMAR
SURESHRAO
PAWADE
Assistant Professor
Male
M.E. 295
Yes
06-08-2008
--
Regular
50
Dr CHAITALI
NANDKUMAR
MAHAJAN
Assistant Professor
Female
Ph.D
240
Yes
01-03-2007
--
Regular
51
Mrs ARSHI ARIF
KHAN
Assistant Professor
Female
M.E.

221
Yes
01-03-2007
--
Regular
52
Mr PARMATMA
PRASAD PANDEY
Assistant Professor
Male
M.E. 258
Yes
23-07-2007
--
Regular
53
Mrs NASHEET TARIK
Assistant Professor
Female
M.E. 216
Yes
01-08-2007
--
Regular
54
Dr TARANNUM
MUZAFFAR SHAIKH
Assistant Professor
Female
Ph.D
204
Yes
19-10-2010
--
Regular
55
Dr RAVINDRA
CHANDU PATIL
Associate Professor
Male
Ph.D
252
Yes
01-03-2016
--
Regular
56
Mr ABDUL SAYEED
SATTAR ABDUL
SATTAR
Assistant Professor
Male
M.E. 408
Yes
27-09-1996
--
Regular
57
Mrs RIHANA GULAM
MOHD JAMADAR
Assistant Professor
Female
M.E. 191
Yes
28-08-2009
--
Regular
58
Dr NAYANA RAMDAS
CHASKAR
Assistant Professor
Female
Ph.D
204
Yes
02-06-2008
--
Regular"
MHSSCE_00760,nirf2026.pdf,nirf,6,1,,"59
Mrs NABANITA NATH
CHOWDHURY
Assistant Professor
Female
M.Tech
219
Yes
15-07-2011
--
Regular
60
Dr AMOL
SHASHIKANT
SANKPAL
Assistant Professor
Male
Ph.D
168
Yes
26-07-2011
--
Regular
61
Mr AWIJ ALAM
RAMJAN SHAIKH
Assistant Professor
Male
M.E. 172
Yes
26-12-2013
--
Regular
62
Mr FEIROZ FAKIR
AHMED SHAIKH
Assistant Professor
Male
M.E."
MHSSCE_00761,nirf2026.pdf,nirf,6,2,,"AMOL
SHASHIKANT
SANKPAL
Assistant Professor
Male
Ph.D
168
Yes
26-07-2011
--
Regular
61
Mr AWIJ ALAM
RAMJAN SHAIKH
Assistant Professor
Male
M.E. 172
Yes
26-12-2013
--
Regular
62
Mr FEIROZ FAKIR
AHMED SHAIKH
Assistant Professor
Male
M.E.

222
Yes
01-07-2015
--
Regular
63
Dr IQBAL AHMED
SHAIKH
Associate Professor
Male
Ph.D
379
Yes
01-12-1993
--
Regular
64
Mrs SHELY
ABRAHAM
Assistant Professor
Female
MSc(Mathematics)
372
Yes
01-07-1994
--
Regular
65
Dr ASARAR TAHER
PATHAN
Assistant Professor
Male
Ph.D
330
Yes
30-04-1999
--
Regular
66
Dr JAWED ABDUL
GAFUR SHAIKH
Assistant Professor
Male
Ph.D
239
Yes
08-01-2008
--
Regular
67
Mr MOHAMMED
ZUBAIR MOHAMMED
JABIR
Assistant Professor
Male
MSc(Mathematics)
216
Yes
23-07-2007
--
Regular
68
 Mrs PAPIA NAWAZ
SYED
Assistant Professor
Female
MSc(Mathematics)
224
Yes
01-03-2007
--
Regular
69
Mrs MEHJABEEN
IZHAR AHMED IZHAR
AHMED
Assistant Professor
Female
MSc(Mathematics)
264
Yes
23-07-2007
--
Regular
70
Dr RATNA VIVEK
PANVEKAR
Assistant Professor
Female
Ph.D
264
Yes
01-08-2008
--
Regular
71
Dr ADIL IQBAL
KHATRI
Assistant Professor
Male
Ph.D
121
Yes
11-06-2015
--
Regular
72
Mrs NAELA ABDUL
RAZZAQE SHAIKH
Assistant Professor
Female
SET
216
Yes
19-07-2023
--
Regular
73
Mrs FIRDOUS
PARVEEN
MOHAMMED ASIF
SHAIKH
Assistant Professor
Female
SET
216
Yes
02-08-2023
--
Regular
74
Mr AMOL JADHAV
Assistant Professor
Male
SET
168
Yes
30-07-2019
--
Adhoc / Contractual
75
Dr IRFAN
ABDULGANI LANDGE
Assistant Professor
Male
Ph.D
319
Yes
28-01-1999
--
Regular
76
Mrs Samana Jafri
Assistant Professor
Female
M.Tech
216
Yes
18-10-2007
--
Regular
77
Mrs Pragati Pal
Assistant Professor
Female
M.E. 276
Yes
02-06-2008
--
Regular
78
Mr Zafar Khan
Assistant Professor
Male
M.E."
MHSSCE_00762,nirf2026.pdf,nirf,6,3,,"Samana Jafri
Assistant Professor
Female
M.Tech
216
Yes
18-10-2007
--
Regular
77
Mrs Pragati Pal
Assistant Professor
Female
M.E. 276
Yes
02-06-2008
--
Regular
78
Mr Zafar Khan
Assistant Professor
Male
M.E.

182
Yes
13-12-2012
--
Regular
79
Ms GHAZALA
SAFDAR AHMED
KHAN
Assistant Professor
Female
M.Tech
21
Yes
16-02-2025
--
Adhoc / Contractual
80
Ms MEHEK MOHD
MERAJ QURESHI
Assistant Professor
Female
M.Tech
10
Yes
14-07-2025
--
Adhoc / Contractual
81
Mr ROHAAN QADEER
KHAN
Assistant Professor
Male
M.Tech
18
Yes
07-07-2025
--
Adhoc / Contractual"
MHSSCE_00763,nirf2026.pdf,nirf,7,1,,"82
Dr JILANI IBRAHIM
SAYYAD
Professor
Male
Ph.D
102
No
05-01-2017
10-01-2025
Regular
83
Mr ZAHEER ABDUL
ALIM KHAN
Associate Professor
Male
M.E.
443
No
08-08-1988
30-11-2024
Regular
84
Mr MOHAMMED
AQUIL
Assistant Professor
Male
M.E.
179
No
04-12-2010
30-06-2025
Regular
85
Mrs AFSHAN ANSARI
Assistant Professor
Female
M.Sc.
203
No
01-08-2008
06-01-2025
Regular
86
Mrs SANAM SALMAN
KAZI
Assistant Professor
Female
M.E.
179
No
24-08-2010
13-08-2024
Regular
87
Mr MUQUEET
HUSAIN ANSARI
Assistant Professor
Male
M.E.
137
No
13-02-2014
21-03-2025
Regular
88
Mr FAIZ ZAKERIYA
RANGARI
Assistant Professor
Male
M.E.
191
No
24-08-2009
21-03-2025
Regular"
